user_id,friend_id,is_friend,common_friends_count,user_demographics_sex,user_demographics_age,user_demographics_city,user_education_career_education_university,user_education_career_education_faculty,friend_demographics_sex,friend_demographics_age,friend_demographics_city,friend_education_career_education_university,friend_education_career_education_faculty
258814756,130746686,1,2,мужской,22.0,Москва,Неизвестно,Неизвестно,мужской,22.0,Москва,Неизвестно,Неизвестно
258814756,220291482,1,6,мужской,22.0,Москва,Неизвестно,Неизвестно,мужской,22.0,Москва,РТУ МИРЭА,Институт информационных технологий
258814756,232437875,1,4,мужской,22.0,Москва,Неизвестно,Неизвестно,мужской,21.0,Москва,Неизвестно,Неизвестно
258814756,263573863,1,4,мужской,22.0,Москва,Неизвестно,Неизвестно,мужской,22.0,Москва,Неизвестно,Неизвестно
258814756,294222328,1,0,мужской,22.0,Москва,Неизвестно,Неизвестно,мужской,22.0,Бердск,Неизвестно,Неизвестно
258814756,306509984,1,0,мужской,22.0,Москва,Неизвестно,Неизвестно,мужской,22.0,Москва,Неизвестно,Неизвестно
258814756,325462157,1,4,мужской,22.0,Москва,Неизвестно,Неизвестно,мужской,22.0,Москва,Неизвестно,Неизвестно
258814756,337236344,1,2,мужской,22.0,Москва,Неизвестно,Неизвестно,мужской,22.0,Москва,Неизвестно,Неизвестно
258814756,338121069,1,6,мужской,22.0,Москва,Неизвестно,Неизвестно,мужской,22.0,Москва,Неизвестно,Неизвестно
258814756,342077835,1,1,мужской,22.0,Москва,Неизвестно,Неизвестно,женский,22.0,Москва,Неизвестно,Неизвестно
258814756,357593443,1,1,мужской,22.0,Москва,Неизвестно,Неизвестно,мужской,22.0,Fukuoka,Неизвестно,Неизвестно
258814756,365320601,1,4,мужской,22.0,Москва,Неизвестно,Неизвестно,женский,22.0,Москва,МИРЭА (до 2015),Факультет информационных технологий
258814756,435357753,1,2,мужской,22.0,Москва,Неизвестно,Неизвестно,женский,22.0,Москва,РТУ МИРЭА,Институт информационных технологий
258814756,439146588,1,4,мужской,22.0,Москва,Неизвестно,Неизвестно,мужской,22.0,Москва,РТУ МИРЭА,Институт информационных технологий
258814756,481253563,1,8,мужской,22.0,Москва,Неизвестно,Неизвестно,мужской,21.0,Москва,РТУ МИРЭА,Институт информационных технологий
292134122,165376388,1,0,мужской,22.0,Москва,Неизвестно,Неизвестно,мужской,22.0,Москва,Неизвестно,Неизвестно
292134122,176943398,1,1,мужской,22.0,Москва,Неизвестно,Неизвестно,мужской,22.0,Бронницы,Неизвестно,Неизвестно
292134122,322986299,1,1,мужской,22.0,Москва,Неизвестно,Неизвестно,женский,22.0,Москва,Неизвестно,Неизвестно
292134122,818872577,1,0,мужской,22.0,Москва,Неизвестно,Неизвестно,женский,22.0,Москва,Неизвестно,Неизвестно
154151541,4561245,1,3,мужской,22.0,Химки,Неизвестно,Неизвестно,женский,22.0,Химки,Неизвестно,Неизвестно
154151541,13480453,1,0,мужской,22.0,Химки,Неизвестно,Неизвестно,женский,22.0,Москва,Неизвестно,Неизвестно
154151541,20341211,1,0,мужской,22.0,Химки,Неизвестно,Неизвестно,мужской,22.0,Москва,Неизвестно,Неизвестно
154151541,37650604,1,1,мужской,22.0,Химки,Неизвестно,Неизвестно,мужской,22.0,Москва,Неизвестно,Неизвестно
154151541,49113389,1,0,мужской,22.0,Химки,Неизвестно,Неизвестно,мужской,22.0,Москва,Неизвестно,Неизвестно
154151541,50391059,1,7,мужской,22.0,Химки,Неизвестно,Неизвестно,мужской,72.0,Москва,МГУ,Философский
154151541,69110189,1,16,мужской,22.0,Химки,Неизвестно,Неизвестно,женский,25.0,Москва,РТУ МИРЭА,Неизвестно
154151541,80421291,1,2,мужской,22.0,Химки,Неизвестно,Неизвестно,женский,22.0,Москва,РХТУ им. Д. И. Менделеева,Факультет химико-фармацевтических технологий и биомедицинских препаратов
154151541,87224583,1,7,мужской,22.0,Химки,Неизвестно,Неизвестно,мужской,22.0,Химки,Неизвестно,Неизвестно
154151541,91478379,1,2,мужской,22.0,Химки,Неизвестно,Неизвестно,женский,22.0,Paris,Неизвестно,Неизвестно
154151541,93944075,1,0,мужской,22.0,Химки,Неизвестно,Неизвестно,мужской,27.0,Москва,Неизвестно,Неизвестно
154151541,99138057,1,11,мужской,22.0,Химки,Неизвестно,Неизвестно,мужской,40.0,Москва,МГУПИ,Институт высоких технологий
154151541,112120311,1,12,мужской,22.0,Химки,Неизвестно,Неизвестно,мужской,22.0,Москва,Неизвестно,Неизвестно
154151541,125354026,1,0,мужской,22.0,Химки,Неизвестно,Неизвестно,мужской,22.0,Санкт-Петербург,Неизвестно,Неизвестно
154151541,143677868,1,5,мужской,22.0,Химки,Неизвестно,Неизвестно,женский,24.0,Москва,Неизвестно,Неизвестно
154151541,144881881,1,0,мужской,22.0,Химки,Неизвестно,Неизвестно,мужской,22.0,Качалино,Неизвестно,Неизвестно
154151541,146511992,1,8,мужской,22.0,Химки,Неизвестно,Неизвестно,женский,22.0,Москва,МГИМО МИД России,Неизвестно
154151541,154110170,1,3,мужской,22.0,Химки,Неизвестно,Неизвестно,мужской,22.0,Москва,Неизвестно,Неизвестно
154151541,158445696,1,13,мужской,22.0,Химки,Неизвестно,Неизвестно,женский,22.0,Москва,РТУ МИРЭА,Институт информационных технологий
154151541,163823935,1,18,мужской,22.0,Химки,Неизвестно,Неизвестно,мужской,22.0,Подольск,РТУ МИРЭА,Институт информационных технологий
154151541,168265890,1,0,мужской,22.0,Химки,Неизвестно,Неизвестно,мужской,22.0,Москва,Неизвестно,Неизвестно
154151541,171888881,1,8,мужской,22.0,Химки,Неизвестно,Неизвестно,мужской,23.0,Одинцово,Неизвестно,Неизвестно
154151541,174111046,1,17,мужской,22.0,Химки,Неизвестно,Неизвестно,женский,22.0,Москва,Неизвестно,Неизвестно
154151541,174135567,1,2,мужской,22.0,Химки,Неизвестно,Неизвестно,мужской,23.0,Ōfunato,Неизвестно,Неизвестно
154151541,175100020,1,7,мужской,22.0,Химки,Неизвестно,Неизвестно,мужской,22.0,Москва,РТУ МИРЭА,Институт информационных технологий
154151541,177346603,1,0,мужской,22.0,Химки,Неизвестно,Неизвестно,мужской,22.0,Старый Оскол,Неизвестно,Неизвестно
154151541,177512785,1,2,мужской,22.0,Химки,Неизвестно,Неизвестно,мужской,22.0,Москва,РТУ МИРЭА,Неизвестно
154151541,178325795,1,5,мужской,22.0,Химки,Неизвестно,Неизвестно,мужской,22.0,Москва,РТУ МИРЭА,Неизвестно
154151541,184572109,1,5,мужской,22.0,Химки,Неизвестно,Неизвестно,женский,22.0,Москва,Неизвестно,Неизвестно
154151541,185888968,1,7,мужской,22.0,Химки,Неизвестно,Неизвестно,мужской,22.0,Москва,Неизвестно,Неизвестно
154151541,187140484,1,0,мужской,22.0,Химки,Неизвестно,Неизвестно,мужской,22.0,Евпатория,Неизвестно,Неизвестно
154151541,191557938,1,0,мужской,22.0,Химки,Неизвестно,Неизвестно,мужской,22.0,Одинцово,Неизвестно,Неизвестно
154151541,192393433,1,0,мужской,22.0,Химки,Неизвестно,Неизвестно,мужской,26.0,Пенза,Неизвестно,Неизвестно
154151541,195211764,1,0,мужской,22.0,Химки,Неизвестно,Неизвестно,мужской,22.0,Москва,Неизвестно,Неизвестно
154151541,198752426,1,2,мужской,22.0,Химки,Неизвестно,Неизвестно,женский,22.0,Toronto,Неизвестно,Неизвестно
154151541,202363248,1,0,мужской,22.0,Химки,Неизвестно,Неизвестно,женский,22.0,Рязань,Неизвестно,Неизвестно
154151541,203874757,1,0,мужской,22.0,Химки,Неизвестно,Неизвестно,мужской,22.0,Москва,Неизвестно,Неизвестно
154151541,209508780,1,6,мужской,22.0,Химки,Неизвестно,Неизвестно,женский,22.0,Москва,Неизвестно,Неизвестно
154151541,210813066,1,3,мужской,22.0,Химки,Неизвестно,Неизвестно,мужской,22.0,Москва,РТУ МИРЭА,Неизвестно
154151541,212060697,1,0,мужской,22.0,Химки,Неизвестно,Неизвестно,женский,23.0,Москва,Неизвестно,Неизвестно
154151541,221167855,1,0,мужской,22.0,Химки,Неизвестно,Неизвестно,женский,22.0,Москва,Неизвестно,Неизвестно
154151541,221280561,1,8,мужской,22.0,Химки,Неизвестно,Неизвестно,женский,22.0,Химки,Неизвестно,Неизвестно
154151541,221684247,1,7,мужской,22.0,Химки,Неизвестно,Неизвестно,женский,22.0,Москва,Неизвестно,Неизвестно
154151541,225632479,1,6,мужской,22.0,Химки,Неизвестно,Неизвестно,мужской,22.0,Москва,Неизвестно,Неизвестно
154151541,227234115,1,5,мужской,22.0,Химки,Неизвестно,Неизвестно,мужской,22.0,Москва,МГТУ им. Н. Э. Баумана (бывш. МВТУ),Неизвестно
154151541,230631594,1,7,мужской,22.0,Химки,Неизвестно,Неизвестно,мужской,22.0,Химки,Неизвестно,Неизвестно
154151541,238444902,1,4,мужской,22.0,Химки,Неизвестно,Неизвестно,женский,22.0,Москва,Неизвестно,Неизвестно
154151541,241984007,1,4,мужской,22.0,Химки,Неизвестно,Неизвестно,мужской,56.0,Москва,Неизвестно,Неизвестно
154151541,246872239,1,18,мужской,22.0,Химки,Неизвестно,Неизвестно,мужской,21.0,Москва,РТУ МИРЭА,Институт информационных технологий
154151541,248922122,1,0,мужской,22.0,Химки,Неизвестно,Неизвестно,мужской,21.0,Москва,Неизвестно,Неизвестно
154151541,254249175,1,7,мужской,22.0,Химки,Неизвестно,Неизвестно,мужской,21.0,Пенза,РТУ МИРЭА,Неизвестно
154151541,255552012,1,6,мужской,22.0,Химки,Неизвестно,Неизвестно,женский,22.0,Москва,"Президентская академия (РАНХиГС, бывш. АНХ)",Неизвестно
154151541,265111970,1,3,мужской,22.0,Химки,Неизвестно,Неизвестно,мужской,22.0,Москва,РТУ МИРЭА,Институт информационных технологий
154151541,269388306,1,5,мужской,22.0,Химки,Неизвестно,Неизвестно,мужской,22.0,Москва,Неизвестно,Неизвестно
154151541,270809295,1,0,мужской,22.0,Химки,Неизвестно,Неизвестно,мужской,19.0,Москва,Неизвестно,Неизвестно
154151541,272517123,1,3,мужской,22.0,Химки,Неизвестно,Неизвестно,женский,23.0,Химки,РХТУ им. Д. И. Менделеева,Неизвестно
154151541,273596951,1,6,мужской,22.0,Химки,Неизвестно,Неизвестно,мужской,22.0,Москва,РТУ МИРЭА,Неизвестно
154151541,275267938,1,6,мужской,22.0,Химки,Неизвестно,Неизвестно,мужской,22.0,Таганрог,Неизвестно,Неизвестно
154151541,276082772,1,2,мужской,22.0,Химки,Неизвестно,Неизвестно,мужской,22.0,Москва,РЭУ им. Г. В. Плеханова,Факультет бизнеса «Капитаны»
154151541,276400143,1,0,мужской,22.0,Химки,Неизвестно,Неизвестно,мужской,21.0,Москва,Неизвестно,Неизвестно
154151541,281641201,1,1,мужской,22.0,Химки,Неизвестно,Неизвестно,мужской,25.0,Москва,РТУ МИРЭА,Институт информационных технологий
154151541,282323463,1,0,мужской,22.0,Химки,Неизвестно,Неизвестно,мужской,22.0,Москва,Неизвестно,Неизвестно
154151541,283576464,1,0,мужской,22.0,Химки,Неизвестно,Неизвестно,женский,22.0,Симферополь,Неизвестно,Неизвестно
154151541,283922767,1,0,мужской,22.0,Химки,Неизвестно,Неизвестно,мужской,21.0,Москва,Неизвестно,Неизвестно
154151541,286877958,1,13,мужской,22.0,Химки,Неизвестно,Неизвестно,мужской,22.0,Москва,Неизвестно,Неизвестно
154151541,319349113,1,0,мужской,22.0,Химки,Неизвестно,Неизвестно,мужской,22.0,Жуковский,Неизвестно,Неизвестно
154151541,327733536,1,3,мужской,22.0,Химки,Неизвестно,Неизвестно,женский,21.0,Москва,Неизвестно,Неизвестно
154151541,330856466,1,0,мужской,22.0,Химки,Неизвестно,Неизвестно,мужской,22.0,Москва,Неизвестно,Неизвестно
154151541,337418663,1,7,мужской,22.0,Химки,Неизвестно,Неизвестно,мужской,22.0,Санкт-Петербург,РТУ МИРЭА,Институт информационных технологий
154151541,342243498,1,9,мужской,22.0,Химки,Неизвестно,Неизвестно,мужской,22.0,Москва,Неизвестно,Неизвестно
154151541,342258015,1,0,мужской,22.0,Химки,Неизвестно,Неизвестно,мужской,22.0,Химки,Неизвестно,Неизвестно
154151541,345307505,1,0,мужской,22.0,Химки,Неизвестно,Неизвестно,мужской,22.0,Berlin,Неизвестно,Неизвестно
154151541,346144945,1,1,мужской,22.0,Химки,Неизвестно,Неизвестно,мужской,20.0,Москва,Неизвестно,Неизвестно
154151541,350840991,1,11,мужской,22.0,Химки,Неизвестно,Неизвестно,мужской,22.0,Москва,Неизвестно,Неизвестно
154151541,359178717,1,19,мужской,22.0,Химки,Неизвестно,Неизвестно,мужской,22.0,Москва,Неизвестно,Неизвестно
154151541,359942285,1,0,мужской,22.0,Химки,Неизвестно,Неизвестно,мужской,21.0,Москва,РТУ МИРЭА,Институт информационных технологий
154151541,361386011,1,1,мужской,22.0,Химки,Неизвестно,Неизвестно,мужской,22.0,Москва,Неизвестно,Неизвестно
154151541,363088358,1,3,мужской,22.0,Химки,Неизвестно,Неизвестно,женский,22.0,Москва,Неизвестно,Неизвестно
154151541,368048152,1,2,мужской,22.0,Химки,Неизвестно,Неизвестно,мужской,22.0,Москва,Неизвестно,Неизвестно
154151541,372566434,1,5,мужской,22.0,Химки,Неизвестно,Неизвестно,мужской,22.0,Москва,Неизвестно,Неизвестно
154151541,381065555,1,1,мужской,22.0,Химки,Неизвестно,Неизвестно,мужской,22.0,Москва,РТУ МИРЭА,Неизвестно
154151541,387143718,1,2,мужской,22.0,Химки,Неизвестно,Неизвестно,мужской,22.0,Москва,Неизвестно,Неизвестно
154151541,387516654,1,0,мужской,22.0,Химки,Неизвестно,Неизвестно,мужской,20.0,Москва,Неизвестно,Неизвестно
154151541,394100799,1,8,мужской,22.0,Химки,Неизвестно,Неизвестно,мужской,20.0,Москва,РТУ МИРЭА,Институт информационных технологий
154151541,395426263,1,1,мужской,22.0,Химки,Неизвестно,Неизвестно,мужской,22.0,Москва,Неизвестно,Неизвестно
154151541,395645310,1,2,мужской,22.0,Химки,Неизвестно,Неизвестно,мужской,22.0,Москва,Неизвестно,Неизвестно
154151541,410472515,1,13,мужской,22.0,Химки,Неизвестно,Неизвестно,мужской,22.0,Королёв,РТУ МИРЭА,Неизвестно
154151541,413446243,1,0,мужской,22.0,Химки,Неизвестно,Неизвестно,мужской,53.0,Москва,Неизвестно,Неизвестно
154151541,419168599,1,8,мужской,22.0,Химки,Неизвестно,Неизвестно,мужской,22.0,Москва,Неизвестно,Неизвестно
154151541,425382019,1,11,мужской,22.0,Химки,Неизвестно,Неизвестно,женский,22.0,Москва,Неизвестно,Неизвестно
154151541,426371293,1,1,мужской,22.0,Химки,Неизвестно,Неизвестно,мужской,22.0,Москва,Неизвестно,Неизвестно
154151541,432150818,1,3,мужской,22.0,Химки,Неизвестно,Неизвестно,мужской,22.0,Москва,МГТУ им. Н. Э. Баумана (бывш. МВТУ),Неизвестно
154151541,432814093,1,11,мужской,22.0,Химки,Неизвестно,Неизвестно,мужской,22.0,Кизнер (поселок),Неизвестно,Неизвестно
154151541,433897698,1,0,мужской,22.0,Химки,Неизвестно,Неизвестно,мужской,23.0,Химки,Неизвестно,Неизвестно
154151541,441397508,1,0,мужской,22.0,Химки,Неизвестно,Неизвестно,женский,22.0,Москва,Неизвестно,Неизвестно
154151541,442167323,1,0,мужской,22.0,Химки,Неизвестно,Неизвестно,мужской,22.0,Москва,Неизвестно,Неизвестно
154151541,450496772,1,0,мужской,22.0,Химки,Неизвестно,Неизвестно,мужской,22.0,Химки,Неизвестно,Неизвестно
154151541,457226450,1,4,мужской,22.0,Химки,Неизвестно,Неизвестно,женский,22.0,Москва,Неизвестно,Неизвестно
154151541,465363318,1,3,мужской,22.0,Химки,Неизвестно,Неизвестно,мужской,22.0,Москва,Неизвестно,Неизвестно
154151541,466579963,1,7,мужской,22.0,Химки,Неизвестно,Неизвестно,мужской,22.0,Москва,Неизвестно,Неизвестно
154151541,472328693,1,0,мужской,22.0,Химки,Неизвестно,Неизвестно,мужской,27.0,Санкт-Петербург,Неизвестно,Неизвестно
154151541,474388963,1,4,мужской,22.0,Химки,Неизвестно,Неизвестно,мужской,22.0,Химки,Неизвестно,Неизвестно
154151541,476330366,1,0,мужской,22.0,Химки,Неизвестно,Неизвестно,мужской,18.0,Пенза,Неизвестно,Неизвестно
154151541,490832222,1,0,мужской,22.0,Химки,Неизвестно,Неизвестно,женский,22.0,Москва,Неизвестно,Неизвестно
154151541,491446601,1,0,мужской,22.0,Химки,Неизвестно,Неизвестно,мужской,24.0,Москва,Неизвестно,Неизвестно
154151541,505204903,1,2,мужской,22.0,Химки,Неизвестно,Неизвестно,мужской,22.0,Москва,Неизвестно,Неизвестно
154151541,506144993,1,0,мужской,22.0,Химки,Неизвестно,Неизвестно,мужской,18.0,Барнаул,Неизвестно,Неизвестно
154151541,527431797,1,0,мужской,22.0,Химки,Неизвестно,Неизвестно,мужской,22.0,Москва,Неизвестно,Неизвестно
154151541,542173460,1,0,мужской,22.0,Химки,Неизвестно,Неизвестно,женский,22.0,Москва,Неизвестно,Неизвестно
154151541,548550935,1,10,мужской,22.0,Химки,Неизвестно,Неизвестно,мужской,20.0,Москва,РТУ МИРЭА,Институт информационных технологий
154151541,548864523,1,0,мужской,22.0,Химки,Неизвестно,Неизвестно,женский,20.0,Москва,Неизвестно,Неизвестно
154151541,558275035,1,1,мужской,22.0,Химки,Неизвестно,Неизвестно,мужской,23.0,Москва,Неизвестно,Неизвестно
154151541,567333224,1,0,мужской,22.0,Химки,Неизвестно,Неизвестно,мужской,22.0,Москва,Неизвестно,Неизвестно
154151541,579510402,1,0,мужской,22.0,Химки,Неизвестно,Неизвестно,мужской,19.0,Москва,Неизвестно,Неизвестно
154151541,583194957,1,0,мужской,22.0,Химки,Неизвестно,Неизвестно,мужской,22.0,Москва,Неизвестно,Неизвестно
154151541,584995001,1,0,мужской,22.0,Химки,Неизвестно,Неизвестно,мужской,22.0,Подольск,Неизвестно,Неизвестно
154151541,596357542,1,4,мужской,22.0,Химки,Неизвестно,Неизвестно,мужской,22.0,Минск,Неизвестно,Неизвестно
154151541,602757527,1,2,мужской,22.0,Химки,Неизвестно,Неизвестно,мужской,26.0,Москва,Неизвестно,Неизвестно
154151541,611694763,1,7,мужской,22.0,Химки,Неизвестно,Неизвестно,мужской,21.0,Москва,Неизвестно,Неизвестно
154151541,612204821,1,9,мужской,22.0,Химки,Неизвестно,Неизвестно,мужской,22.0,Москва,Неизвестно,Неизвестно
154151541,626151457,1,0,мужской,22.0,Химки,Неизвестно,Неизвестно,мужской,22.0,Воронеж,Неизвестно,Неизвестно
154151541,658702663,1,0,мужской,22.0,Химки,Неизвестно,Неизвестно,мужской,22.0,Москва,Неизвестно,Неизвестно
154151541,662741463,1,23,мужской,22.0,Химки,Неизвестно,Неизвестно,мужской,23.0,Москва,РТУ МИРЭА,Институт кибербезопасности и цифровых технологий
272517123,50391059,1,3,женский,23.0,Химки,РХТУ им. Д. И. Менделеева,Неизвестно,мужской,72.0,Москва,МГУ,Философский
272517123,143677868,1,2,женский,23.0,Химки,РХТУ им. Д. И. Менделеева,Неизвестно,женский,24.0,Москва,Неизвестно,Неизвестно
272517123,154151541,1,3,женский,23.0,Химки,РХТУ им. Д. И. Менделеева,Неизвестно,мужской,22.0,Химки,Неизвестно,Неизвестно
272517123,227234115,1,2,женский,23.0,Химки,РХТУ им. Д. И. Менделеева,Неизвестно,мужской,22.0,Москва,МГТУ им. Н. Э. Баумана (бывш. МВТУ),Неизвестно
432814093,154151541,1,11,мужской,22.0,Кизнер (поселок),Неизвестно,Неизвестно,мужской,22.0,Химки,Неизвестно,Неизвестно
432814093,191557938,1,0,мужской,22.0,Кизнер (поселок),Неизвестно,Неизвестно,мужской,22.0,Одинцово,Неизвестно,Неизвестно
432814093,254249175,1,7,мужской,22.0,Кизнер (поселок),Неизвестно,Неизвестно,мужской,21.0,Пенза,РТУ МИРЭА,Неизвестно
432814093,283576464,1,0,мужской,22.0,Кизнер (поселок),Неизвестно,Неизвестно,женский,22.0,Симферополь,Неизвестно,Неизвестно
432814093,283922767,1,0,мужской,22.0,Кизнер (поселок),Неизвестно,Неизвестно,мужской,21.0,Москва,Неизвестно,Неизвестно
432814093,350840991,1,10,мужской,22.0,Кизнер (поселок),Неизвестно,Неизвестно,мужской,22.0,Москва,Неизвестно,Неизвестно
432814093,361386011,1,1,мужской,22.0,Кизнер (поселок),Неизвестно,Неизвестно,мужской,22.0,Москва,Неизвестно,Неизвестно
432814093,394100799,1,8,мужской,22.0,Кизнер (поселок),Неизвестно,Неизвестно,мужской,20.0,Москва,РТУ МИРЭА,Институт информационных технологий
432814093,419168599,1,8,мужской,22.0,Кизнер (поселок),Неизвестно,Неизвестно,мужской,22.0,Москва,Неизвестно,Неизвестно
432814093,548550935,1,9,мужской,22.0,Кизнер (поселок),Неизвестно,Неизвестно,мужской,20.0,Москва,РТУ МИРЭА,Институт информационных технологий
432814093,584995001,1,0,мужской,22.0,Кизнер (поселок),Неизвестно,Неизвестно,мужской,22.0,Подольск,Неизвестно,Неизвестно
432814093,611694763,1,7,мужской,22.0,Кизнер (поселок),Неизвестно,Неизвестно,мужской,21.0,Москва,Неизвестно,Неизвестно
50391059,143677868,1,2,мужской,72.0,Москва,МГУ,Философский,женский,24.0,Москва,Неизвестно,Неизвестно
50391059,154151541,1,7,мужской,72.0,Москва,МГУ,Философский,мужской,22.0,Химки,Неизвестно,Неизвестно
50391059,227234115,1,4,мужской,72.0,Москва,МГУ,Философский,мужской,22.0,Москва,МГТУ им. Н. Э. Баумана (бывш. МВТУ),Неизвестно
50391059,230631594,1,4,мужской,72.0,Москва,МГУ,Философский,мужской,22.0,Химки,Неизвестно,Неизвестно
50391059,272517123,1,3,мужской,72.0,Москва,МГУ,Философский,женский,23.0,Химки,РХТУ им. Д. И. Менделеева,Неизвестно
50391059,327733536,1,3,мужской,72.0,Москва,МГУ,Философский,женский,21.0,Москва,Неизвестно,Неизвестно
50391059,363088358,1,3,мужской,72.0,Москва,МГУ,Философский,женский,22.0,Москва,Неизвестно,Неизвестно
50391059,465363318,1,2,мужской,72.0,Москва,МГУ,Философский,мужской,22.0,Москва,Неизвестно,Неизвестно
368048152,154151541,1,2,мужской,22.0,Москва,Неизвестно,Неизвестно,мужской,22.0,Химки,Неизвестно,Неизвестно
368048152,178325795,1,1,мужской,22.0,Москва,Неизвестно,Неизвестно,мужской,22.0,Москва,РТУ МИРЭА,Неизвестно
368048152,198752426,1,1,мужской,22.0,Москва,Неизвестно,Неизвестно,женский,22.0,Toronto,Неизвестно,Неизвестно
361386011,154151541,1,1,мужской,22.0,Москва,Неизвестно,Неизвестно,мужской,22.0,Химки,Неизвестно,Неизвестно
361386011,432814093,1,1,мужской,22.0,Москва,Неизвестно,Неизвестно,мужской,22.0,Кизнер (поселок),Неизвестно,Неизвестно
387143718,154151541,1,2,мужской,22.0,Москва,Неизвестно,Неизвестно,мужской,22.0,Химки,Неизвестно,Неизвестно
387143718,227234115,1,2,мужской,22.0,Москва,Неизвестно,Неизвестно,мужской,22.0,Москва,МГТУ им. Н. Э. Баумана (бывш. МВТУ),Неизвестно
387143718,230631594,1,2,мужской,22.0,Москва,Неизвестно,Неизвестно,мужской,22.0,Химки,Неизвестно,Неизвестно
177346603,154151541,1,0,мужской,22.0,Старый Оскол,Неизвестно,Неизвестно,мужской,22.0,Химки,Неизвестно,Неизвестно
435357753,220291482,1,2,женский,22.0,Москва,РТУ МИРЭА,Институт информационных технологий,мужской,22.0,Москва,РТУ МИРЭА,Институт информационных технологий
435357753,246872239,1,0,женский,22.0,Москва,РТУ МИРЭА,Институт информационных технологий,мужской,21.0,Москва,РТУ МИРЭА,Институт информационных технологий
435357753,258814756,1,2,женский,22.0,Москва,РТУ МИРЭА,Институт информационных технологий,мужской,22.0,Москва,Неизвестно,Неизвестно
435357753,338121069,1,2,женский,22.0,Москва,РТУ МИРЭА,Институт информационных технологий,мужской,22.0,Москва,Неизвестно,Неизвестно
394100799,154151541,1,8,мужской,20.0,Москва,РТУ МИРЭА,Институт информационных технологий,мужской,22.0,Химки,Неизвестно,Неизвестно
394100799,191557938,1,0,мужской,20.0,Москва,РТУ МИРЭА,Институт информационных технологий,мужской,22.0,Одинцово,Неизвестно,Неизвестно
394100799,254249175,1,6,мужской,20.0,Москва,РТУ МИРЭА,Институт информационных технологий,мужской,21.0,Пенза,РТУ МИРЭА,Неизвестно
394100799,283922767,1,0,мужской,20.0,Москва,РТУ МИРЭА,Институт информационных технологий,мужской,21.0,Москва,Неизвестно,Неизвестно
394100799,350840991,1,8,мужской,20.0,Москва,РТУ МИРЭА,Институт информационных технологий,мужской,22.0,Москва,Неизвестно,Неизвестно
394100799,419168599,1,8,мужской,20.0,Москва,РТУ МИРЭА,Институт информационных технологий,мужской,22.0,Москва,Неизвестно,Неизвестно
394100799,432814093,1,8,мужской,20.0,Москва,РТУ МИРЭА,Институт информационных технологий,мужской,22.0,Кизнер (поселок),Неизвестно,Неизвестно
394100799,548550935,1,8,мужской,20.0,Москва,РТУ МИРЭА,Институт информационных технологий,мужской,20.0,Москва,РТУ МИРЭА,Институт информационных технологий
394100799,611694763,1,7,мужской,20.0,Москва,РТУ МИРЭА,Институт информационных технологий,мужской,21.0,Москва,Неизвестно,Неизвестно
410472515,20341211,1,0,мужской,22.0,Королёв,РТУ МИРЭА,Неизвестно,мужской,22.0,Москва,Неизвестно,Неизвестно
410472515,69110189,1,13,мужской,22.0,Королёв,РТУ МИРЭА,Неизвестно,женский,25.0,Москва,РТУ МИРЭА,Неизвестно
410472515,99138057,1,8,мужской,22.0,Королёв,РТУ МИРЭА,Неизвестно,мужской,40.0,Москва,МГУПИ,Институт высоких технологий
410472515,154151541,1,13,мужской,22.0,Королёв,РТУ МИРЭА,Неизвестно,мужской,22.0,Химки,Неизвестно,Неизвестно
410472515,158445696,1,9,мужской,22.0,Королёв,РТУ МИРЭА,Неизвестно,женский,22.0,Москва,РТУ МИРЭА,Институт информационных технологий
410472515,171888881,1,6,мужской,22.0,Королёв,РТУ МИРЭА,Неизвестно,мужской,23.0,Одинцово,Неизвестно,Неизвестно
410472515,174111046,1,11,мужской,22.0,Королёв,РТУ МИРЭА,Неизвестно,женский,22.0,Москва,Неизвестно,Неизвестно
410472515,203874757,1,0,мужской,22.0,Королёв,РТУ МИРЭА,Неизвестно,мужской,22.0,Москва,Неизвестно,Неизвестно
410472515,275267938,1,6,мужской,22.0,Королёв,РТУ МИРЭА,Неизвестно,мужской,22.0,Таганрог,Неизвестно,Неизвестно
410472515,286877958,1,9,мужской,22.0,Королёв,РТУ МИРЭА,Неизвестно,мужской,22.0,Москва,Неизвестно,Неизвестно
410472515,359178717,1,11,мужской,22.0,Королёв,РТУ МИРЭА,Неизвестно,мужской,22.0,Москва,Неизвестно,Неизвестно
410472515,425382019,1,10,мужской,22.0,Королёв,РТУ МИРЭА,Неизвестно,женский,22.0,Москва,Неизвестно,Неизвестно
410472515,612204821,1,9,мужской,22.0,Королёв,РТУ МИРЭА,Неизвестно,мужской,22.0,Москва,Неизвестно,Неизвестно
410472515,662741463,1,8,мужской,22.0,Королёв,РТУ МИРЭА,Неизвестно,мужской,23.0,Москва,РТУ МИРЭА,Институт кибербезопасности и цифровых технологий
276082772,154151541,1,2,мужской,22.0,Москва,РЭУ им. Г. В. Плеханова,Факультет бизнеса «Капитаны»,мужской,22.0,Химки,Неизвестно,Неизвестно
276082772,276400143,1,0,мужской,22.0,Москва,РЭУ им. Г. В. Плеханова,Факультет бизнеса «Капитаны»,мужской,21.0,Москва,Неизвестно,Неизвестно
276082772,432150818,1,2,мужской,22.0,Москва,РЭУ им. Г. В. Плеханова,Факультет бизнеса «Капитаны»,мужской,22.0,Москва,МГТУ им. Н. Э. Баумана (бывш. МВТУ),Неизвестно
439146588,232437875,1,3,мужской,22.0,Москва,РТУ МИРЭА,Институт информационных технологий,мужской,21.0,Москва,Неизвестно,Неизвестно
439146588,258814756,1,4,мужской,22.0,Москва,РТУ МИРЭА,Институт информационных технологий,мужской,22.0,Москва,Неизвестно,Неизвестно
439146588,294222328,1,0,мужской,22.0,Москва,РТУ МИРЭА,Институт информационных технологий,мужской,22.0,Бердск,Неизвестно,Неизвестно
439146588,365320601,1,2,мужской,22.0,Москва,РТУ МИРЭА,Институт информационных технологий,женский,22.0,Москва,МИРЭА (до 2015),Факультет информационных технологий
439146588,481253563,1,4,мужской,22.0,Москва,РТУ МИРЭА,Институт информационных технологий,мужской,21.0,Москва,РТУ МИРЭА,Институт информационных технологий
232437875,258814756,1,4,мужской,21.0,Москва,Неизвестно,Неизвестно,мужской,22.0,Москва,Неизвестно,Неизвестно
232437875,294222328,1,0,мужской,21.0,Москва,Неизвестно,Неизвестно,мужской,22.0,Бердск,Неизвестно,Неизвестно
232437875,337236344,1,2,мужской,21.0,Москва,Неизвестно,Неизвестно,мужской,22.0,Москва,Неизвестно,Неизвестно
232437875,439146588,1,3,мужской,21.0,Москва,Неизвестно,Неизвестно,мужской,22.0,Москва,РТУ МИРЭА,Институт информационных технологий
232437875,481253563,1,4,мужской,21.0,Москва,Неизвестно,Неизвестно,мужской,21.0,Москва,РТУ МИРЭА,Институт информационных технологий
175100020,154110170,1,2,мужской,22.0,Москва,РТУ МИРЭА,Институт информационных технологий,мужской,22.0,Москва,Неизвестно,Неизвестно
175100020,154151541,1,7,мужской,22.0,Москва,РТУ МИРЭА,Институт информационных технологий,мужской,22.0,Химки,Неизвестно,Неизвестно
175100020,163823935,1,6,мужской,22.0,Москва,РТУ МИРЭА,Институт информационных технологий,мужской,22.0,Подольск,РТУ МИРЭА,Институт информационных технологий
175100020,174111046,1,6,мужской,22.0,Москва,РТУ МИРЭА,Институт информационных технологий,женский,22.0,Москва,Неизвестно,Неизвестно
175100020,246872239,1,7,мужской,22.0,Москва,РТУ МИРЭА,Институт информационных технологий,мужской,21.0,Москва,РТУ МИРЭА,Институт информационных технологий
175100020,359178717,1,6,мужской,22.0,Москва,РТУ МИРЭА,Институт информационных технологий,мужской,22.0,Москва,Неизвестно,Неизвестно
175100020,441397508,1,0,мужской,22.0,Москва,РТУ МИРЭА,Институт информационных технологий,женский,22.0,Москва,Неизвестно,Неизвестно
175100020,662741463,1,6,мужской,22.0,Москва,РТУ МИРЭА,Институт информационных технологий,мужской,23.0,Москва,РТУ МИРЭА,Институт кибербезопасности и цифровых технологий
146511992,4561245,1,2,женский,22.0,Москва,МГИМО МИД России,Неизвестно,женский,22.0,Химки,Неизвестно,Неизвестно
146511992,87224583,1,2,женский,22.0,Москва,МГИМО МИД России,Неизвестно,мужской,22.0,Химки,Неизвестно,Неизвестно
146511992,91478379,1,1,женский,22.0,Москва,МГИМО МИД России,Неизвестно,женский,22.0,Paris,Неизвестно,Неизвестно
146511992,154151541,1,8,женский,22.0,Москва,МГИМО МИД России,Неизвестно,мужской,22.0,Химки,Неизвестно,Неизвестно
146511992,221280561,1,4,женский,22.0,Москва,МГИМО МИД России,Неизвестно,женский,22.0,Химки,Неизвестно,Неизвестно
146511992,221684247,1,2,женский,22.0,Москва,МГИМО МИД России,Неизвестно,женский,22.0,Москва,Неизвестно,Неизвестно
146511992,255552012,1,2,женский,22.0,Москва,МГИМО МИД России,Неизвестно,женский,22.0,Москва,"Президентская академия (РАНХиГС, бывш. АНХ)",Неизвестно
146511992,276400143,1,0,женский,22.0,Москва,МГИМО МИД России,Неизвестно,мужской,21.0,Москва,Неизвестно,Неизвестно
158445696,20341211,1,0,женский,22.0,Москва,РТУ МИРЭА,Институт информационных технологий,мужской,22.0,Москва,Неизвестно,Неизвестно
158445696,69110189,1,11,женский,22.0,Москва,РТУ МИРЭА,Институт информационных технологий,женский,25.0,Москва,РТУ МИРЭА,Неизвестно
158445696,112120311,1,8,женский,22.0,Москва,РТУ МИРЭА,Институт информационных технологий,мужской,22.0,Москва,Неизвестно,Неизвестно
158445696,154151541,1,13,женский,22.0,Москва,РТУ МИРЭА,Институт информационных технологий,мужской,22.0,Химки,Неизвестно,Неизвестно
158445696,163823935,1,9,женский,22.0,Москва,РТУ МИРЭА,Институт информационных технологий,мужской,22.0,Подольск,РТУ МИРЭА,Институт информационных технологий
158445696,174111046,1,11,женский,22.0,Москва,РТУ МИРЭА,Институт информационных технологий,женский,22.0,Москва,Неизвестно,Неизвестно
158445696,246872239,1,9,женский,22.0,Москва,РТУ МИРЭА,Институт информационных технологий,мужской,21.0,Москва,РТУ МИРЭА,Институт информационных технологий
158445696,269388306,1,4,женский,22.0,Москва,РТУ МИРЭА,Институт информационных технологий,мужской,22.0,Москва,Неизвестно,Неизвестно
158445696,275267938,1,5,женский,22.0,Москва,РТУ МИРЭА,Институт информационных технологий,мужской,22.0,Таганрог,Неизвестно,Неизвестно
158445696,286877958,1,11,женский,22.0,Москва,РТУ МИРЭА,Институт информационных технологий,мужской,22.0,Москва,Неизвестно,Неизвестно
158445696,359178717,1,12,женский,22.0,Москва,РТУ МИРЭА,Институт информационных технологий,мужской,22.0,Москва,Неизвестно,Неизвестно
158445696,410472515,1,9,женский,22.0,Москва,РТУ МИРЭА,Институт информационных технологий,мужской,22.0,Королёв,РТУ МИРЭА,Неизвестно
158445696,425382019,1,9,женский,22.0,Москва,РТУ МИРЭА,Институт информационных технологий,женский,22.0,Москва,Неизвестно,Неизвестно
158445696,612204821,1,6,женский,22.0,Москва,РТУ МИРЭА,Институт информационных технологий,мужской,22.0,Москва,Неизвестно,Неизвестно
579510402,154151541,1,0,мужской,19.0,Москва,Неизвестно,Неизвестно,мужской,22.0,Химки,Неизвестно,Неизвестно
425382019,20341211,1,0,женский,22.0,Москва,Неизвестно,Неизвестно,мужской,22.0,Москва,Неизвестно,Неизвестно
425382019,69110189,1,10,женский,22.0,Москва,Неизвестно,Неизвестно,женский,25.0,Москва,РТУ МИРЭА,Неизвестно
425382019,99138057,1,7,женский,22.0,Москва,Неизвестно,Неизвестно,мужской,40.0,Москва,МГУПИ,Институт высоких технологий
425382019,154151541,1,11,женский,22.0,Москва,Неизвестно,Неизвестно,мужской,22.0,Химки,Неизвестно,Неизвестно
425382019,158445696,1,9,женский,22.0,Москва,Неизвестно,Неизвестно,женский,22.0,Москва,РТУ МИРЭА,Институт информационных технологий
425382019,163823935,1,8,женский,22.0,Москва,Неизвестно,Неизвестно,мужской,22.0,Подольск,РТУ МИРЭА,Институт информационных технологий
425382019,174111046,1,10,женский,22.0,Москва,Неизвестно,Неизвестно,женский,22.0,Москва,Неизвестно,Неизвестно
425382019,203874757,1,0,женский,22.0,Москва,Неизвестно,Неизвестно,мужской,22.0,Москва,Неизвестно,Неизвестно
425382019,286877958,1,8,женский,22.0,Москва,Неизвестно,Неизвестно,мужской,22.0,Москва,Неизвестно,Неизвестно
425382019,359178717,1,11,женский,22.0,Москва,Неизвестно,Неизвестно,мужской,22.0,Москва,Неизвестно,Неизвестно
425382019,410472515,1,10,женский,22.0,Москва,Неизвестно,Неизвестно,мужской,22.0,Королёв,РТУ МИРЭА,Неизвестно
425382019,612204821,1,8,женский,22.0,Москва,Неизвестно,Неизвестно,мужской,22.0,Москва,Неизвестно,Неизвестно
210813066,154151541,1,3,мужской,22.0,Москва,РТУ МИРЭА,Неизвестно,мужской,22.0,Химки,Неизвестно,Неизвестно
210813066,163823935,1,3,мужской,22.0,Москва,РТУ МИРЭА,Неизвестно,мужской,22.0,Подольск,РТУ МИРЭА,Институт информационных технологий
210813066,225632479,1,2,мужской,22.0,Москва,РТУ МИРЭА,Неизвестно,мужской,22.0,Москва,Неизвестно,Неизвестно
210813066,359178717,1,2,мужской,22.0,Москва,РТУ МИРЭА,Неизвестно,мужской,22.0,Москва,Неизвестно,Неизвестно
325462157,220291482,1,3,мужской,22.0,Москва,Неизвестно,Неизвестно,мужской,22.0,Москва,РТУ МИРЭА,Институт информационных технологий
325462157,258814756,1,4,мужской,22.0,Москва,Неизвестно,Неизвестно,мужской,22.0,Москва,Неизвестно,Неизвестно
325462157,263573863,1,3,мужской,22.0,Москва,Неизвестно,Неизвестно,мужской,22.0,Москва,Неизвестно,Неизвестно
325462157,338121069,1,4,мужской,22.0,Москва,Неизвестно,Неизвестно,мужской,22.0,Москва,Неизвестно,Неизвестно
325462157,481253563,1,2,мужской,22.0,Москва,Неизвестно,Неизвестно,мужской,21.0,Москва,РТУ МИРЭА,Институт информационных технологий
125354026,154151541,1,0,мужской,22.0,Санкт-Петербург,Неизвестно,Неизвестно,мужской,22.0,Химки,Неизвестно,Неизвестно
350840991,154151541,1,11,мужской,22.0,Москва,Неизвестно,Неизвестно,мужской,22.0,Химки,Неизвестно,Неизвестно
350840991,191557938,1,0,мужской,22.0,Москва,Неизвестно,Неизвестно,мужской,22.0,Одинцово,Неизвестно,Неизвестно
350840991,254249175,1,7,мужской,22.0,Москва,Неизвестно,Неизвестно,мужской,21.0,Пенза,РТУ МИРЭА,Неизвестно
350840991,283576464,1,0,мужской,22.0,Москва,Неизвестно,Неизвестно,женский,22.0,Симферополь,Неизвестно,Неизвестно
350840991,283922767,1,0,мужской,22.0,Москва,Неизвестно,Неизвестно,мужской,21.0,Москва,Неизвестно,Неизвестно
350840991,394100799,1,8,мужской,22.0,Москва,Неизвестно,Неизвестно,мужской,20.0,Москва,РТУ МИРЭА,Институт информационных технологий
350840991,419168599,1,8,мужской,22.0,Москва,Неизвестно,Неизвестно,мужской,22.0,Москва,Неизвестно,Неизвестно
350840991,432814093,1,10,мужской,22.0,Москва,Неизвестно,Неизвестно,мужской,22.0,Кизнер (поселок),Неизвестно,Неизвестно
350840991,548550935,1,9,мужской,22.0,Москва,Неизвестно,Неизвестно,мужской,20.0,Москва,РТУ МИРЭА,Институт информационных технологий
350840991,558275035,1,1,мужской,22.0,Москва,Неизвестно,Неизвестно,мужской,23.0,Москва,Неизвестно,Неизвестно
350840991,584995001,1,0,мужской,22.0,Москва,Неизвестно,Неизвестно,мужской,22.0,Подольск,Неизвестно,Неизвестно
350840991,611694763,1,7,мужской,22.0,Москва,Неизвестно,Неизвестно,мужской,21.0,Москва,Неизвестно,Неизвестно
359942285,154151541,1,0,мужской,21.0,Москва,РТУ МИРЭА,Институт информационных технологий,мужской,22.0,Химки,Неизвестно,Неизвестно
505204903,154151541,1,2,мужской,22.0,Москва,Неизвестно,Неизвестно,мужской,22.0,Химки,Неизвестно,Неизвестно
505204903,185888968,1,2,мужской,22.0,Москва,Неизвестно,Неизвестно,мужской,22.0,Москва,Неизвестно,Неизвестно
505204903,273596951,1,2,мужской,22.0,Москва,Неизвестно,Неизвестно,мужской,22.0,Москва,РТУ МИРЭА,Неизвестно
198752426,154151541,1,2,женский,22.0,Toronto,Неизвестно,Неизвестно,мужской,22.0,Химки,Неизвестно,Неизвестно
198752426,368048152,1,1,женский,22.0,Toronto,Неизвестно,Неизвестно,мужской,22.0,Москва,Неизвестно,Неизвестно
198752426,662741463,1,1,женский,22.0,Toronto,Неизвестно,Неизвестно,мужской,23.0,Москва,РТУ МИРЭА,Институт кибербезопасности и цифровых технологий
230631594,50391059,1,4,мужской,22.0,Химки,Неизвестно,Неизвестно,мужской,72.0,Москва,МГУ,Философский
230631594,154151541,1,7,мужской,22.0,Химки,Неизвестно,Неизвестно,мужской,22.0,Химки,Неизвестно,Неизвестно
230631594,227234115,1,4,мужской,22.0,Химки,Неизвестно,Неизвестно,мужской,22.0,Москва,МГТУ им. Н. Э. Баумана (бывш. МВТУ),Неизвестно
230631594,327733536,1,2,мужской,22.0,Химки,Неизвестно,Неизвестно,женский,21.0,Москва,Неизвестно,Неизвестно
230631594,363088358,1,3,мужской,22.0,Химки,Неизвестно,Неизвестно,женский,22.0,Москва,Неизвестно,Неизвестно
230631594,387143718,1,2,мужской,22.0,Химки,Неизвестно,Неизвестно,мужской,22.0,Москва,Неизвестно,Неизвестно
230631594,466579963,1,2,мужской,22.0,Химки,Неизвестно,Неизвестно,мужской,22.0,Москва,Неизвестно,Неизвестно
230631594,474388963,1,2,мужской,22.0,Химки,Неизвестно,Неизвестно,мужской,22.0,Химки,Неизвестно,Неизвестно
37650604,87224583,1,1,мужской,22.0,Москва,Неизвестно,Неизвестно,мужской,22.0,Химки,Неизвестно,Неизвестно
37650604,154151541,1,1,мужской,22.0,Москва,Неизвестно,Неизвестно,мужской,22.0,Химки,Неизвестно,Неизвестно
342243498,93944075,1,0,мужской,22.0,Москва,Неизвестно,Неизвестно,мужской,27.0,Москва,Неизвестно,Неизвестно
342243498,154151541,1,9,мужской,22.0,Москва,Неизвестно,Неизвестно,мужской,22.0,Химки,Неизвестно,Неизвестно
342243498,163823935,1,4,мужской,22.0,Москва,Неизвестно,Неизвестно,мужской,22.0,Подольск,РТУ МИРЭА,Институт информационных технологий
342243498,171888881,1,2,мужской,22.0,Москва,Неизвестно,Неизвестно,мужской,23.0,Одинцово,Неизвестно,Неизвестно
342243498,178325795,1,1,мужской,22.0,Москва,Неизвестно,Неизвестно,мужской,22.0,Москва,РТУ МИРЭА,Неизвестно
342243498,185888968,1,2,мужской,22.0,Москва,Неизвестно,Неизвестно,мужской,22.0,Москва,Неизвестно,Неизвестно
342243498,246872239,1,4,мужской,22.0,Москва,Неизвестно,Неизвестно,мужской,21.0,Москва,РТУ МИРЭА,Институт информационных технологий
342243498,273596951,1,2,мужской,22.0,Москва,Неизвестно,Неизвестно,мужской,22.0,Москва,РТУ МИРЭА,Неизвестно
342243498,441397508,1,0,мужской,22.0,Москва,Неизвестно,Неизвестно,женский,22.0,Москва,Неизвестно,Неизвестно
342243498,662741463,1,6,мужской,22.0,Москва,Неизвестно,Неизвестно,мужской,23.0,Москва,РТУ МИРЭА,Институт кибербезопасности и цифровых технологий
611694763,154151541,1,7,мужской,21.0,Москва,Неизвестно,Неизвестно,мужской,22.0,Химки,Неизвестно,Неизвестно
611694763,191557938,1,0,мужской,21.0,Москва,Неизвестно,Неизвестно,мужской,22.0,Одинцово,Неизвестно,Неизвестно
611694763,283922767,1,0,мужской,21.0,Москва,Неизвестно,Неизвестно,мужской,21.0,Москва,Неизвестно,Неизвестно
611694763,350840991,1,7,мужской,21.0,Москва,Неизвестно,Неизвестно,мужской,22.0,Москва,Неизвестно,Неизвестно
611694763,394100799,1,7,мужской,21.0,Москва,Неизвестно,Неизвестно,мужской,20.0,Москва,РТУ МИРЭА,Институт информационных технологий
611694763,419168599,1,7,мужской,21.0,Москва,Неизвестно,Неизвестно,мужской,22.0,Москва,Неизвестно,Неизвестно
611694763,432814093,1,7,мужской,21.0,Москва,Неизвестно,Неизвестно,мужской,22.0,Кизнер (поселок),Неизвестно,Неизвестно
611694763,548550935,1,7,мужской,21.0,Москва,Неизвестно,Неизвестно,мужской,20.0,Москва,РТУ МИРЭА,Институт информационных технологий
246872239,20341211,1,0,мужской,21.0,Москва,РТУ МИРЭА,Институт информационных технологий,мужской,22.0,Москва,Неизвестно,Неизвестно
246872239,69110189,1,10,мужской,21.0,Москва,РТУ МИРЭА,Институт информационных технологий,женский,25.0,Москва,РТУ МИРЭА,Неизвестно
246872239,99138057,1,8,мужской,21.0,Москва,РТУ МИРЭА,Институт информационных технологий,мужской,40.0,Москва,МГУПИ,Институт высоких технологий
246872239,112120311,1,11,мужской,21.0,Москва,РТУ МИРЭА,Институт информационных технологий,мужской,22.0,Москва,Неизвестно,Неизвестно
246872239,154110170,1,2,мужской,21.0,Москва,РТУ МИРЭА,Институт информационных технологий,мужской,22.0,Москва,Неизвестно,Неизвестно
246872239,154151541,1,18,мужской,21.0,Москва,РТУ МИРЭА,Институт информационных технологий,мужской,22.0,Химки,Неизвестно,Неизвестно
246872239,158445696,1,9,мужской,21.0,Москва,РТУ МИРЭА,Институт информационных технологий,женский,22.0,Москва,РТУ МИРЭА,Институт информационных технологий
246872239,163823935,1,14,мужской,21.0,Москва,РТУ МИРЭА,Институт информационных технологий,мужской,22.0,Подольск,РТУ МИРЭА,Институт информационных технологий
246872239,174111046,1,13,мужской,21.0,Москва,РТУ МИРЭА,Институт информационных технологий,женский,22.0,Москва,Неизвестно,Неизвестно
246872239,175100020,1,7,мужской,21.0,Москва,РТУ МИРЭА,Институт информационных технологий,мужской,22.0,Москва,РТУ МИРЭА,Институт информационных технологий
246872239,203874757,1,0,мужской,21.0,Москва,РТУ МИРЭА,Институт информационных технологий,мужской,22.0,Москва,Неизвестно,Неизвестно
246872239,269388306,1,5,мужской,21.0,Москва,РТУ МИРЭА,Институт информационных технологий,мужской,22.0,Москва,Неизвестно,Неизвестно
246872239,281641201,1,1,мужской,21.0,Москва,РТУ МИРЭА,Институт информационных технологий,мужской,25.0,Москва,РТУ МИРЭА,Институт информационных технологий
246872239,286877958,1,9,мужской,21.0,Москва,РТУ МИРЭА,Институт информационных технологий,мужской,22.0,Москва,Неизвестно,Неизвестно
246872239,342243498,1,4,мужской,21.0,Москва,РТУ МИРЭА,Институт информационных технологий,мужской,22.0,Москва,Неизвестно,Неизвестно
246872239,359178717,1,14,мужской,21.0,Москва,РТУ МИРЭА,Институт информационных технологий,мужской,22.0,Москва,Неизвестно,Неизвестно
246872239,435357753,1,0,мужской,21.0,Москва,РТУ МИРЭА,Институт информационных технологий,женский,22.0,Москва,РТУ МИРЭА,Институт информационных технологий
246872239,441397508,1,0,мужской,21.0,Москва,РТУ МИРЭА,Институт информационных технологий,женский,22.0,Москва,Неизвестно,Неизвестно
246872239,602757527,1,1,мужской,21.0,Москва,РТУ МИРЭА,Институт информационных технологий,мужской,26.0,Москва,Неизвестно,Неизвестно
246872239,662741463,1,12,мужской,21.0,Москва,РТУ МИРЭА,Институт информационных технологий,мужской,23.0,Москва,РТУ МИРЭА,Институт кибербезопасности и цифровых технологий
346144945,144881881,1,0,мужской,20.0,Москва,Неизвестно,Неизвестно,мужской,22.0,Качалино,Неизвестно,Неизвестно
346144945,154151541,1,1,мужской,20.0,Москва,Неизвестно,Неизвестно,мужской,22.0,Химки,Неизвестно,Неизвестно
185888968,154151541,1,7,мужской,22.0,Москва,Неизвестно,Неизвестно,мужской,22.0,Химки,Неизвестно,Неизвестно
185888968,238444902,1,3,мужской,22.0,Москва,Неизвестно,Неизвестно,женский,22.0,Москва,Неизвестно,Неизвестно
185888968,241984007,1,4,мужской,22.0,Москва,Неизвестно,Неизвестно,мужской,56.0,Москва,Неизвестно,Неизвестно
185888968,273596951,1,6,мужской,22.0,Москва,Неизвестно,Неизвестно,мужской,22.0,Москва,РТУ МИРЭА,Неизвестно
185888968,337418663,1,2,мужской,22.0,Москва,Неизвестно,Неизвестно,мужской,22.0,Санкт-Петербург,РТУ МИРЭА,Институт информационных технологий
185888968,342243498,1,2,мужской,22.0,Москва,Неизвестно,Неизвестно,мужской,22.0,Москва,Неизвестно,Неизвестно
185888968,372566434,1,4,мужской,22.0,Москва,Неизвестно,Неизвестно,мужской,22.0,Москва,Неизвестно,Неизвестно
185888968,505204903,1,2,мужской,22.0,Москва,Неизвестно,Неизвестно,мужской,22.0,Москва,Неизвестно,Неизвестно
184572109,87224583,1,2,женский,22.0,Москва,Неизвестно,Неизвестно,мужской,22.0,Химки,Неизвестно,Неизвестно
184572109,91478379,1,1,женский,22.0,Москва,Неизвестно,Неизвестно,женский,22.0,Paris,Неизвестно,Неизвестно
184572109,143677868,1,1,женский,22.0,Москва,Неизвестно,Неизвестно,женский,24.0,Москва,Неизвестно,Неизвестно
184572109,154151541,1,5,женский,22.0,Москва,Неизвестно,Неизвестно,мужской,22.0,Химки,Неизвестно,Неизвестно
184572109,255552012,1,2,женский,22.0,Москва,Неизвестно,Неизвестно,женский,22.0,Москва,"Президентская академия (РАНХиГС, бывш. АНХ)",Неизвестно
481253563,232437875,1,4,мужской,21.0,Москва,РТУ МИРЭА,Институт информационных технологий,мужской,21.0,Москва,Неизвестно,Неизвестно
481253563,258814756,1,8,мужской,21.0,Москва,РТУ МИРЭА,Институт информационных технологий,мужской,22.0,Москва,Неизвестно,Неизвестно
481253563,294222328,1,0,мужской,21.0,Москва,РТУ МИРЭА,Институт информационных технологий,мужской,22.0,Бердск,Неизвестно,Неизвестно
481253563,325462157,1,2,мужской,21.0,Москва,РТУ МИРЭА,Институт информационных технологий,мужской,22.0,Москва,Неизвестно,Неизвестно
481253563,337236344,1,2,мужской,21.0,Москва,РТУ МИРЭА,Институт информационных технологий,мужской,22.0,Москва,Неизвестно,Неизвестно
481253563,338121069,1,2,мужской,21.0,Москва,РТУ МИРЭА,Институт информационных технологий,мужской,22.0,Москва,Неизвестно,Неизвестно
481253563,357593443,1,1,мужской,21.0,Москва,РТУ МИРЭА,Институт информационных технологий,мужской,22.0,Fukuoka,Неизвестно,Неизвестно
481253563,365320601,1,2,мужской,21.0,Москва,РТУ МИРЭА,Институт информационных технологий,женский,22.0,Москва,МИРЭА (до 2015),Факультет информационных технологий
481253563,439146588,1,4,мужской,21.0,Москва,РТУ МИРЭА,Институт информационных технологий,мужской,22.0,Москва,РТУ МИРЭА,Институт информационных технологий
457226450,143677868,1,1,женский,22.0,Москва,Неизвестно,Неизвестно,женский,24.0,Москва,Неизвестно,Неизвестно
457226450,154151541,1,4,женский,22.0,Москва,Неизвестно,Неизвестно,мужской,22.0,Химки,Неизвестно,Неизвестно
457226450,395426263,1,1,женский,22.0,Москва,Неизвестно,Неизвестно,мужской,22.0,Москва,Неизвестно,Неизвестно
457226450,466579963,1,1,женский,22.0,Москва,Неизвестно,Неизвестно,мужской,22.0,Москва,Неизвестно,Неизвестно
254249175,154151541,1,7,мужской,21.0,Пенза,РТУ МИРЭА,Неизвестно,мужской,22.0,Химки,Неизвестно,Неизвестно
254249175,283576464,1,0,мужской,21.0,Пенза,РТУ МИРЭА,Неизвестно,женский,22.0,Симферополь,Неизвестно,Неизвестно
254249175,283922767,1,0,мужской,21.0,Пенза,РТУ МИРЭА,Неизвестно,мужской,21.0,Москва,Неизвестно,Неизвестно
254249175,350840991,1,7,мужской,21.0,Пенза,РТУ МИРЭА,Неизвестно,мужской,22.0,Москва,Неизвестно,Неизвестно
254249175,394100799,1,6,мужской,21.0,Пенза,РТУ МИРЭА,Неизвестно,мужской,20.0,Москва,РТУ МИРЭА,Институт информационных технологий
254249175,419168599,1,6,мужской,21.0,Пенза,РТУ МИРЭА,Неизвестно,мужской,22.0,Москва,Неизвестно,Неизвестно
254249175,432814093,1,7,мужской,21.0,Пенза,РТУ МИРЭА,Неизвестно,мужской,22.0,Кизнер (поселок),Неизвестно,Неизвестно
254249175,548550935,1,7,мужской,21.0,Пенза,РТУ МИРЭА,Неизвестно,мужской,20.0,Москва,РТУ МИРЭА,Институт информационных технологий
154110170,154151541,1,3,мужской,22.0,Москва,Неизвестно,Неизвестно,мужской,22.0,Химки,Неизвестно,Неизвестно
154110170,175100020,1,2,мужской,22.0,Москва,Неизвестно,Неизвестно,мужской,22.0,Москва,РТУ МИРЭА,Институт информационных технологий
154110170,246872239,1,2,мужской,22.0,Москва,Неизвестно,Неизвестно,мужской,21.0,Москва,РТУ МИРЭА,Институт информационных технологий
154110170,395645310,1,1,мужской,22.0,Москва,Неизвестно,Неизвестно,мужской,22.0,Москва,Неизвестно,Неизвестно
426371293,154151541,1,1,мужской,22.0,Москва,Неизвестно,Неизвестно,мужской,22.0,Химки,Неизвестно,Неизвестно
426371293,192393433,1,0,мужской,22.0,Москва,Неизвестно,Неизвестно,мужской,26.0,Пенза,Неизвестно,Неизвестно
225632479,99138057,1,2,мужской,22.0,Москва,Неизвестно,Неизвестно,мужской,40.0,Москва,МГУПИ,Институт высоких технологий
225632479,154151541,1,6,мужской,22.0,Москва,Неизвестно,Неизвестно,мужской,22.0,Химки,Неизвестно,Неизвестно
225632479,163823935,1,5,мужской,22.0,Москва,Неизвестно,Неизвестно,мужской,22.0,Подольск,РТУ МИРЭА,Институт информационных технологий
225632479,210813066,1,2,мужской,22.0,Москва,Неизвестно,Неизвестно,мужской,22.0,Москва,РТУ МИРЭА,Неизвестно
225632479,381065555,1,1,мужской,22.0,Москва,Неизвестно,Неизвестно,мужской,22.0,Москва,РТУ МИРЭА,Неизвестно
225632479,441397508,1,0,мужской,22.0,Москва,Неизвестно,Неизвестно,женский,22.0,Москва,Неизвестно,Неизвестно
225632479,662741463,1,4,мужской,22.0,Москва,Неизвестно,Неизвестно,мужской,23.0,Москва,РТУ МИРЭА,Институт кибербезопасности и цифровых технологий
433897698,154151541,1,0,мужской,23.0,Химки,Неизвестно,Неизвестно,мужской,22.0,Химки,Неизвестно,Неизвестно
506144993,154151541,1,0,мужской,18.0,Барнаул,Неизвестно,Неизвестно,мужской,22.0,Химки,Неизвестно,Неизвестно
387516654,154151541,1,0,мужской,20.0,Москва,Неизвестно,Неизвестно,мужской,22.0,Химки,Неизвестно,Неизвестно
171888881,69110189,1,6,мужской,23.0,Одинцово,Неизвестно,Неизвестно,женский,25.0,Москва,РТУ МИРЭА,Неизвестно
171888881,99138057,1,3,мужской,23.0,Одинцово,Неизвестно,Неизвестно,мужской,40.0,Москва,МГУПИ,Институт высоких технологий
171888881,154151541,1,8,мужской,23.0,Одинцово,Неизвестно,Неизвестно,мужской,22.0,Химки,Неизвестно,Неизвестно
171888881,203874757,1,0,мужской,23.0,Одинцово,Неизвестно,Неизвестно,мужской,22.0,Москва,Неизвестно,Неизвестно
171888881,238444902,1,1,мужской,23.0,Одинцово,Неизвестно,Неизвестно,женский,22.0,Москва,Неизвестно,Неизвестно
171888881,286877958,1,3,мужской,23.0,Одинцово,Неизвестно,Неизвестно,мужской,22.0,Москва,Неизвестно,Неизвестно
171888881,342243498,1,2,мужской,23.0,Одинцово,Неизвестно,Неизвестно,мужской,22.0,Москва,Неизвестно,Неизвестно
171888881,410472515,1,6,мужской,23.0,Одинцово,Неизвестно,Неизвестно,мужской,22.0,Королёв,РТУ МИРЭА,Неизвестно
171888881,662741463,1,5,мужской,23.0,Одинцово,Неизвестно,Неизвестно,мужской,23.0,Москва,РТУ МИРЭА,Институт кибербезопасности и цифровых технологий
281641201,154151541,1,1,мужской,25.0,Москва,РТУ МИРЭА,Институт информационных технологий,мужской,22.0,Химки,Неизвестно,Неизвестно
281641201,246872239,1,1,мужской,25.0,Москва,РТУ МИРЭА,Институт информационных технологий,мужской,21.0,Москва,РТУ МИРЭА,Институт информационных технологий
818872577,292134122,1,0,женский,22.0,Москва,Неизвестно,Неизвестно,мужской,22.0,Москва,Неизвестно,Неизвестно
286877958,20341211,1,0,мужской,22.0,Москва,Неизвестно,Неизвестно,мужской,22.0,Москва,Неизвестно,Неизвестно
286877958,69110189,1,11,мужской,22.0,Москва,Неизвестно,Неизвестно,женский,25.0,Москва,РТУ МИРЭА,Неизвестно
286877958,112120311,1,8,мужской,22.0,Москва,Неизвестно,Неизвестно,мужской,22.0,Москва,Неизвестно,Неизвестно
286877958,154151541,1,13,мужской,22.0,Москва,Неизвестно,Неизвестно,мужской,22.0,Химки,Неизвестно,Неизвестно
286877958,158445696,1,11,мужской,22.0,Москва,Неизвестно,Неизвестно,женский,22.0,Москва,РТУ МИРЭА,Институт информационных технологий
286877958,163823935,1,9,мужской,22.0,Москва,Неизвестно,Неизвестно,мужской,22.0,Подольск,РТУ МИРЭА,Институт информационных технологий
286877958,171888881,1,3,мужской,22.0,Москва,Неизвестно,Неизвестно,мужской,23.0,Одинцово,Неизвестно,Неизвестно
286877958,174111046,1,12,мужской,22.0,Москва,Неизвестно,Неизвестно,женский,22.0,Москва,Неизвестно,Неизвестно
286877958,246872239,1,9,мужской,22.0,Москва,Неизвестно,Неизвестно,мужской,21.0,Москва,РТУ МИРЭА,Институт информационных технологий
286877958,275267938,1,5,мужской,22.0,Москва,Неизвестно,Неизвестно,мужской,22.0,Таганрог,Неизвестно,Неизвестно
286877958,359178717,1,11,мужской,22.0,Москва,Неизвестно,Неизвестно,мужской,22.0,Москва,Неизвестно,Неизвестно
286877958,410472515,1,9,мужской,22.0,Москва,Неизвестно,Неизвестно,мужской,22.0,Королёв,РТУ МИРЭА,Неизвестно
286877958,425382019,1,8,мужской,22.0,Москва,Неизвестно,Неизвестно,женский,22.0,Москва,Неизвестно,Неизвестно
286877958,441397508,1,0,мужской,22.0,Москва,Неизвестно,Неизвестно,женский,22.0,Москва,Неизвестно,Неизвестно
450496772,154151541,1,0,мужской,22.0,Химки,Неизвестно,Неизвестно,мужской,22.0,Химки,Неизвестно,Неизвестно
87224583,37650604,1,1,мужской,22.0,Химки,Неизвестно,Неизвестно,мужской,22.0,Москва,Неизвестно,Неизвестно
87224583,146511992,1,2,мужской,22.0,Химки,Неизвестно,Неизвестно,женский,22.0,Москва,МГИМО МИД России,Неизвестно
87224583,154151541,1,7,мужской,22.0,Химки,Неизвестно,Неизвестно,мужской,22.0,Химки,Неизвестно,Неизвестно
87224583,184572109,1,2,мужской,22.0,Химки,Неизвестно,Неизвестно,женский,22.0,Москва,Неизвестно,Неизвестно
87224583,342258015,1,0,мужской,22.0,Химки,Неизвестно,Неизвестно,мужской,22.0,Химки,Неизвестно,Неизвестно
87224583,466579963,1,1,мужской,22.0,Химки,Неизвестно,Неизвестно,мужской,22.0,Москва,Неизвестно,Неизвестно
174135567,154151541,1,2,мужской,23.0,Ōfunato,Неизвестно,Неизвестно,мужской,22.0,Химки,Неизвестно,Неизвестно
174135567,466579963,1,2,мужской,23.0,Ōfunato,Неизвестно,Неизвестно,мужской,22.0,Москва,Неизвестно,Неизвестно
174135567,474388963,1,2,мужской,23.0,Ōfunato,Неизвестно,Неизвестно,мужской,22.0,Химки,Неизвестно,Неизвестно
612204821,20341211,1,0,мужской,22.0,Москва,Неизвестно,Неизвестно,мужской,22.0,Москва,Неизвестно,Неизвестно
612204821,69110189,1,9,мужской,22.0,Москва,Неизвестно,Неизвестно,женский,25.0,Москва,РТУ МИРЭА,Неизвестно
612204821,99138057,1,5,мужской,22.0,Москва,Неизвестно,Неизвестно,мужской,40.0,Москва,МГУПИ,Институт высоких технологий
612204821,154151541,1,9,мужской,22.0,Москва,Неизвестно,Неизвестно,мужской,22.0,Химки,Неизвестно,Неизвестно
612204821,158445696,1,6,мужской,22.0,Москва,Неизвестно,Неизвестно,женский,22.0,Москва,РТУ МИРЭА,Институт информационных технологий
612204821,203874757,1,0,мужской,22.0,Москва,Неизвестно,Неизвестно,мужской,22.0,Москва,Неизвестно,Неизвестно
612204821,359178717,1,9,мужской,22.0,Москва,Неизвестно,Неизвестно,мужской,22.0,Москва,Неизвестно,Неизвестно
612204821,410472515,1,9,мужской,22.0,Москва,Неизвестно,Неизвестно,мужской,22.0,Королёв,РТУ МИРЭА,Неизвестно
612204821,425382019,1,8,мужской,22.0,Москва,Неизвестно,Неизвестно,женский,22.0,Москва,Неизвестно,Неизвестно
612204821,662741463,1,6,мужской,22.0,Москва,Неизвестно,Неизвестно,мужской,23.0,Москва,РТУ МИРЭА,Институт кибербезопасности и цифровых технологий
548550935,154151541,1,10,мужской,20.0,Москва,РТУ МИРЭА,Институт информационных технологий,мужской,22.0,Химки,Неизвестно,Неизвестно
548550935,191557938,1,0,мужской,20.0,Москва,РТУ МИРЭА,Институт информационных технологий,мужской,22.0,Одинцово,Неизвестно,Неизвестно
548550935,254249175,1,7,мужской,20.0,Москва,РТУ МИРЭА,Институт информационных технологий,мужской,21.0,Пенза,РТУ МИРЭА,Неизвестно
548550935,283576464,1,0,мужской,20.0,Москва,РТУ МИРЭА,Институт информационных технологий,женский,22.0,Симферополь,Неизвестно,Неизвестно
548550935,283922767,1,0,мужской,20.0,Москва,РТУ МИРЭА,Институт информационных технологий,мужской,21.0,Москва,Неизвестно,Неизвестно
548550935,350840991,1,9,мужской,20.0,Москва,РТУ МИРЭА,Институт информационных технологий,мужской,22.0,Москва,Неизвестно,Неизвестно
548550935,394100799,1,8,мужской,20.0,Москва,РТУ МИРЭА,Институт информационных технологий,мужской,20.0,Москва,РТУ МИРЭА,Институт информационных технологий
548550935,419168599,1,8,мужской,20.0,Москва,РТУ МИРЭА,Институт информационных технологий,мужской,22.0,Москва,Неизвестно,Неизвестно
548550935,432814093,1,9,мужской,20.0,Москва,РТУ МИРЭА,Институт информационных технологий,мужской,22.0,Кизнер (поселок),Неизвестно,Неизвестно
548550935,611694763,1,7,мужской,20.0,Москва,РТУ МИРЭА,Институт информационных технологий,мужской,21.0,Москва,Неизвестно,Неизвестно
548550935,662741463,1,1,мужской,20.0,Москва,РТУ МИРЭА,Институт информационных технологий,мужской,23.0,Москва,РТУ МИРЭА,Институт кибербезопасности и цифровых технологий
327733536,50391059,1,3,женский,21.0,Москва,Неизвестно,Неизвестно,мужской,72.0,Москва,МГУ,Философский
327733536,154151541,1,3,женский,21.0,Москва,Неизвестно,Неизвестно,мужской,22.0,Химки,Неизвестно,Неизвестно
327733536,230631594,1,2,женский,21.0,Москва,Неизвестно,Неизвестно,мужской,22.0,Химки,Неизвестно,Неизвестно
327733536,465363318,1,2,женский,21.0,Москва,Неизвестно,Неизвестно,мужской,22.0,Москва,Неизвестно,Неизвестно
432150818,154151541,1,3,мужской,22.0,Москва,МГТУ им. Н. Э. Баумана (бывш. МВТУ),Неизвестно,мужской,22.0,Химки,Неизвестно,Неизвестно
432150818,276082772,1,2,мужской,22.0,Москва,МГТУ им. Н. Э. Баумана (бывш. МВТУ),Неизвестно,мужской,22.0,Москва,РЭУ им. Г. В. Плеханова,Факультет бизнеса «Капитаны»
432150818,276400143,1,0,мужской,22.0,Москва,МГТУ им. Н. Э. Баумана (бывш. МВТУ),Неизвестно,мужской,21.0,Москва,Неизвестно,Неизвестно
178325795,154151541,1,5,мужской,22.0,Москва,РТУ МИРЭА,Неизвестно,мужской,22.0,Химки,Неизвестно,Неизвестно
178325795,337418663,1,2,мужской,22.0,Москва,РТУ МИРЭА,Неизвестно,мужской,22.0,Санкт-Петербург,РТУ МИРЭА,Институт информационных технологий
178325795,342243498,1,1,мужской,22.0,Москва,РТУ МИРЭА,Неизвестно,мужской,22.0,Москва,Неизвестно,Неизвестно
178325795,368048152,1,1,мужской,22.0,Москва,РТУ МИРЭА,Неизвестно,мужской,22.0,Москва,Неизвестно,Неизвестно
178325795,491446601,1,0,мужской,22.0,Москва,РТУ МИРЭА,Неизвестно,мужской,24.0,Москва,Неизвестно,Неизвестно
178325795,602757527,1,1,мужской,22.0,Москва,РТУ МИРЭА,Неизвестно,мужской,26.0,Москва,Неизвестно,Неизвестно
176943398,292134122,1,1,мужской,22.0,Бронницы,Неизвестно,Неизвестно,мужской,22.0,Москва,Неизвестно,Неизвестно
176943398,322986299,1,1,мужской,22.0,Бронницы,Неизвестно,Неизвестно,женский,22.0,Москва,Неизвестно,Неизвестно
49113389,154151541,1,0,мужской,22.0,Москва,Неизвестно,Неизвестно,мужской,22.0,Химки,Неизвестно,Неизвестно
221280561,4561245,1,2,женский,22.0,Химки,Неизвестно,Неизвестно,женский,22.0,Химки,Неизвестно,Неизвестно
221280561,146511992,1,4,женский,22.0,Химки,Неизвестно,Неизвестно,женский,22.0,Москва,МГИМО МИД России,Неизвестно
221280561,154151541,1,8,женский,22.0,Химки,Неизвестно,Неизвестно,мужской,22.0,Химки,Неизвестно,Неизвестно
221280561,209508780,1,4,женский,22.0,Химки,Неизвестно,Неизвестно,женский,22.0,Москва,Неизвестно,Неизвестно
221280561,221684247,1,4,женский,22.0,Химки,Неизвестно,Неизвестно,женский,22.0,Москва,Неизвестно,Неизвестно
221280561,342258015,1,0,женский,22.0,Химки,Неизвестно,Неизвестно,мужской,22.0,Химки,Неизвестно,Неизвестно
221280561,466579963,1,2,женский,22.0,Химки,Неизвестно,Неизвестно,мужской,22.0,Москва,Неизвестно,Неизвестно
221280561,596357542,1,3,женский,22.0,Химки,Неизвестно,Неизвестно,мужской,22.0,Минск,Неизвестно,Неизвестно
322986299,176943398,1,1,женский,22.0,Москва,Неизвестно,Неизвестно,мужской,22.0,Бронницы,Неизвестно,Неизвестно
322986299,292134122,1,1,женский,22.0,Москва,Неизвестно,Неизвестно,мужской,22.0,Москва,Неизвестно,Неизвестно
130746686,220291482,1,2,мужской,22.0,Москва,Неизвестно,Неизвестно,мужской,22.0,Москва,РТУ МИРЭА,Институт информационных технологий
130746686,258814756,1,2,мужской,22.0,Москва,Неизвестно,Неизвестно,мужской,22.0,Москва,Неизвестно,Неизвестно
130746686,338121069,1,2,мужской,22.0,Москва,Неизвестно,Неизвестно,мужской,22.0,Москва,Неизвестно,Неизвестно
227234115,50391059,1,4,мужской,22.0,Москва,МГТУ им. Н. Э. Баумана (бывш. МВТУ),Неизвестно,мужской,72.0,Москва,МГУ,Философский
227234115,154151541,1,5,мужской,22.0,Москва,МГТУ им. Н. Э. Баумана (бывш. МВТУ),Неизвестно,мужской,22.0,Химки,Неизвестно,Неизвестно
227234115,230631594,1,4,мужской,22.0,Москва,МГТУ им. Н. Э. Баумана (бывш. МВТУ),Неизвестно,мужской,22.0,Химки,Неизвестно,Неизвестно
227234115,272517123,1,2,мужской,22.0,Москва,МГТУ им. Н. Э. Баумана (бывш. МВТУ),Неизвестно,женский,23.0,Химки,РХТУ им. Д. И. Менделеева,Неизвестно
227234115,363088358,1,3,мужской,22.0,Москва,МГТУ им. Н. Э. Баумана (бывш. МВТУ),Неизвестно,женский,22.0,Москва,Неизвестно,Неизвестно
227234115,387143718,1,2,мужской,22.0,Москва,МГТУ им. Н. Э. Баумана (бывш. МВТУ),Неизвестно,мужской,22.0,Москва,Неизвестно,Неизвестно
174111046,20341211,1,0,женский,22.0,Москва,Неизвестно,Неизвестно,мужской,22.0,Москва,Неизвестно,Неизвестно
174111046,69110189,1,13,женский,22.0,Москва,Неизвестно,Неизвестно,женский,25.0,Москва,РТУ МИРЭА,Неизвестно
174111046,99138057,1,9,женский,22.0,Москва,Неизвестно,Неизвестно,мужской,40.0,Москва,МГУПИ,Институт высоких технологий
174111046,112120311,1,11,женский,22.0,Москва,Неизвестно,Неизвестно,мужской,22.0,Москва,Неизвестно,Неизвестно
174111046,154151541,1,17,женский,22.0,Москва,Неизвестно,Неизвестно,мужской,22.0,Химки,Неизвестно,Неизвестно
174111046,158445696,1,11,женский,22.0,Москва,Неизвестно,Неизвестно,женский,22.0,Москва,РТУ МИРЭА,Институт информационных технологий
174111046,163823935,1,13,женский,22.0,Москва,Неизвестно,Неизвестно,мужской,22.0,Подольск,РТУ МИРЭА,Институт информационных технологий
174111046,175100020,1,6,женский,22.0,Москва,Неизвестно,Неизвестно,мужской,22.0,Москва,РТУ МИРЭА,Институт информационных технологий
174111046,203874757,1,0,женский,22.0,Москва,Неизвестно,Неизвестно,мужской,22.0,Москва,Неизвестно,Неизвестно
174111046,246872239,1,13,женский,22.0,Москва,Неизвестно,Неизвестно,мужской,21.0,Москва,РТУ МИРЭА,Институт информационных технологий
174111046,265111970,1,3,женский,22.0,Москва,Неизвестно,Неизвестно,мужской,22.0,Москва,РТУ МИРЭА,Институт информационных технологий
174111046,275267938,1,6,женский,22.0,Москва,Неизвестно,Неизвестно,мужской,22.0,Таганрог,Неизвестно,Неизвестно
174111046,286877958,1,12,женский,22.0,Москва,Неизвестно,Неизвестно,мужской,22.0,Москва,Неизвестно,Неизвестно
174111046,359178717,1,16,женский,22.0,Москва,Неизвестно,Неизвестно,мужской,22.0,Москва,Неизвестно,Неизвестно
174111046,410472515,1,11,женский,22.0,Москва,Неизвестно,Неизвестно,мужской,22.0,Королёв,РТУ МИРЭА,Неизвестно
174111046,425382019,1,10,женский,22.0,Москва,Неизвестно,Неизвестно,женский,22.0,Москва,Неизвестно,Неизвестно
174111046,441397508,1,0,женский,22.0,Москва,Неизвестно,Неизвестно,женский,22.0,Москва,Неизвестно,Неизвестно
174111046,662741463,1,11,женский,22.0,Москва,Неизвестно,Неизвестно,мужской,23.0,Москва,РТУ МИРЭА,Институт кибербезопасности и цифровых технологий
177512785,154151541,1,2,мужской,22.0,Москва,РТУ МИРЭА,Неизвестно,мужской,22.0,Химки,Неизвестно,Неизвестно
177512785,337418663,1,2,мужской,22.0,Москва,РТУ МИРЭА,Неизвестно,мужской,22.0,Санкт-Петербург,РТУ МИРЭА,Институт информационных технологий
177512785,662741463,1,2,мужской,22.0,Москва,РТУ МИРЭА,Неизвестно,мужской,23.0,Москва,РТУ МИРЭА,Институт кибербезопасности и цифровых технологий
163823935,20341211,1,0,мужской,22.0,Подольск,РТУ МИРЭА,Институт информационных технологий,мужской,22.0,Москва,Неизвестно,Неизвестно
163823935,99138057,1,8,мужской,22.0,Подольск,РТУ МИРЭА,Институт информационных технологий,мужской,40.0,Москва,МГУПИ,Институт высоких технологий
163823935,112120311,1,10,мужской,22.0,Подольск,РТУ МИРЭА,Институт информационных технологий,мужской,22.0,Москва,Неизвестно,Неизвестно
163823935,154151541,1,18,мужской,22.0,Подольск,РТУ МИРЭА,Институт информационных технологий,мужской,22.0,Химки,Неизвестно,Неизвестно
163823935,158445696,1,9,мужской,22.0,Подольск,РТУ МИРЭА,Институт информационных технологий,женский,22.0,Москва,РТУ МИРЭА,Институт информационных технологий
163823935,174111046,1,13,мужской,22.0,Подольск,РТУ МИРЭА,Институт информационных технологий,женский,22.0,Москва,Неизвестно,Неизвестно
163823935,175100020,1,6,мужской,22.0,Подольск,РТУ МИРЭА,Институт информационных технологий,мужской,22.0,Москва,РТУ МИРЭА,Институт информационных технологий
163823935,203874757,1,0,мужской,22.0,Подольск,РТУ МИРЭА,Институт информационных технологий,мужской,22.0,Москва,Неизвестно,Неизвестно
163823935,210813066,1,3,мужской,22.0,Подольск,РТУ МИРЭА,Институт информационных технологий,мужской,22.0,Москва,РТУ МИРЭА,Неизвестно
163823935,225632479,1,5,мужской,22.0,Подольск,РТУ МИРЭА,Институт информационных технологий,мужской,22.0,Москва,Неизвестно,Неизвестно
163823935,246872239,1,14,мужской,22.0,Подольск,РТУ МИРЭА,Институт информационных технологий,мужской,21.0,Москва,РТУ МИРЭА,Институт информационных технологий
163823935,269388306,1,5,мужской,22.0,Подольск,РТУ МИРЭА,Институт информационных технологий,мужской,22.0,Москва,Неизвестно,Неизвестно
163823935,286877958,1,9,мужской,22.0,Подольск,РТУ МИРЭА,Институт информационных технологий,мужской,22.0,Москва,Неизвестно,Неизвестно
163823935,342243498,1,4,мужской,22.0,Подольск,РТУ МИРЭА,Институт информационных технологий,мужской,22.0,Москва,Неизвестно,Неизвестно
163823935,359178717,1,15,мужской,22.0,Подольск,РТУ МИРЭА,Институт информационных технологий,мужской,22.0,Москва,Неизвестно,Неизвестно
163823935,425382019,1,8,мужской,22.0,Подольск,РТУ МИРЭА,Институт информационных технологий,женский,22.0,Москва,Неизвестно,Неизвестно
163823935,441397508,1,0,мужской,22.0,Подольск,РТУ МИРЭА,Институт информационных технологий,женский,22.0,Москва,Неизвестно,Неизвестно
163823935,442167323,1,0,мужской,22.0,Подольск,РТУ МИРЭА,Институт информационных технологий,мужской,22.0,Москва,Неизвестно,Неизвестно
163823935,662741463,1,13,мужской,22.0,Подольск,РТУ МИРЭА,Институт информационных технологий,мужской,23.0,Москва,РТУ МИРЭА,Институт кибербезопасности и цифровых технологий
381065555,154151541,1,1,мужской,22.0,Москва,РТУ МИРЭА,Неизвестно,мужской,22.0,Химки,Неизвестно,Неизвестно
381065555,225632479,1,1,мужской,22.0,Москва,РТУ МИРЭА,Неизвестно,мужской,22.0,Москва,Неизвестно,Неизвестно
419168599,154151541,1,8,мужской,22.0,Москва,Неизвестно,Неизвестно,мужской,22.0,Химки,Неизвестно,Неизвестно
419168599,191557938,1,0,мужской,22.0,Москва,Неизвестно,Неизвестно,мужской,22.0,Одинцово,Неизвестно,Неизвестно
419168599,254249175,1,6,мужской,22.0,Москва,Неизвестно,Неизвестно,мужской,21.0,Пенза,РТУ МИРЭА,Неизвестно
419168599,283922767,1,0,мужской,22.0,Москва,Неизвестно,Неизвестно,мужской,21.0,Москва,Неизвестно,Неизвестно
419168599,350840991,1,8,мужской,22.0,Москва,Неизвестно,Неизвестно,мужской,22.0,Москва,Неизвестно,Неизвестно
419168599,394100799,1,8,мужской,22.0,Москва,Неизвестно,Неизвестно,мужской,20.0,Москва,РТУ МИРЭА,Институт информационных технологий
419168599,432814093,1,8,мужской,22.0,Москва,Неизвестно,Неизвестно,мужской,22.0,Кизнер (поселок),Неизвестно,Неизвестно
419168599,548550935,1,8,мужской,22.0,Москва,Неизвестно,Неизвестно,мужской,20.0,Москва,РТУ МИРЭА,Институт информационных технологий
419168599,611694763,1,7,мужской,22.0,Москва,Неизвестно,Неизвестно,мужской,21.0,Москва,Неизвестно,Неизвестно
4561245,143677868,1,1,женский,22.0,Химки,Неизвестно,Неизвестно,женский,24.0,Москва,Неизвестно,Неизвестно
4561245,146511992,1,2,женский,22.0,Химки,Неизвестно,Неизвестно,женский,22.0,Москва,МГИМО МИД России,Неизвестно
4561245,154151541,1,3,женский,22.0,Химки,Неизвестно,Неизвестно,мужской,22.0,Химки,Неизвестно,Неизвестно
4561245,221280561,1,2,женский,22.0,Химки,Неизвестно,Неизвестно,женский,22.0,Химки,Неизвестно,Неизвестно
357593443,258814756,1,1,мужской,22.0,Fukuoka,Неизвестно,Неизвестно,мужской,22.0,Москва,Неизвестно,Неизвестно
357593443,481253563,1,1,мужской,22.0,Fukuoka,Неизвестно,Неизвестно,мужской,21.0,Москва,РТУ МИРЭА,Институт информационных технологий
275267938,69110189,1,6,мужской,22.0,Таганрог,Неизвестно,Неизвестно,женский,25.0,Москва,РТУ МИРЭА,Неизвестно
275267938,99138057,1,3,мужской,22.0,Таганрог,Неизвестно,Неизвестно,мужской,40.0,Москва,МГУПИ,Институт высоких технологий
275267938,154151541,1,6,мужской,22.0,Таганрог,Неизвестно,Неизвестно,мужской,22.0,Химки,Неизвестно,Неизвестно
275267938,158445696,1,5,мужской,22.0,Таганрог,Неизвестно,Неизвестно,женский,22.0,Москва,РТУ МИРЭА,Институт информационных технологий
275267938,174111046,1,6,мужской,22.0,Таганрог,Неизвестно,Неизвестно,женский,22.0,Москва,Неизвестно,Неизвестно
275267938,286877958,1,5,мужской,22.0,Таганрог,Неизвестно,Неизвестно,мужской,22.0,Москва,Неизвестно,Неизвестно
275267938,410472515,1,6,мужской,22.0,Таганрог,Неизвестно,Неизвестно,мужской,22.0,Королёв,РТУ МИРЭА,Неизвестно
238444902,154151541,1,4,женский,22.0,Москва,Неизвестно,Неизвестно,мужской,22.0,Химки,Неизвестно,Неизвестно
238444902,171888881,1,1,женский,22.0,Москва,Неизвестно,Неизвестно,мужской,23.0,Одинцово,Неизвестно,Неизвестно
238444902,185888968,1,3,женский,22.0,Москва,Неизвестно,Неизвестно,мужской,22.0,Москва,Неизвестно,Неизвестно
238444902,241984007,1,3,женский,22.0,Москва,Неизвестно,Неизвестно,мужской,56.0,Москва,Неизвестно,Неизвестно
238444902,372566434,1,3,женский,22.0,Москва,Неизвестно,Неизвестно,мужской,22.0,Москва,Неизвестно,Неизвестно
263573863,220291482,1,4,мужской,22.0,Москва,Неизвестно,Неизвестно,мужской,22.0,Москва,РТУ МИРЭА,Институт информационных технологий
263573863,258814756,1,4,мужской,22.0,Москва,Неизвестно,Неизвестно,мужской,22.0,Москва,Неизвестно,Неизвестно
263573863,325462157,1,3,мужской,22.0,Москва,Неизвестно,Неизвестно,мужской,22.0,Москва,Неизвестно,Неизвестно
263573863,338121069,1,3,мужской,22.0,Москва,Неизвестно,Неизвестно,мужской,22.0,Москва,Неизвестно,Неизвестно
263573863,365320601,1,2,мужской,22.0,Москва,Неизвестно,Неизвестно,женский,22.0,Москва,МИРЭА (до 2015),Факультет информационных технологий
567333224,154151541,1,0,мужской,22.0,Москва,Неизвестно,Неизвестно,мужской,22.0,Химки,Неизвестно,Неизвестно
91478379,146511992,1,1,женский,22.0,Paris,Неизвестно,Неизвестно,женский,22.0,Москва,МГИМО МИД России,Неизвестно
91478379,154151541,1,2,женский,22.0,Paris,Неизвестно,Неизвестно,мужской,22.0,Химки,Неизвестно,Неизвестно
91478379,184572109,1,1,женский,22.0,Paris,Неизвестно,Неизвестно,женский,22.0,Москва,Неизвестно,Неизвестно
338121069,130746686,1,2,мужской,22.0,Москва,Неизвестно,Неизвестно,мужской,22.0,Москва,Неизвестно,Неизвестно
338121069,220291482,1,5,мужской,22.0,Москва,Неизвестно,Неизвестно,мужской,22.0,Москва,РТУ МИРЭА,Институт информационных технологий
338121069,258814756,1,6,мужской,22.0,Москва,Неизвестно,Неизвестно,мужской,22.0,Москва,Неизвестно,Неизвестно
338121069,263573863,1,3,мужской,22.0,Москва,Неизвестно,Неизвестно,мужской,22.0,Москва,Неизвестно,Неизвестно
338121069,325462157,1,4,мужской,22.0,Москва,Неизвестно,Неизвестно,мужской,22.0,Москва,Неизвестно,Неизвестно
338121069,435357753,1,2,мужской,22.0,Москва,Неизвестно,Неизвестно,женский,22.0,Москва,РТУ МИРЭА,Институт информационных технологий
338121069,481253563,1,2,мужской,22.0,Москва,Неизвестно,Неизвестно,мужской,21.0,Москва,РТУ МИРЭА,Институт информационных технологий
345307505,154151541,1,0,мужской,22.0,Berlin,Неизвестно,Неизвестно,мужской,22.0,Химки,Неизвестно,Неизвестно
202363248,154151541,1,0,женский,22.0,Рязань,Неизвестно,Неизвестно,мужской,22.0,Химки,Неизвестно,Неизвестно
465363318,50391059,1,2,мужской,22.0,Москва,Неизвестно,Неизвестно,мужской,72.0,Москва,МГУ,Философский
465363318,154151541,1,3,мужской,22.0,Москва,Неизвестно,Неизвестно,мужской,22.0,Химки,Неизвестно,Неизвестно
465363318,255552012,1,1,мужской,22.0,Москва,Неизвестно,Неизвестно,женский,22.0,Москва,"Президентская академия (РАНХиГС, бывш. АНХ)",Неизвестно
465363318,327733536,1,2,мужской,22.0,Москва,Неизвестно,Неизвестно,женский,21.0,Москва,Неизвестно,Неизвестно
337236344,232437875,1,2,мужской,22.0,Москва,Неизвестно,Неизвестно,мужской,21.0,Москва,Неизвестно,Неизвестно
337236344,258814756,1,2,мужской,22.0,Москва,Неизвестно,Неизвестно,мужской,22.0,Москва,Неизвестно,Неизвестно
337236344,481253563,1,2,мужской,22.0,Москва,Неизвестно,Неизвестно,мужской,21.0,Москва,РТУ МИРЭА,Институт информационных технологий
395645310,112120311,1,1,мужской,22.0,Москва,Неизвестно,Неизвестно,мужской,22.0,Москва,Неизвестно,Неизвестно
395645310,154110170,1,1,мужской,22.0,Москва,Неизвестно,Неизвестно,мужской,22.0,Москва,Неизвестно,Неизвестно
395645310,154151541,1,2,мужской,22.0,Москва,Неизвестно,Неизвестно,мужской,22.0,Химки,Неизвестно,Неизвестно
319349113,154151541,1,0,мужской,22.0,Жуковский,Неизвестно,Неизвестно,мужской,22.0,Химки,Неизвестно,Неизвестно
165376388,292134122,1,0,мужской,22.0,Москва,Неизвестно,Неизвестно,мужской,22.0,Москва,Неизвестно,Неизвестно
187140484,154151541,1,0,мужской,22.0,Евпатория,Неизвестно,Неизвестно,мужской,22.0,Химки,Неизвестно,Неизвестно
342077835,258814756,1,1,женский,22.0,Москва,Неизвестно,Неизвестно,мужской,22.0,Москва,Неизвестно,Неизвестно
342077835,306509984,1,0,женский,22.0,Москва,Неизвестно,Неизвестно,мужской,22.0,Москва,Неизвестно,Неизвестно
602757527,154151541,1,2,мужской,26.0,Москва,Неизвестно,Неизвестно,мужской,22.0,Химки,Неизвестно,Неизвестно
602757527,178325795,1,1,мужской,26.0,Москва,Неизвестно,Неизвестно,мужской,22.0,Москва,РТУ МИРЭА,Неизвестно
602757527,246872239,1,1,мужской,26.0,Москва,Неизвестно,Неизвестно,мужской,21.0,Москва,РТУ МИРЭА,Институт информационных технологий
365320601,13480453,1,0,женский,22.0,Москва,МИРЭА (до 2015),Факультет информационных технологий,женский,22.0,Москва,Неизвестно,Неизвестно
365320601,220291482,1,2,женский,22.0,Москва,МИРЭА (до 2015),Факультет информационных технологий,мужской,22.0,Москва,РТУ МИРЭА,Институт информационных технологий
365320601,258814756,1,4,женский,22.0,Москва,МИРЭА (до 2015),Факультет информационных технологий,мужской,22.0,Москва,Неизвестно,Неизвестно
365320601,263573863,1,2,женский,22.0,Москва,МИРЭА (до 2015),Факультет информационных технологий,мужской,22.0,Москва,Неизвестно,Неизвестно
365320601,439146588,1,2,женский,22.0,Москва,МИРЭА (до 2015),Факультет информационных технологий,мужской,22.0,Москва,РТУ МИРЭА,Институт информационных технологий
365320601,481253563,1,2,женский,22.0,Москва,МИРЭА (до 2015),Факультет информационных технологий,мужской,21.0,Москва,РТУ МИРЭА,Институт информационных технологий
220291482,130746686,1,2,мужской,22.0,Москва,РТУ МИРЭА,Институт информационных технологий,мужской,22.0,Москва,Неизвестно,Неизвестно
220291482,258814756,1,6,мужской,22.0,Москва,РТУ МИРЭА,Институт информационных технологий,мужской,22.0,Москва,Неизвестно,Неизвестно
220291482,263573863,1,4,мужской,22.0,Москва,РТУ МИРЭА,Институт информационных технологий,мужской,22.0,Москва,Неизвестно,Неизвестно
220291482,325462157,1,3,мужской,22.0,Москва,РТУ МИРЭА,Институт информационных технологий,мужской,22.0,Москва,Неизвестно,Неизвестно
220291482,338121069,1,5,мужской,22.0,Москва,РТУ МИРЭА,Институт информационных технологий,мужской,22.0,Москва,Неизвестно,Неизвестно
220291482,365320601,1,2,мужской,22.0,Москва,РТУ МИРЭА,Институт информационных технологий,женский,22.0,Москва,МИРЭА (до 2015),Факультет информационных технологий
220291482,435357753,1,2,мужской,22.0,Москва,РТУ МИРЭА,Институт информационных технологий,женский,22.0,Москва,РТУ МИРЭА,Институт информационных технологий
265111970,154151541,1,3,мужской,22.0,Москва,РТУ МИРЭА,Институт информационных технологий,мужской,22.0,Химки,Неизвестно,Неизвестно
265111970,174111046,1,3,мужской,22.0,Москва,РТУ МИРЭА,Институт информационных технологий,женский,22.0,Москва,Неизвестно,Неизвестно
265111970,359178717,1,3,мужской,22.0,Москва,РТУ МИРЭА,Институт информационных технологий,мужской,22.0,Москва,Неизвестно,Неизвестно
265111970,441397508,1,0,мужской,22.0,Москва,РТУ МИРЭА,Институт информационных технологий,женский,22.0,Москва,Неизвестно,Неизвестно
372566434,154151541,1,5,мужской,22.0,Москва,Неизвестно,Неизвестно,мужской,22.0,Химки,Неизвестно,Неизвестно
372566434,185888968,1,4,мужской,22.0,Москва,Неизвестно,Неизвестно,мужской,22.0,Москва,Неизвестно,Неизвестно
372566434,238444902,1,3,мужской,22.0,Москва,Неизвестно,Неизвестно,женский,22.0,Москва,Неизвестно,Неизвестно
372566434,241984007,1,4,мужской,22.0,Москва,Неизвестно,Неизвестно,мужской,56.0,Москва,Неизвестно,Неизвестно
372566434,248922122,1,0,мужской,22.0,Москва,Неизвестно,Неизвестно,мужской,21.0,Москва,Неизвестно,Неизвестно
372566434,273596951,1,3,мужской,22.0,Москва,Неизвестно,Неизвестно,мужской,22.0,Москва,РТУ МИРЭА,Неизвестно
596357542,154151541,1,4,мужской,22.0,Минск,Неизвестно,Неизвестно,мужской,22.0,Химки,Неизвестно,Неизвестно
596357542,221280561,1,3,мужской,22.0,Минск,Неизвестно,Неизвестно,женский,22.0,Химки,Неизвестно,Неизвестно
596357542,221684247,1,2,мужской,22.0,Минск,Неизвестно,Неизвестно,женский,22.0,Москва,Неизвестно,Неизвестно
596357542,466579963,1,3,мужской,22.0,Минск,Неизвестно,Неизвестно,мужской,22.0,Москва,Неизвестно,Неизвестно
596357542,474388963,1,2,мужской,22.0,Минск,Неизвестно,Неизвестно,мужской,22.0,Химки,Неизвестно,Неизвестно
337418663,93944075,1,0,мужской,22.0,Санкт-Петербург,РТУ МИРЭА,Институт информационных технологий,мужской,27.0,Москва,Неизвестно,Неизвестно
337418663,154151541,1,7,мужской,22.0,Санкт-Петербург,РТУ МИРЭА,Институт информационных технологий,мужской,22.0,Химки,Неизвестно,Неизвестно
337418663,177512785,1,2,мужской,22.0,Санкт-Петербург,РТУ МИРЭА,Институт информационных технологий,мужской,22.0,Москва,РТУ МИРЭА,Неизвестно
337418663,178325795,1,2,мужской,22.0,Санкт-Петербург,РТУ МИРЭА,Институт информационных технологий,мужской,22.0,Москва,РТУ МИРЭА,Неизвестно
337418663,185888968,1,2,мужской,22.0,Санкт-Петербург,РТУ МИРЭА,Институт информационных технологий,мужской,22.0,Москва,Неизвестно,Неизвестно
337418663,273596951,1,2,мужской,22.0,Санкт-Петербург,РТУ МИРЭА,Институт информационных технологий,мужской,22.0,Москва,РТУ МИРЭА,Неизвестно
337418663,491446601,1,0,мужской,22.0,Санкт-Петербург,РТУ МИРЭА,Институт информационных технологий,мужской,24.0,Москва,Неизвестно,Неизвестно
337418663,662741463,1,3,мужской,22.0,Санкт-Петербург,РТУ МИРЭА,Институт информационных технологий,мужской,23.0,Москва,РТУ МИРЭА,Институт кибербезопасности и цифровых технологий
80421291,154151541,1,2,женский,22.0,Москва,РХТУ им. Д. И. Менделеева,Факультет химико-фармацевтических технологий и биомедицинских препаратов,мужской,22.0,Химки,Неизвестно,Неизвестно
80421291,221684247,1,2,женский,22.0,Москва,РХТУ им. Д. И. Менделеева,Факультет химико-фармацевтических технологий и биомедицинских препаратов,женский,22.0,Москва,Неизвестно,Неизвестно
69110189,20341211,1,0,женский,25.0,Москва,РТУ МИРЭА,Неизвестно,мужской,22.0,Москва,Неизвестно,Неизвестно
69110189,99138057,1,9,женский,25.0,Москва,РТУ МИРЭА,Неизвестно,мужской,40.0,Москва,МГУПИ,Институт высоких технологий
69110189,112120311,1,10,женский,25.0,Москва,РТУ МИРЭА,Неизвестно,мужской,22.0,Москва,Неизвестно,Неизвестно
69110189,154151541,1,16,женский,25.0,Москва,РТУ МИРЭА,Неизвестно,мужской,22.0,Химки,Неизвестно,Неизвестно
69110189,158445696,1,11,женский,25.0,Москва,РТУ МИРЭА,Неизвестно,женский,22.0,Москва,РТУ МИРЭА,Институт информационных технологий
69110189,171888881,1,6,женский,25.0,Москва,РТУ МИРЭА,Неизвестно,мужской,23.0,Одинцово,Неизвестно,Неизвестно
69110189,174111046,1,13,женский,25.0,Москва,РТУ МИРЭА,Неизвестно,женский,22.0,Москва,Неизвестно,Неизвестно
69110189,203874757,1,0,женский,25.0,Москва,РТУ МИРЭА,Неизвестно,мужской,22.0,Москва,Неизвестно,Неизвестно
69110189,246872239,1,10,женский,25.0,Москва,РТУ МИРЭА,Неизвестно,мужской,21.0,Москва,РТУ МИРЭА,Институт информационных технологий
69110189,275267938,1,6,женский,25.0,Москва,РТУ МИРЭА,Неизвестно,мужской,22.0,Таганрог,Неизвестно,Неизвестно
69110189,286877958,1,11,женский,25.0,Москва,РТУ МИРЭА,Неизвестно,мужской,22.0,Москва,Неизвестно,Неизвестно
69110189,359178717,1,13,женский,25.0,Москва,РТУ МИРЭА,Неизвестно,мужской,22.0,Москва,Неизвестно,Неизвестно
69110189,410472515,1,13,женский,25.0,Москва,РТУ МИРЭА,Неизвестно,мужской,22.0,Королёв,РТУ МИРЭА,Неизвестно
69110189,425382019,1,10,женский,25.0,Москва,РТУ МИРЭА,Неизвестно,женский,22.0,Москва,Неизвестно,Неизвестно
69110189,442167323,1,0,женский,25.0,Москва,РТУ МИРЭА,Неизвестно,мужской,22.0,Москва,Неизвестно,Неизвестно
69110189,612204821,1,9,женский,25.0,Москва,РТУ МИРЭА,Неизвестно,мужской,22.0,Москва,Неизвестно,Неизвестно
69110189,662741463,1,11,женский,25.0,Москва,РТУ МИРЭА,Неизвестно,мужской,23.0,Москва,РТУ МИРЭА,Институт кибербезопасности и цифровых технологий
143677868,4561245,1,1,женский,24.0,Москва,Неизвестно,Неизвестно,женский,22.0,Химки,Неизвестно,Неизвестно
143677868,50391059,1,2,женский,24.0,Москва,Неизвестно,Неизвестно,мужской,72.0,Москва,МГУ,Философский
143677868,154151541,1,5,женский,24.0,Москва,Неизвестно,Неизвестно,мужской,22.0,Химки,Неизвестно,Неизвестно
143677868,184572109,1,1,женский,24.0,Москва,Неизвестно,Неизвестно,женский,22.0,Москва,Неизвестно,Неизвестно
143677868,272517123,1,2,женский,24.0,Москва,Неизвестно,Неизвестно,женский,23.0,Химки,РХТУ им. Д. И. Менделеева,Неизвестно
143677868,457226450,1,1,женский,24.0,Москва,Неизвестно,Неизвестно,женский,22.0,Москва,Неизвестно,Неизвестно
209508780,154151541,1,6,женский,22.0,Москва,Неизвестно,Неизвестно,мужской,22.0,Химки,Неизвестно,Неизвестно
209508780,221280561,1,4,женский,22.0,Москва,Неизвестно,Неизвестно,женский,22.0,Химки,Неизвестно,Неизвестно
209508780,221684247,1,2,женский,22.0,Москва,Неизвестно,Неизвестно,женский,22.0,Москва,Неизвестно,Неизвестно
209508780,255552012,1,3,женский,22.0,Москва,Неизвестно,Неизвестно,женский,22.0,Москва,"Президентская академия (РАНХиГС, бывш. АНХ)",Неизвестно
209508780,342258015,1,0,женский,22.0,Москва,Неизвестно,Неизвестно,мужской,22.0,Химки,Неизвестно,Неизвестно
209508780,542173460,1,0,женский,22.0,Москва,Неизвестно,Неизвестно,женский,22.0,Москва,Неизвестно,Неизвестно
395426263,154151541,1,1,мужской,22.0,Москва,Неизвестно,Неизвестно,мужской,22.0,Химки,Неизвестно,Неизвестно
395426263,457226450,1,1,мужской,22.0,Москва,Неизвестно,Неизвестно,женский,22.0,Москва,Неизвестно,Неизвестно
662741463,20341211,1,0,мужской,23.0,Москва,РТУ МИРЭА,Институт кибербезопасности и цифровых технологий,мужской,22.0,Москва,Неизвестно,Неизвестно
662741463,69110189,1,11,мужской,23.0,Москва,РТУ МИРЭА,Институт кибербезопасности и цифровых технологий,женский,25.0,Москва,РТУ МИРЭА,Неизвестно
662741463,93944075,1,0,мужской,23.0,Москва,РТУ МИРЭА,Институт кибербезопасности и цифровых технологий,мужской,27.0,Москва,Неизвестно,Неизвестно
662741463,99138057,1,10,мужской,23.0,Москва,РТУ МИРЭА,Институт кибербезопасности и цифровых технологий,мужской,40.0,Москва,МГУПИ,Институт высоких технологий
662741463,112120311,1,8,мужской,23.0,Москва,РТУ МИРЭА,Институт кибербезопасности и цифровых технологий,мужской,22.0,Москва,Неизвестно,Неизвестно
662741463,154151541,1,23,мужской,23.0,Москва,РТУ МИРЭА,Институт кибербезопасности и цифровых технологий,мужской,22.0,Химки,Неизвестно,Неизвестно
662741463,163823935,1,13,мужской,23.0,Москва,РТУ МИРЭА,Институт кибербезопасности и цифровых технологий,мужской,22.0,Подольск,РТУ МИРЭА,Институт информационных технологий
662741463,171888881,1,5,мужской,23.0,Москва,РТУ МИРЭА,Институт кибербезопасности и цифровых технологий,мужской,23.0,Одинцово,Неизвестно,Неизвестно
662741463,174111046,1,11,мужской,23.0,Москва,РТУ МИРЭА,Институт кибербезопасности и цифровых технологий,женский,22.0,Москва,Неизвестно,Неизвестно
662741463,175100020,1,6,мужской,23.0,Москва,РТУ МИРЭА,Институт кибербезопасности и цифровых технологий,мужской,22.0,Москва,РТУ МИРЭА,Институт информационных технологий
662741463,177512785,1,2,мужской,23.0,Москва,РТУ МИРЭА,Институт кибербезопасности и цифровых технологий,мужской,22.0,Москва,РТУ МИРЭА,Неизвестно
662741463,198752426,1,1,мужской,23.0,Москва,РТУ МИРЭА,Институт кибербезопасности и цифровых технологий,женский,22.0,Toronto,Неизвестно,Неизвестно
662741463,225632479,1,4,мужской,23.0,Москва,РТУ МИРЭА,Институт кибербезопасности и цифровых технологий,мужской,22.0,Москва,Неизвестно,Неизвестно
662741463,246872239,1,12,мужской,23.0,Москва,РТУ МИРЭА,Институт кибербезопасности и цифровых технологий,мужской,21.0,Москва,РТУ МИРЭА,Институт информационных технологий
662741463,248922122,1,0,мужской,23.0,Москва,РТУ МИРЭА,Институт кибербезопасности и цифровых технологий,мужской,21.0,Москва,Неизвестно,Неизвестно
662741463,269388306,1,4,мужской,23.0,Москва,РТУ МИРЭА,Институт кибербезопасности и цифровых технологий,мужской,22.0,Москва,Неизвестно,Неизвестно
662741463,337418663,1,3,мужской,23.0,Москва,РТУ МИРЭА,Институт кибербезопасности и цифровых технологий,мужской,22.0,Санкт-Петербург,РТУ МИРЭА,Институт информационных технологий
662741463,342243498,1,6,мужской,23.0,Москва,РТУ МИРЭА,Институт кибербезопасности и цифровых технологий,мужской,22.0,Москва,Неизвестно,Неизвестно
662741463,359178717,1,13,мужской,23.0,Москва,РТУ МИРЭА,Институт кибербезопасности и цифровых технологий,мужской,22.0,Москва,Неизвестно,Неизвестно
662741463,410472515,1,8,мужской,23.0,Москва,РТУ МИРЭА,Институт кибербезопасности и цифровых технологий,мужской,22.0,Королёв,РТУ МИРЭА,Неизвестно
662741463,441397508,1,0,мужской,23.0,Москва,РТУ МИРЭА,Институт кибербезопасности и цифровых технологий,женский,22.0,Москва,Неизвестно,Неизвестно
662741463,442167323,1,0,мужской,23.0,Москва,РТУ МИРЭА,Институт кибербезопасности и цифровых технологий,мужской,22.0,Москва,Неизвестно,Неизвестно
662741463,548550935,1,1,мужской,23.0,Москва,РТУ МИРЭА,Институт кибербезопасности и цифровых технологий,мужской,20.0,Москва,РТУ МИРЭА,Институт информационных технологий
662741463,612204821,1,6,мужской,23.0,Москва,РТУ МИРЭА,Институт кибербезопасности и цифровых технологий,мужской,22.0,Москва,Неизвестно,Неизвестно
558275035,154151541,1,1,мужской,23.0,Москва,Неизвестно,Неизвестно,мужской,22.0,Химки,Неизвестно,Неизвестно
558275035,350840991,1,1,мужской,23.0,Москва,Неизвестно,Неизвестно,мужской,22.0,Москва,Неизвестно,Неизвестно
359178717,20341211,1,0,мужской,22.0,Москва,Неизвестно,Неизвестно,мужской,22.0,Москва,Неизвестно,Неизвестно
359178717,69110189,1,13,мужской,22.0,Москва,Неизвестно,Неизвестно,женский,25.0,Москва,РТУ МИРЭА,Неизвестно
359178717,99138057,1,8,мужской,22.0,Москва,Неизвестно,Неизвестно,мужской,40.0,Москва,МГУПИ,Институт высоких технологий
359178717,112120311,1,11,мужской,22.0,Москва,Неизвестно,Неизвестно,мужской,22.0,Москва,Неизвестно,Неизвестно
359178717,154151541,1,19,мужской,22.0,Москва,Неизвестно,Неизвестно,мужской,22.0,Химки,Неизвестно,Неизвестно
359178717,158445696,1,12,мужской,22.0,Москва,Неизвестно,Неизвестно,женский,22.0,Москва,РТУ МИРЭА,Институт информационных технологий
359178717,163823935,1,15,мужской,22.0,Москва,Неизвестно,Неизвестно,мужской,22.0,Подольск,РТУ МИРЭА,Институт информационных технологий
359178717,174111046,1,16,мужской,22.0,Москва,Неизвестно,Неизвестно,женский,22.0,Москва,Неизвестно,Неизвестно
359178717,175100020,1,6,мужской,22.0,Москва,Неизвестно,Неизвестно,мужской,22.0,Москва,РТУ МИРЭА,Институт информационных технологий
359178717,203874757,1,0,мужской,22.0,Москва,Неизвестно,Неизвестно,мужской,22.0,Москва,Неизвестно,Неизвестно
359178717,210813066,1,2,мужской,22.0,Москва,Неизвестно,Неизвестно,мужской,22.0,Москва,РТУ МИРЭА,Неизвестно
359178717,246872239,1,14,мужской,22.0,Москва,Неизвестно,Неизвестно,мужской,21.0,Москва,РТУ МИРЭА,Институт информационных технологий
359178717,265111970,1,3,мужской,22.0,Москва,Неизвестно,Неизвестно,мужской,22.0,Москва,РТУ МИРЭА,Институт информационных технологий
359178717,269388306,1,5,мужской,22.0,Москва,Неизвестно,Неизвестно,мужской,22.0,Москва,Неизвестно,Неизвестно
359178717,286877958,1,11,мужской,22.0,Москва,Неизвестно,Неизвестно,мужской,22.0,Москва,Неизвестно,Неизвестно
359178717,410472515,1,11,мужской,22.0,Москва,Неизвестно,Неизвестно,мужской,22.0,Королёв,РТУ МИРЭА,Неизвестно
359178717,425382019,1,11,мужской,22.0,Москва,Неизвестно,Неизвестно,женский,22.0,Москва,Неизвестно,Неизвестно
359178717,441397508,1,0,мужской,22.0,Москва,Неизвестно,Неизвестно,женский,22.0,Москва,Неизвестно,Неизвестно
359178717,612204821,1,9,мужской,22.0,Москва,Неизвестно,Неизвестно,мужской,22.0,Москва,Неизвестно,Неизвестно
359178717,662741463,1,13,мужской,22.0,Москва,Неизвестно,Неизвестно,мужской,23.0,Москва,РТУ МИРЭА,Институт кибербезопасности и цифровых технологий
474388963,154151541,1,4,мужской,22.0,Химки,Неизвестно,Неизвестно,мужской,22.0,Химки,Неизвестно,Неизвестно
474388963,174135567,1,2,мужской,22.0,Химки,Неизвестно,Неизвестно,мужской,23.0,Ōfunato,Неизвестно,Неизвестно
474388963,230631594,1,2,мужской,22.0,Химки,Неизвестно,Неизвестно,мужской,22.0,Химки,Неизвестно,Неизвестно
474388963,466579963,1,4,мужской,22.0,Химки,Неизвестно,Неизвестно,мужской,22.0,Москва,Неизвестно,Неизвестно
474388963,596357542,1,2,мужской,22.0,Химки,Неизвестно,Неизвестно,мужской,22.0,Минск,Неизвестно,Неизвестно
363088358,50391059,1,3,женский,22.0,Москва,Неизвестно,Неизвестно,мужской,72.0,Москва,МГУ,Философский
363088358,154151541,1,3,женский,22.0,Москва,Неизвестно,Неизвестно,мужской,22.0,Химки,Неизвестно,Неизвестно
363088358,227234115,1,3,женский,22.0,Москва,Неизвестно,Неизвестно,мужской,22.0,Москва,МГТУ им. Н. Э. Баумана (бывш. МВТУ),Неизвестно
363088358,230631594,1,3,женский,22.0,Москва,Неизвестно,Неизвестно,мужской,22.0,Химки,Неизвестно,Неизвестно
195211764,154151541,1,0,мужской,22.0,Москва,Неизвестно,Неизвестно,мужской,22.0,Химки,Неизвестно,Неизвестно
112120311,20341211,1,0,мужской,22.0,Москва,Неизвестно,Неизвестно,мужской,22.0,Москва,Неизвестно,Неизвестно
112120311,69110189,1,10,мужской,22.0,Москва,Неизвестно,Неизвестно,женский,25.0,Москва,РТУ МИРЭА,Неизвестно
112120311,99138057,1,8,мужской,22.0,Москва,Неизвестно,Неизвестно,мужской,40.0,Москва,МГУПИ,Институт высоких технологий
112120311,154151541,1,12,мужской,22.0,Москва,Неизвестно,Неизвестно,мужской,22.0,Химки,Неизвестно,Неизвестно
112120311,158445696,1,8,мужской,22.0,Москва,Неизвестно,Неизвестно,женский,22.0,Москва,РТУ МИРЭА,Институт информационных технологий
112120311,163823935,1,10,мужской,22.0,Москва,Неизвестно,Неизвестно,мужской,22.0,Подольск,РТУ МИРЭА,Институт информационных технологий
112120311,174111046,1,11,мужской,22.0,Москва,Неизвестно,Неизвестно,женский,22.0,Москва,Неизвестно,Неизвестно
112120311,203874757,1,0,мужской,22.0,Москва,Неизвестно,Неизвестно,мужской,22.0,Москва,Неизвестно,Неизвестно
112120311,246872239,1,11,мужской,22.0,Москва,Неизвестно,Неизвестно,мужской,21.0,Москва,РТУ МИРЭА,Институт информационных технологий
112120311,286877958,1,8,мужской,22.0,Москва,Неизвестно,Неизвестно,мужской,22.0,Москва,Неизвестно,Неизвестно
112120311,359178717,1,11,мужской,22.0,Москва,Неизвестно,Неизвестно,мужской,22.0,Москва,Неизвестно,Неизвестно
112120311,395645310,1,1,мужской,22.0,Москва,Неизвестно,Неизвестно,мужской,22.0,Москва,Неизвестно,Неизвестно
112120311,662741463,1,8,мужской,22.0,Москва,Неизвестно,Неизвестно,мужской,23.0,Москва,РТУ МИРЭА,Институт кибербезопасности и цифровых технологий
466579963,87224583,1,1,мужской,22.0,Москва,Неизвестно,Неизвестно,мужской,22.0,Химки,Неизвестно,Неизвестно
466579963,154151541,1,7,мужской,22.0,Москва,Неизвестно,Неизвестно,мужской,22.0,Химки,Неизвестно,Неизвестно
466579963,174135567,1,2,мужской,22.0,Москва,Неизвестно,Неизвестно,мужской,23.0,Ōfunato,Неизвестно,Неизвестно
466579963,221280561,1,2,мужской,22.0,Москва,Неизвестно,Неизвестно,женский,22.0,Химки,Неизвестно,Неизвестно
466579963,230631594,1,2,мужской,22.0,Москва,Неизвестно,Неизвестно,мужской,22.0,Химки,Неизвестно,Неизвестно
466579963,457226450,1,1,мужской,22.0,Москва,Неизвестно,Неизвестно,женский,22.0,Москва,Неизвестно,Неизвестно
466579963,474388963,1,4,мужской,22.0,Москва,Неизвестно,Неизвестно,мужской,22.0,Химки,Неизвестно,Неизвестно
466579963,596357542,1,3,мужской,22.0,Москва,Неизвестно,Неизвестно,мужской,22.0,Минск,Неизвестно,Неизвестно
241984007,154151541,1,4,мужской,56.0,Москва,Неизвестно,Неизвестно,мужской,22.0,Химки,Неизвестно,Неизвестно
241984007,185888968,1,4,мужской,56.0,Москва,Неизвестно,Неизвестно,мужской,22.0,Москва,Неизвестно,Неизвестно
241984007,238444902,1,3,мужской,56.0,Москва,Неизвестно,Неизвестно,женский,22.0,Москва,Неизвестно,Неизвестно
241984007,273596951,1,3,мужской,56.0,Москва,Неизвестно,Неизвестно,мужской,22.0,Москва,РТУ МИРЭА,Неизвестно
241984007,372566434,1,4,мужской,56.0,Москва,Неизвестно,Неизвестно,мужской,22.0,Москва,Неизвестно,Неизвестно
99138057,20341211,1,0,мужской,40.0,Москва,МГУПИ,Институт высоких технологий,мужской,22.0,Москва,Неизвестно,Неизвестно
99138057,69110189,1,9,мужской,40.0,Москва,МГУПИ,Институт высоких технологий,женский,25.0,Москва,РТУ МИРЭА,Неизвестно
99138057,112120311,1,8,мужской,40.0,Москва,МГУПИ,Институт высоких технологий,мужской,22.0,Москва,Неизвестно,Неизвестно
99138057,154151541,1,11,мужской,40.0,Москва,МГУПИ,Институт высоких технологий,мужской,22.0,Химки,Неизвестно,Неизвестно
99138057,163823935,1,8,мужской,40.0,Москва,МГУПИ,Институт высоких технологий,мужской,22.0,Подольск,РТУ МИРЭА,Институт информационных технологий
99138057,171888881,1,3,мужской,40.0,Москва,МГУПИ,Институт высоких технологий,мужской,23.0,Одинцово,Неизвестно,Неизвестно
99138057,174111046,1,9,мужской,40.0,Москва,МГУПИ,Институт высоких технологий,женский,22.0,Москва,Неизвестно,Неизвестно
99138057,203874757,1,0,мужской,40.0,Москва,МГУПИ,Институт высоких технологий,мужской,22.0,Москва,Неизвестно,Неизвестно
99138057,225632479,1,2,мужской,40.0,Москва,МГУПИ,Институт высоких технологий,мужской,22.0,Москва,Неизвестно,Неизвестно
99138057,246872239,1,8,мужской,40.0,Москва,МГУПИ,Институт высоких технологий,мужской,21.0,Москва,РТУ МИРЭА,Институт информационных технологий
99138057,275267938,1,3,мужской,40.0,Москва,МГУПИ,Институт высоких технологий,мужской,22.0,Таганрог,Неизвестно,Неизвестно
99138057,359178717,1,8,мужской,40.0,Москва,МГУПИ,Институт высоких технологий,мужской,22.0,Москва,Неизвестно,Неизвестно
548864523,154151541,1,0,женский,20.0,Москва,Неизвестно,Неизвестно,мужской,22.0,Химки,Неизвестно,Неизвестно
255552012,146511992,1,2,женский,22.0,Москва,"Президентская академия (РАНХиГС, бывш. АНХ)",Неизвестно,женский,22.0,Москва,МГИМО МИД России,Неизвестно
255552012,154151541,1,6,женский,22.0,Москва,"Президентская академия (РАНХиГС, бывш. АНХ)",Неизвестно,мужской,22.0,Химки,Неизвестно,Неизвестно
255552012,184572109,1,2,женский,22.0,Москва,"Президентская академия (РАНХиГС, бывш. АНХ)",Неизвестно,женский,22.0,Москва,Неизвестно,Неизвестно
255552012,209508780,1,3,женский,22.0,Москва,"Президентская академия (РАНХиГС, бывш. АНХ)",Неизвестно,женский,22.0,Москва,Неизвестно,Неизвестно
255552012,465363318,1,1,женский,22.0,Москва,"Президентская академия (РАНХиГС, бывш. АНХ)",Неизвестно,мужской,22.0,Москва,Неизвестно,Неизвестно
255552012,542173460,1,0,женский,22.0,Москва,"Президентская академия (РАНХиГС, бывш. АНХ)",Неизвестно,женский,22.0,Москва,Неизвестно,Неизвестно
269388306,154151541,1,5,мужской,22.0,Москва,Неизвестно,Неизвестно,мужской,22.0,Химки,Неизвестно,Неизвестно
269388306,158445696,1,4,мужской,22.0,Москва,Неизвестно,Неизвестно,женский,22.0,Москва,РТУ МИРЭА,Институт информационных технологий
269388306,163823935,1,5,мужской,22.0,Москва,Неизвестно,Неизвестно,мужской,22.0,Подольск,РТУ МИРЭА,Институт информационных технологий
269388306,246872239,1,5,мужской,22.0,Москва,Неизвестно,Неизвестно,мужской,21.0,Москва,РТУ МИРЭА,Институт информационных технологий
269388306,359178717,1,5,мужской,22.0,Москва,Неизвестно,Неизвестно,мужской,22.0,Москва,Неизвестно,Неизвестно
269388306,662741463,1,4,мужской,22.0,Москва,Неизвестно,Неизвестно,мужской,23.0,Москва,РТУ МИРЭА,Институт кибербезопасности и цифровых технологий
221684247,80421291,1,2,женский,22.0,Москва,Неизвестно,Неизвестно,женский,22.0,Москва,РХТУ им. Д. И. Менделеева,Факультет химико-фармацевтических технологий и биомедицинских препаратов
221684247,146511992,1,2,женский,22.0,Москва,Неизвестно,Неизвестно,женский,22.0,Москва,МГИМО МИД России,Неизвестно
221684247,154151541,1,7,женский,22.0,Москва,Неизвестно,Неизвестно,мужской,22.0,Химки,Неизвестно,Неизвестно
221684247,209508780,1,2,женский,22.0,Москва,Неизвестно,Неизвестно,женский,22.0,Москва,Неизвестно,Неизвестно
221684247,221167855,1,0,женский,22.0,Москва,Неизвестно,Неизвестно,женский,22.0,Москва,Неизвестно,Неизвестно
221684247,221280561,1,4,женский,22.0,Москва,Неизвестно,Неизвестно,женский,22.0,Химки,Неизвестно,Неизвестно
221684247,596357542,1,2,женский,22.0,Москва,Неизвестно,Неизвестно,мужской,22.0,Минск,Неизвестно,Неизвестно
273596951,154151541,1,6,мужской,22.0,Москва,РТУ МИРЭА,Неизвестно,мужской,22.0,Химки,Неизвестно,Неизвестно
273596951,185888968,1,6,мужской,22.0,Москва,РТУ МИРЭА,Неизвестно,мужской,22.0,Москва,Неизвестно,Неизвестно
273596951,241984007,1,3,мужской,22.0,Москва,РТУ МИРЭА,Неизвестно,мужской,56.0,Москва,Неизвестно,Неизвестно
273596951,337418663,1,2,мужской,22.0,Москва,РТУ МИРЭА,Неизвестно,мужской,22.0,Санкт-Петербург,РТУ МИРЭА,Институт информационных технологий
273596951,342243498,1,2,мужской,22.0,Москва,РТУ МИРЭА,Неизвестно,мужской,22.0,Москва,Неизвестно,Неизвестно
273596951,372566434,1,3,мужской,22.0,Москва,РТУ МИРЭА,Неизвестно,мужской,22.0,Москва,Неизвестно,Неизвестно
273596951,505204903,1,2,мужской,22.0,Москва,РТУ МИРЭА,Неизвестно,мужской,22.0,Москва,Неизвестно,Неизвестно
258814756,80421291,0,0,мужской,22.0,Москва,Неизвестно,Неизвестно,женский,22.0,Москва,РХТУ им. Д. И. Менделеева,Факультет химико-фармацевтических технологий и биомедицинских препаратов
258814756,163823935,0,0,мужской,22.0,Москва,Неизвестно,Неизвестно,мужской,22.0,Подольск,РТУ МИРЭА,Институт информационных технологий
258814756,542173460,0,0,мужской,22.0,Москва,Неизвестно,Неизвестно,женский,22.0,Москва,Неизвестно,Неизвестно
258814756,187140484,0,0,мужской,22.0,Москва,Неизвестно,Неизвестно,мужской,22.0,Евпатория,Неизвестно,Неизвестно
258814756,112120311,0,0,мужской,22.0,Москва,Неизвестно,Неизвестно,мужской,22.0,Москва,Неизвестно,Неизвестно
258814756,154110170,0,0,мужской,22.0,Москва,Неизвестно,Неизвестно,мужской,22.0,Москва,Неизвестно,Неизвестно
258814756,372566434,0,0,мужской,22.0,Москва,Неизвестно,Неизвестно,мужской,22.0,Москва,Неизвестно,Неизвестно
258814756,342258015,0,0,мужской,22.0,Москва,Неизвестно,Неизвестно,мужской,22.0,Химки,Неизвестно,Неизвестно
258814756,442167323,0,0,мужской,22.0,Москва,Неизвестно,Неизвестно,мужской,22.0,Москва,Неизвестно,Неизвестно
258814756,238444902,0,0,мужской,22.0,Москва,Неизвестно,Неизвестно,женский,22.0,Москва,Неизвестно,Неизвестно
258814756,450496772,0,0,мужской,22.0,Москва,Неизвестно,Неизвестно,мужской,22.0,Химки,Неизвестно,Неизвестно
258814756,658702663,0,0,мужской,22.0,Москва,Неизвестно,Неизвестно,мужской,22.0,Москва,Неизвестно,Неизвестно
258814756,363088358,0,0,мужской,22.0,Москва,Неизвестно,Неизвестно,женский,22.0,Москва,Неизвестно,Неизвестно
258814756,69110189,0,0,мужской,22.0,Москва,Неизвестно,Неизвестно,женский,25.0,Москва,РТУ МИРЭА,Неизвестно
258814756,283576464,0,0,мужской,22.0,Москва,Неизвестно,Неизвестно,женский,22.0,Симферополь,Неизвестно,Неизвестно
292134122,174135567,0,0,мужской,22.0,Москва,Неизвестно,Неизвестно,мужской,23.0,Ōfunato,Неизвестно,Неизвестно
292134122,658702663,0,0,мужской,22.0,Москва,Неизвестно,Неизвестно,мужской,22.0,Москва,Неизвестно,Неизвестно
292134122,505204903,0,0,мужской,22.0,Москва,Неизвестно,Неизвестно,мужской,22.0,Москва,Неизвестно,Неизвестно
292134122,359942285,0,0,мужской,22.0,Москва,Неизвестно,Неизвестно,мужской,21.0,Москва,РТУ МИРЭА,Институт информационных технологий
154151541,263573863,0,0,мужской,22.0,Химки,Неизвестно,Неизвестно,мужской,22.0,Москва,Неизвестно,Неизвестно
154151541,338121069,0,0,мужской,22.0,Химки,Неизвестно,Неизвестно,мужской,22.0,Москва,Неизвестно,Неизвестно
154151541,322986299,0,0,мужской,22.0,Химки,Неизвестно,Неизвестно,женский,22.0,Москва,Неизвестно,Неизвестно
154151541,337236344,0,0,мужской,22.0,Химки,Неизвестно,Неизвестно,мужской,22.0,Москва,Неизвестно,Неизвестно
154151541,294222328,0,0,мужской,22.0,Химки,Неизвестно,Неизвестно,мужской,22.0,Бердск,Неизвестно,Неизвестно
154151541,292134122,0,0,мужской,22.0,Химки,Неизвестно,Неизвестно,мужской,22.0,Москва,Неизвестно,Неизвестно
154151541,818872577,0,0,мужской,22.0,Химки,Неизвестно,Неизвестно,женский,22.0,Москва,Неизвестно,Неизвестно
154151541,306509984,0,0,мужской,22.0,Химки,Неизвестно,Неизвестно,мужской,22.0,Москва,Неизвестно,Неизвестно
154151541,232437875,0,0,мужской,22.0,Химки,Неизвестно,Неизвестно,мужской,21.0,Москва,Неизвестно,Неизвестно
154151541,325462157,0,0,мужской,22.0,Химки,Неизвестно,Неизвестно,мужской,22.0,Москва,Неизвестно,Неизвестно
154151541,226597074,0,0,мужской,22.0,Химки,Неизвестно,Неизвестно,мужской,21.0,Москва,Неизвестно,Неизвестно
154151541,176943398,0,0,мужской,22.0,Химки,Неизвестно,Неизвестно,мужской,22.0,Бронницы,Неизвестно,Неизвестно
154151541,435357753,0,1,мужской,22.0,Химки,Неизвестно,Неизвестно,женский,22.0,Москва,РТУ МИРЭА,Институт информационных технологий
154151541,481253563,0,0,мужской,22.0,Химки,Неизвестно,Неизвестно,мужской,21.0,Москва,РТУ МИРЭА,Институт информационных технологий
154151541,220291482,0,0,мужской,22.0,Химки,Неизвестно,Неизвестно,мужской,22.0,Москва,РТУ МИРЭА,Институт информационных технологий
154151541,439146588,0,0,мужской,22.0,Химки,Неизвестно,Неизвестно,мужской,22.0,Москва,РТУ МИРЭА,Институт информационных технологий
154151541,342077835,0,0,мужской,22.0,Химки,Неизвестно,Неизвестно,женский,22.0,Москва,Неизвестно,Неизвестно
154151541,165376388,0,0,мужской,22.0,Химки,Неизвестно,Неизвестно,мужской,22.0,Москва,Неизвестно,Неизвестно
154151541,130746686,0,0,мужской,22.0,Химки,Неизвестно,Неизвестно,мужской,22.0,Москва,Неизвестно,Неизвестно
154151541,258814756,0,0,мужской,22.0,Химки,Неизвестно,Неизвестно,мужской,22.0,Москва,Неизвестно,Неизвестно
272517123,171888881,0,1,женский,23.0,Химки,РХТУ им. Д. И. Менделеева,Неизвестно,мужской,23.0,Одинцово,Неизвестно,Неизвестно
272517123,548550935,0,1,женский,23.0,Химки,РХТУ им. Д. И. Менделеева,Неизвестно,мужской,20.0,Москва,РТУ МИРЭА,Институт информационных технологий
272517123,626151457,0,0,женский,23.0,Химки,РХТУ им. Д. И. Менделеева,Неизвестно,мужской,22.0,Воронеж,Неизвестно,Неизвестно
272517123,476330366,0,0,женский,23.0,Химки,РХТУ им. Д. И. Менделеева,Неизвестно,мужской,18.0,Пенза,Неизвестно,Неизвестно
432814093,87224583,0,1,мужской,22.0,Кизнер (поселок),Неизвестно,Неизвестно,мужской,22.0,Химки,Неизвестно,Неизвестно
432814093,658702663,0,0,мужской,22.0,Кизнер (поселок),Неизвестно,Неизвестно,мужской,22.0,Москва,Неизвестно,Неизвестно
432814093,548864523,0,1,мужской,22.0,Кизнер (поселок),Неизвестно,Неизвестно,женский,20.0,Москва,Неизвестно,Неизвестно
432814093,626151457,0,0,мужской,22.0,Кизнер (поселок),Неизвестно,Неизвестно,мужской,22.0,Воронеж,Неизвестно,Неизвестно
432814093,327733536,0,1,мужской,22.0,Кизнер (поселок),Неизвестно,Неизвестно,женский,21.0,Москва,Неизвестно,Неизвестно
432814093,143677868,0,1,мужской,22.0,Кизнер (поселок),Неизвестно,Неизвестно,женский,24.0,Москва,Неизвестно,Неизвестно
432814093,185888968,0,1,мужской,22.0,Кизнер (поселок),Неизвестно,Неизвестно,мужской,22.0,Москва,Неизвестно,Неизвестно
432814093,294222328,0,0,мужской,22.0,Кизнер (поселок),Неизвестно,Неизвестно,мужской,22.0,Бердск,Неизвестно,Неизвестно
432814093,168265890,0,0,мужской,22.0,Кизнер (поселок),Неизвестно,Неизвестно,мужской,22.0,Москва,Неизвестно,Неизвестно
432814093,69110189,0,1,мужской,22.0,Кизнер (поселок),Неизвестно,Неизвестно,женский,25.0,Москва,РТУ МИРЭА,Неизвестно
432814093,238444902,0,1,мужской,22.0,Кизнер (поселок),Неизвестно,Неизвестно,женский,22.0,Москва,Неизвестно,Неизвестно
432814093,433897698,0,1,мужской,22.0,Кизнер (поселок),Неизвестно,Неизвестно,мужской,23.0,Химки,Неизвестно,Неизвестно
50391059,174135567,0,1,мужской,72.0,Москва,МГУ,Философский,мужской,23.0,Ōfunato,Неизвестно,Неизвестно
50391059,506144993,0,1,мужской,72.0,Москва,МГУ,Философский,мужской,18.0,Барнаул,Неизвестно,Неизвестно
50391059,433897698,0,1,мужской,72.0,Москва,МГУ,Философский,мужской,23.0,Химки,Неизвестно,Неизвестно
50391059,283576464,0,0,мужской,72.0,Москва,МГУ,Философский,женский,22.0,Симферополь,Неизвестно,Неизвестно
50391059,466579963,0,2,мужской,72.0,Москва,МГУ,Философский,мужской,22.0,Москва,Неизвестно,Неизвестно
50391059,450496772,0,1,мужской,72.0,Москва,МГУ,Философский,мужской,22.0,Химки,Неизвестно,Неизвестно
50391059,112120311,0,1,мужской,72.0,Москва,МГУ,Философский,мужской,22.0,Москва,Неизвестно,Неизвестно
50391059,490832222,0,0,мужской,72.0,Москва,МГУ,Философский,женский,22.0,Москва,Неизвестно,Неизвестно
368048152,476330366,0,0,мужской,22.0,Москва,Неизвестно,Неизвестно,мужской,18.0,Пенза,Неизвестно,Неизвестно
368048152,330856466,0,0,мужской,22.0,Москва,Неизвестно,Неизвестно,мужской,22.0,Москва,Неизвестно,Неизвестно
368048152,626151457,0,0,мужской,22.0,Москва,Неизвестно,Неизвестно,мужской,22.0,Воронеж,Неизвестно,Неизвестно
361386011,505204903,0,1,мужской,22.0,Москва,Неизвестно,Неизвестно,мужской,22.0,Москва,Неизвестно,Неизвестно
361386011,612204821,0,1,мужской,22.0,Москва,Неизвестно,Неизвестно,мужской,22.0,Москва,Неизвестно,Неизвестно
387143718,346144945,0,1,мужской,22.0,Москва,Неизвестно,Неизвестно,мужской,20.0,Москва,Неизвестно,Неизвестно
387143718,272517123,0,2,мужской,22.0,Москва,Неизвестно,Неизвестно,женский,23.0,Химки,РХТУ им. Д. И. Менделеева,Неизвестно
387143718,91478379,0,1,мужской,22.0,Москва,Неизвестно,Неизвестно,женский,22.0,Paris,Неизвестно,Неизвестно
177346603,346144945,0,1,мужской,22.0,Старый Оскол,Неизвестно,Неизвестно,мужской,20.0,Москва,Неизвестно,Неизвестно
435357753,125354026,0,0,женский,22.0,Москва,РТУ МИРЭА,Институт информационных технологий,мужской,22.0,Санкт-Петербург,Неизвестно,Неизвестно
435357753,441397508,0,0,женский,22.0,Москва,РТУ МИРЭА,Институт информационных технологий,женский,22.0,Москва,Неизвестно,Неизвестно
435357753,361386011,0,0,женский,22.0,Москва,РТУ МИРЭА,Институт информационных технологий,мужской,22.0,Москва,Неизвестно,Неизвестно
435357753,171888881,0,0,женский,22.0,Москва,РТУ МИРЭА,Институт информационных технологий,мужской,23.0,Одинцово,Неизвестно,Неизвестно
394100799,144881881,0,0,мужской,20.0,Москва,РТУ МИРЭА,Институт информационных технологий,мужской,22.0,Качалино,Неизвестно,Неизвестно
394100799,548864523,0,1,мужской,20.0,Москва,РТУ МИРЭА,Институт информационных технологий,женский,20.0,Москва,Неизвестно,Неизвестно
394100799,210813066,0,1,мужской,20.0,Москва,РТУ МИРЭА,Институт информационных технологий,мужской,22.0,Москва,РТУ МИРЭА,Неизвестно
394100799,474388963,0,1,мужской,20.0,Москва,РТУ МИРЭА,Институт информационных технологий,мужской,22.0,Химки,Неизвестно,Неизвестно
394100799,319349113,0,1,мужской,20.0,Москва,РТУ МИРЭА,Институт информационных технологий,мужской,22.0,Жуковский,Неизвестно,Неизвестно
394100799,542173460,0,0,мужской,20.0,Москва,РТУ МИРЭА,Институт информационных технологий,женский,22.0,Москва,Неизвестно,Неизвестно
394100799,146511992,0,1,мужской,20.0,Москва,РТУ МИРЭА,Институт информационных технологий,женский,22.0,Москва,МГИМО МИД России,Неизвестно
394100799,342077835,0,0,мужской,20.0,Москва,РТУ МИРЭА,Институт информационных технологий,женский,22.0,Москва,Неизвестно,Неизвестно
394100799,345307505,0,1,мужской,20.0,Москва,РТУ МИРЭА,Институт информационных технологий,мужской,22.0,Berlin,Неизвестно,Неизвестно
410472515,112120311,0,10,мужской,22.0,Королёв,РТУ МИРЭА,Неизвестно,мужской,22.0,Москва,Неизвестно,Неизвестно
410472515,283922767,0,0,мужской,22.0,Королёв,РТУ МИРЭА,Неизвестно,мужской,21.0,Москва,Неизвестно,Неизвестно
410472515,337236344,0,0,мужской,22.0,Королёв,РТУ МИРЭА,Неизвестно,мужской,22.0,Москва,Неизвестно,Неизвестно
410472515,283576464,0,0,мужской,22.0,Королёв,РТУ МИРЭА,Неизвестно,женский,22.0,Симферополь,Неизвестно,Неизвестно
410472515,368048152,0,1,мужской,22.0,Королёв,РТУ МИРЭА,Неизвестно,мужской,22.0,Москва,Неизвестно,Неизвестно
410472515,472328693,0,0,мужской,22.0,Королёв,РТУ МИРЭА,Неизвестно,мужской,27.0,Санкт-Петербург,Неизвестно,Неизвестно
410472515,163823935,0,10,мужской,22.0,Королёв,РТУ МИРЭА,Неизвестно,мужской,22.0,Подольск,РТУ МИРЭА,Институт информационных технологий
410472515,442167323,0,0,мужской,22.0,Королёв,РТУ МИРЭА,Неизвестно,мужской,22.0,Москва,Неизвестно,Неизвестно
410472515,226597074,0,0,мужской,22.0,Королёв,РТУ МИРЭА,Неизвестно,мужской,21.0,Москва,Неизвестно,Неизвестно
410472515,433897698,0,1,мужской,22.0,Королёв,РТУ МИРЭА,Неизвестно,мужской,23.0,Химки,Неизвестно,Неизвестно
410472515,13480453,0,0,мужской,22.0,Королёв,РТУ МИРЭА,Неизвестно,женский,22.0,Москва,Неизвестно,Неизвестно
410472515,292134122,0,0,мужской,22.0,Королёв,РТУ МИРЭА,Неизвестно,мужской,22.0,Москва,Неизвестно,Неизвестно
410472515,457226450,0,1,мужской,22.0,Королёв,РТУ МИРЭА,Неизвестно,женский,22.0,Москва,Неизвестно,Неизвестно
410472515,241984007,0,1,мужской,22.0,Королёв,РТУ МИРЭА,Неизвестно,мужской,56.0,Москва,Неизвестно,Неизвестно
276082772,342243498,0,1,мужской,22.0,Москва,РЭУ им. Г. В. Плеханова,Факультет бизнеса «Капитаны»,мужской,22.0,Москва,Неизвестно,Неизвестно
276082772,433897698,0,1,мужской,22.0,Москва,РЭУ им. Г. В. Плеханова,Факультет бизнеса «Капитаны»,мужской,23.0,Химки,Неизвестно,Неизвестно
276082772,258814756,0,0,мужской,22.0,Москва,РЭУ им. Г. В. Плеханова,Факультет бизнеса «Капитаны»,мужской,22.0,Москва,Неизвестно,Неизвестно
439146588,337418663,0,0,мужской,22.0,Москва,РТУ МИРЭА,Институт информационных технологий,мужской,22.0,Санкт-Петербург,РТУ МИРЭА,Институт информационных технологий
439146588,221167855,0,0,мужской,22.0,Москва,РТУ МИРЭА,Институт информационных технологий,женский,22.0,Москва,Неизвестно,Неизвестно
439146588,361386011,0,0,мужской,22.0,Москва,РТУ МИРЭА,Институт информационных технологий,мужской,22.0,Москва,Неизвестно,Неизвестно
439146588,419168599,0,0,мужской,22.0,Москва,РТУ МИРЭА,Институт информационных технологий,мужской,22.0,Москва,Неизвестно,Неизвестно
439146588,306509984,0,0,мужской,22.0,Москва,РТУ МИРЭА,Институт информационных технологий,мужской,22.0,Москва,Неизвестно,Неизвестно
232437875,69110189,0,0,мужской,21.0,Москва,Неизвестно,Неизвестно,женский,25.0,Москва,РТУ МИРЭА,Неизвестно
232437875,381065555,0,0,мужской,21.0,Москва,Неизвестно,Неизвестно,мужской,22.0,Москва,РТУ МИРЭА,Неизвестно
232437875,273596951,0,0,мужской,21.0,Москва,Неизвестно,Неизвестно,мужской,22.0,Москва,РТУ МИРЭА,Неизвестно
232437875,419168599,0,0,мужской,21.0,Москва,Неизвестно,Неизвестно,мужской,22.0,Москва,Неизвестно,Неизвестно
232437875,281641201,0,0,мужской,21.0,Москва,Неизвестно,Неизвестно,мужской,25.0,Москва,РТУ МИРЭА,Институт информационных технологий
175100020,506144993,0,1,мужской,22.0,Москва,РТУ МИРЭА,Институт информационных технологий,мужской,18.0,Барнаул,Неизвестно,Неизвестно
175100020,281641201,0,2,мужской,22.0,Москва,РТУ МИРЭА,Институт информационных технологий,мужской,25.0,Москва,РТУ МИРЭА,Институт информационных технологий
175100020,221684247,0,1,мужской,22.0,Москва,РТУ МИРЭА,Институт информационных технологий,женский,22.0,Москва,Неизвестно,Неизвестно
175100020,432814093,0,1,мужской,22.0,Москва,РТУ МИРЭА,Институт информационных технологий,мужской,22.0,Кизнер (поселок),Неизвестно,Неизвестно
175100020,602757527,0,2,мужской,22.0,Москва,РТУ МИРЭА,Институт информационных технологий,мужской,26.0,Москва,Неизвестно,Неизвестно
175100020,476330366,0,0,мужской,22.0,Москва,РТУ МИРЭА,Институт информационных технологий,мужской,18.0,Пенза,Неизвестно,Неизвестно
175100020,80421291,0,1,мужской,22.0,Москва,РТУ МИРЭА,Институт информационных технологий,женский,22.0,Москва,РХТУ им. Д. И. Менделеева,Факультет химико-фармацевтических технологий и биомедицинских препаратов
175100020,457226450,0,1,мужской,22.0,Москва,РТУ МИРЭА,Институт информационных технологий,женский,22.0,Москва,Неизвестно,Неизвестно
146511992,191557938,0,0,женский,22.0,Москва,МГИМО МИД России,Неизвестно,мужской,22.0,Одинцово,Неизвестно,Неизвестно
146511992,286877958,0,1,женский,22.0,Москва,МГИМО МИД России,Неизвестно,мужской,22.0,Москва,Неизвестно,Неизвестно
146511992,441397508,0,0,женский,22.0,Москва,МГИМО МИД России,Неизвестно,женский,22.0,Москва,Неизвестно,Неизвестно
146511992,506144993,0,1,женский,22.0,Москва,МГИМО МИД России,Неизвестно,мужской,18.0,Барнаул,Неизвестно,Неизвестно
146511992,426371293,0,1,женский,22.0,Москва,МГИМО МИД России,Неизвестно,мужской,22.0,Москва,Неизвестно,Неизвестно
146511992,254249175,0,1,женский,22.0,Москва,МГИМО МИД России,Неизвестно,мужской,21.0,Пенза,РТУ МИРЭА,Неизвестно
146511992,275267938,0,1,женский,22.0,Москва,МГИМО МИД России,Неизвестно,мужской,22.0,Таганрог,Неизвестно,Неизвестно
146511992,359178717,0,1,женский,22.0,Москва,МГИМО МИД России,Неизвестно,мужской,22.0,Москва,Неизвестно,Неизвестно
146511992,432814093,0,1,женский,22.0,Москва,МГИМО МИД России,Неизвестно,мужской,22.0,Кизнер (поселок),Неизвестно,Неизвестно
158445696,230631594,0,1,женский,22.0,Москва,РТУ МИРЭА,Институт информационных технологий,мужской,22.0,Химки,Неизвестно,Неизвестно
158445696,583194957,0,0,женский,22.0,Москва,РТУ МИРЭА,Институт информационных технологий,мужской,22.0,Москва,Неизвестно,Неизвестно
158445696,202363248,0,1,женский,22.0,Москва,РТУ МИРЭА,Институт информационных технологий,женский,22.0,Рязань,Неизвестно,Неизвестно
158445696,37650604,0,1,женский,22.0,Москва,РТУ МИРЭА,Институт информационных технологий,мужской,22.0,Москва,Неизвестно,Неизвестно
158445696,361386011,0,1,женский,22.0,Москва,РТУ МИРЭА,Институт информационных технологий,мужской,22.0,Москва,Неизвестно,Неизвестно
158445696,567333224,0,1,женский,22.0,Москва,РТУ МИРЭА,Институт информационных технологий,мужской,22.0,Москва,Неизвестно,Неизвестно
158445696,263573863,0,0,женский,22.0,Москва,РТУ МИРЭА,Институт информационных технологий,мужской,22.0,Москва,Неизвестно,Неизвестно
158445696,579510402,0,1,женский,22.0,Москва,РТУ МИРЭА,Институт информационных технологий,мужской,19.0,Москва,Неизвестно,Неизвестно
158445696,99138057,0,9,женский,22.0,Москва,РТУ МИРЭА,Институт информационных технологий,мужской,40.0,Москва,МГУПИ,Институт высоких технологий
158445696,327733536,0,1,женский,22.0,Москва,РТУ МИРЭА,Институт информационных технологий,женский,21.0,Москва,Неизвестно,Неизвестно
158445696,209508780,0,1,женский,22.0,Москва,РТУ МИРЭА,Институт информационных технологий,женский,22.0,Москва,Неизвестно,Неизвестно
158445696,191557938,0,0,женский,22.0,Москва,РТУ МИРЭА,Институт информационных технологий,мужской,22.0,Одинцово,Неизвестно,Неизвестно
158445696,345307505,0,1,женский,22.0,Москва,РТУ МИРЭА,Институт информационных технологий,мужской,22.0,Berlin,Неизвестно,Неизвестно
158445696,143677868,0,1,женский,22.0,Москва,РТУ МИРЭА,Институт информационных технологий,женский,24.0,Москва,Неизвестно,Неизвестно
579510402,221167855,0,0,мужской,19.0,Москва,Неизвестно,Неизвестно,женский,22.0,Москва,Неизвестно,Неизвестно
425382019,611694763,0,1,женский,22.0,Москва,Неизвестно,Неизвестно,мужской,21.0,Москва,Неизвестно,Неизвестно
425382019,283922767,0,0,женский,22.0,Москва,Неизвестно,Неизвестно,мужской,21.0,Москва,Неизвестно,Неизвестно
425382019,363088358,0,1,женский,22.0,Москва,Неизвестно,Неизвестно,женский,22.0,Москва,Неизвестно,Неизвестно
425382019,292134122,0,0,женский,22.0,Москва,Неизвестно,Неизвестно,мужской,22.0,Москва,Неизвестно,Неизвестно
425382019,465363318,0,1,женский,22.0,Москва,Неизвестно,Неизвестно,мужской,22.0,Москва,Неизвестно,Неизвестно
425382019,395645310,0,1,женский,22.0,Москва,Неизвестно,Неизвестно,мужской,22.0,Москва,Неизвестно,Неизвестно
425382019,221684247,0,1,женский,22.0,Москва,Неизвестно,Неизвестно,женский,22.0,Москва,Неизвестно,Неизвестно
425382019,221280561,0,1,женский,22.0,Москва,Неизвестно,Неизвестно,женский,22.0,Химки,Неизвестно,Неизвестно
425382019,584995001,0,0,женский,22.0,Москва,Неизвестно,Неизвестно,мужской,22.0,Подольск,Неизвестно,Неизвестно
425382019,435357753,0,0,женский,22.0,Москва,Неизвестно,Неизвестно,женский,22.0,Москва,РТУ МИРЭА,Институт информационных технологий
425382019,372566434,0,1,женский,22.0,Москва,Неизвестно,Неизвестно,мужской,22.0,Москва,Неизвестно,Неизвестно
425382019,472328693,0,0,женский,22.0,Москва,Неизвестно,Неизвестно,мужской,27.0,Санкт-Петербург,Неизвестно,Неизвестно
210813066,125354026,0,1,мужской,22.0,Москва,РТУ МИРЭА,Неизвестно,мужской,22.0,Санкт-Петербург,Неизвестно,Неизвестно
210813066,171888881,0,1,мужской,22.0,Москва,РТУ МИРЭА,Неизвестно,мужской,23.0,Одинцово,Неизвестно,Неизвестно
210813066,658702663,0,0,мужской,22.0,Москва,РТУ МИРЭА,Неизвестно,мужской,22.0,Москва,Неизвестно,Неизвестно
210813066,292134122,0,0,мужской,22.0,Москва,РТУ МИРЭА,Неизвестно,мужской,22.0,Москва,Неизвестно,Неизвестно
325462157,337418663,0,0,мужской,22.0,Москва,Неизвестно,Неизвестно,мужской,22.0,Санкт-Петербург,РТУ МИРЭА,Институт информационных технологий
325462157,49113389,0,0,мужской,22.0,Москва,Неизвестно,Неизвестно,мужской,22.0,Москва,Неизвестно,Неизвестно
325462157,99138057,0,0,мужской,22.0,Москва,Неизвестно,Неизвестно,мужской,40.0,Москва,МГУПИ,Институт высоких технологий
325462157,276400143,0,0,мужской,22.0,Москва,Неизвестно,Неизвестно,мужской,21.0,Москва,Неизвестно,Неизвестно
325462157,174135567,0,0,мужской,22.0,Москва,Неизвестно,Неизвестно,мужской,23.0,Ōfunato,Неизвестно,Неизвестно
125354026,272517123,0,1,мужской,22.0,Санкт-Петербург,Неизвестно,Неизвестно,женский,23.0,Химки,РХТУ им. Д. И. Менделеева,Неизвестно
350840991,93944075,0,0,мужской,22.0,Москва,Неизвестно,Неизвестно,мужской,27.0,Москва,Неизвестно,Неизвестно
350840991,432150818,0,1,мужской,22.0,Москва,Неизвестно,Неизвестно,мужской,22.0,Москва,МГТУ им. Н. Э. Баумана (бывш. МВТУ),Неизвестно
350840991,281641201,0,1,мужской,22.0,Москва,Неизвестно,Неизвестно,мужской,25.0,Москва,РТУ МИРЭА,Институт информационных технологий
350840991,226597074,0,0,мужской,22.0,Москва,Неизвестно,Неизвестно,мужской,21.0,Москва,Неизвестно,Неизвестно
350840991,154110170,0,1,мужской,22.0,Москва,Неизвестно,Неизвестно,мужской,22.0,Москва,Неизвестно,Неизвестно
350840991,286877958,0,1,мужской,22.0,Москва,Неизвестно,Неизвестно,мужской,22.0,Москва,Неизвестно,Неизвестно
350840991,275267938,0,1,мужской,22.0,Москва,Неизвестно,Неизвестно,мужской,22.0,Таганрог,Неизвестно,Неизвестно
350840991,596357542,0,1,мужской,22.0,Москва,Неизвестно,Неизвестно,мужской,22.0,Минск,Неизвестно,Неизвестно
350840991,583194957,0,0,мужской,22.0,Москва,Неизвестно,Неизвестно,мужской,22.0,Москва,Неизвестно,Неизвестно
350840991,4561245,0,1,мужской,22.0,Москва,Неизвестно,Неизвестно,женский,22.0,Химки,Неизвестно,Неизвестно
350840991,185888968,0,1,мужской,22.0,Москва,Неизвестно,Неизвестно,мужской,22.0,Москва,Неизвестно,Неизвестно
350840991,491446601,0,0,мужской,22.0,Москва,Неизвестно,Неизвестно,мужской,24.0,Москва,Неизвестно,Неизвестно
359942285,413446243,0,0,мужской,21.0,Москва,РТУ МИРЭА,Институт информационных технологий,мужской,53.0,Москва,Неизвестно,Неизвестно
505204903,158445696,0,1,мужской,22.0,Москва,Неизвестно,Неизвестно,женский,22.0,Москва,РТУ МИРЭА,Институт информационных технологий
505204903,241984007,0,3,мужской,22.0,Москва,Неизвестно,Неизвестно,мужской,56.0,Москва,Неизвестно,Неизвестно
505204903,195211764,0,1,мужской,22.0,Москва,Неизвестно,Неизвестно,мужской,22.0,Москва,Неизвестно,Неизвестно
198752426,282323463,0,0,женский,22.0,Toronto,Неизвестно,Неизвестно,мужской,22.0,Москва,Неизвестно,Неизвестно
198752426,49113389,0,1,женский,22.0,Toronto,Неизвестно,Неизвестно,мужской,22.0,Москва,Неизвестно,Неизвестно
198752426,275267938,0,1,женский,22.0,Toronto,Неизвестно,Неизвестно,мужской,22.0,Таганрог,Неизвестно,Неизвестно
230631594,330856466,0,0,мужской,22.0,Химки,Неизвестно,Неизвестно,мужской,22.0,Москва,Неизвестно,Неизвестно
230631594,527431797,0,0,мужской,22.0,Химки,Неизвестно,Неизвестно,мужской,22.0,Москва,Неизвестно,Неизвестно
230631594,506144993,0,1,мужской,22.0,Химки,Неизвестно,Неизвестно,мужской,18.0,Барнаул,Неизвестно,Неизвестно
230631594,435357753,0,0,мужской,22.0,Химки,Неизвестно,Неизвестно,женский,22.0,Москва,РТУ МИРЭА,Институт информационных технологий
230631594,174111046,0,1,мужской,22.0,Химки,Неизвестно,Неизвестно,женский,22.0,Москва,Неизвестно,Неизвестно
230631594,232437875,0,0,мужской,22.0,Химки,Неизвестно,Неизвестно,мужской,21.0,Москва,Неизвестно,Неизвестно
230631594,255552012,0,1,мужской,22.0,Химки,Неизвестно,Неизвестно,женский,22.0,Москва,"Президентская академия (РАНХиГС, бывш. АНХ)",Неизвестно
230631594,359178717,0,1,мужской,22.0,Химки,Неизвестно,Неизвестно,мужской,22.0,Москва,Неизвестно,Неизвестно
37650604,177346603,0,1,мужской,22.0,Москва,Неизвестно,Неизвестно,мужской,22.0,Старый Оскол,Неизвестно,Неизвестно
37650604,165376388,0,0,мужской,22.0,Москва,Неизвестно,Неизвестно,мужской,22.0,Москва,Неизвестно,Неизвестно
342243498,174135567,0,1,мужской,22.0,Москва,Неизвестно,Неизвестно,мужской,23.0,Ōfunato,Неизвестно,Неизвестно
342243498,275267938,0,1,мужской,22.0,Москва,Неизвестно,Неизвестно,мужской,22.0,Таганрог,Неизвестно,Неизвестно
342243498,490832222,0,0,мужской,22.0,Москва,Неизвестно,Неизвестно,женский,22.0,Москва,Неизвестно,Неизвестно
342243498,506144993,0,1,мужской,22.0,Москва,Неизвестно,Неизвестно,мужской,18.0,Барнаул,Неизвестно,Неизвестно
342243498,465363318,0,1,мужской,22.0,Москва,Неизвестно,Неизвестно,мужской,22.0,Москва,Неизвестно,Неизвестно
342243498,154110170,0,2,мужской,22.0,Москва,Неизвестно,Неизвестно,мужской,22.0,Москва,Неизвестно,Неизвестно
342243498,232437875,0,0,мужской,22.0,Москва,Неизвестно,Неизвестно,мужской,21.0,Москва,Неизвестно,Неизвестно
342243498,359942285,0,1,мужской,22.0,Москва,Неизвестно,Неизвестно,мужской,21.0,Москва,РТУ МИРЭА,Институт информационных технологий
342243498,432814093,0,1,мужской,22.0,Москва,Неизвестно,Неизвестно,мужской,22.0,Кизнер (поселок),Неизвестно,Неизвестно
342243498,294222328,0,0,мужской,22.0,Москва,Неизвестно,Неизвестно,мужской,22.0,Бердск,Неизвестно,Неизвестно
611694763,319349113,0,1,мужской,21.0,Москва,Неизвестно,Неизвестно,мужской,22.0,Жуковский,Неизвестно,Неизвестно
611694763,359178717,0,1,мужской,21.0,Москва,Неизвестно,Неизвестно,мужской,22.0,Москва,Неизвестно,Неизвестно
611694763,171888881,0,1,мужской,21.0,Москва,Неизвестно,Неизвестно,мужской,23.0,Одинцово,Неизвестно,Неизвестно
611694763,342258015,0,0,мужской,21.0,Москва,Неизвестно,Неизвестно,мужской,22.0,Химки,Неизвестно,Неизвестно
611694763,365320601,0,0,мужской,21.0,Москва,Неизвестно,Неизвестно,женский,22.0,Москва,МИРЭА (до 2015),Факультет информационных технологий
611694763,174111046,0,1,мужской,21.0,Москва,Неизвестно,Неизвестно,женский,22.0,Москва,Неизвестно,Неизвестно
611694763,91478379,0,1,мужской,21.0,Москва,Неизвестно,Неизвестно,женский,22.0,Paris,Неизвестно,Неизвестно
611694763,272517123,0,1,мужской,21.0,Москва,Неизвестно,Неизвестно,женский,23.0,Химки,РХТУ им. Д. И. Менделеева,Неизвестно
246872239,394100799,0,1,мужской,21.0,Москва,РТУ МИРЭА,Институт информационных технологий,мужской,20.0,Москва,РТУ МИРЭА,Институт информационных технологий
246872239,209508780,0,1,мужской,21.0,Москва,РТУ МИРЭА,Институт информационных технологий,женский,22.0,Москва,Неизвестно,Неизвестно
246872239,93944075,0,0,мужской,21.0,Москва,РТУ МИРЭА,Институт информационных технологий,мужской,27.0,Москва,Неизвестно,Неизвестно
246872239,342077835,0,0,мужской,21.0,Москва,РТУ МИРЭА,Институт информационных технологий,женский,22.0,Москва,Неизвестно,Неизвестно
246872239,583194957,0,0,мужской,21.0,Москва,РТУ МИРЭА,Институт информационных технологий,мужской,22.0,Москва,Неизвестно,Неизвестно
246872239,337236344,0,0,мужской,21.0,Москва,РТУ МИРЭА,Институт информационных технологий,мужской,22.0,Москва,Неизвестно,Неизвестно
246872239,432814093,0,1,мужской,21.0,Москва,РТУ МИРЭА,Институт информационных технологий,мужской,22.0,Кизнер (поселок),Неизвестно,Неизвестно
246872239,361386011,0,1,мужской,21.0,Москва,РТУ МИРЭА,Институт информационных технологий,мужской,22.0,Москва,Неизвестно,Неизвестно
246872239,363088358,0,1,мужской,21.0,Москва,РТУ МИРЭА,Институт информационных технологий,женский,22.0,Москва,Неизвестно,Неизвестно
246872239,433897698,0,1,мужской,21.0,Москва,РТУ МИРЭА,Институт информационных технологий,мужской,23.0,Химки,Неизвестно,Неизвестно
246872239,306509984,0,0,мужской,21.0,Москва,РТУ МИРЭА,Институт информационных технологий,мужской,22.0,Москва,Неизвестно,Неизвестно
246872239,505204903,0,1,мужской,21.0,Москва,РТУ МИРЭА,Институт информационных технологий,мужской,22.0,Москва,Неизвестно,Неизвестно
246872239,368048152,0,1,мужской,21.0,Москва,РТУ МИРЭА,Институт информационных технологий,мужской,22.0,Москва,Неизвестно,Неизвестно
246872239,13480453,0,0,мужской,21.0,Москва,РТУ МИРЭА,Институт информационных технологий,женский,22.0,Москва,Неизвестно,Неизвестно
246872239,439146588,0,0,мужской,21.0,Москва,РТУ МИРЭА,Институт информационных технологий,мужской,22.0,Москва,РТУ МИРЭА,Институт информационных технологий
246872239,465363318,0,1,мужской,21.0,Москва,РТУ МИРЭА,Институт информационных технологий,мужской,22.0,Москва,Неизвестно,Неизвестно
246872239,372566434,0,1,мужской,21.0,Москва,РТУ МИРЭА,Институт информационных технологий,мужской,22.0,Москва,Неизвестно,Неизвестно
246872239,270809295,0,0,мужской,21.0,Москва,РТУ МИРЭА,Институт информационных технологий,мужской,19.0,Москва,Неизвестно,Неизвестно
246872239,187140484,0,1,мужской,21.0,Москва,РТУ МИРЭА,Институт информационных технологий,мужской,22.0,Евпатория,Неизвестно,Неизвестно
246872239,275267938,0,6,мужской,21.0,Москва,РТУ МИРЭА,Институт информационных технологий,мужской,22.0,Таганрог,Неизвестно,Неизвестно
346144945,175100020,0,1,мужской,20.0,Москва,Неизвестно,Неизвестно,мужской,22.0,Москва,РТУ МИРЭА,Институт информационных технологий
346144945,130746686,0,0,мужской,20.0,Москва,Неизвестно,Неизвестно,мужской,22.0,Москва,Неизвестно,Неизвестно
185888968,363088358,0,1,мужской,22.0,Москва,Неизвестно,Неизвестно,женский,22.0,Москва,Неизвестно,Неизвестно
185888968,491446601,0,0,мужской,22.0,Москва,Неизвестно,Неизвестно,мужской,24.0,Москва,Неизвестно,Неизвестно
185888968,99138057,0,1,мужской,22.0,Москва,Неизвестно,Неизвестно,мужской,40.0,Москва,МГУПИ,Институт высоких технологий
185888968,226597074,0,0,мужской,22.0,Москва,Неизвестно,Неизвестно,мужской,21.0,Москва,Неизвестно,Неизвестно
185888968,246872239,0,2,мужской,22.0,Москва,Неизвестно,Неизвестно,мужской,21.0,Москва,РТУ МИРЭА,Институт информационных технологий
185888968,276400143,0,0,мужской,22.0,Москва,Неизвестно,Неизвестно,мужской,21.0,Москва,Неизвестно,Неизвестно
185888968,125354026,0,1,мужской,22.0,Москва,Неизвестно,Неизвестно,мужской,22.0,Санкт-Петербург,Неизвестно,Неизвестно
185888968,272517123,0,1,мужской,22.0,Москва,Неизвестно,Неизвестно,женский,23.0,Химки,РХТУ им. Д. И. Менделеева,Неизвестно
184572109,548550935,0,1,женский,22.0,Москва,Неизвестно,Неизвестно,мужской,20.0,Москва,РТУ МИРЭА,Институт информационных технологий
184572109,144881881,0,0,женский,22.0,Москва,Неизвестно,Неизвестно,мужской,22.0,Качалино,Неизвестно,Неизвестно
184572109,342077835,0,0,женский,22.0,Москва,Неизвестно,Неизвестно,женский,22.0,Москва,Неизвестно,Неизвестно
184572109,191557938,0,0,женский,22.0,Москва,Неизвестно,Неизвестно,мужской,22.0,Одинцово,Неизвестно,Неизвестно
184572109,187140484,0,1,женский,22.0,Москва,Неизвестно,Неизвестно,мужской,22.0,Евпатория,Неизвестно,Неизвестно
184572109,372566434,0,1,женский,22.0,Москва,Неизвестно,Неизвестно,мужской,22.0,Москва,Неизвестно,Неизвестно
481253563,359942285,0,0,мужской,21.0,Москва,РТУ МИРЭА,Институт информационных технологий,мужской,21.0,Москва,РТУ МИРЭА,Институт информационных технологий
481253563,472328693,0,0,мужской,21.0,Москва,РТУ МИРЭА,Институт информационных технологий,мужской,27.0,Санкт-Петербург,Неизвестно,Неизвестно
481253563,241984007,0,0,мужской,21.0,Москва,РТУ МИРЭА,Институт информационных технологий,мужской,56.0,Москва,Неизвестно,Неизвестно
481253563,387143718,0,0,мужской,21.0,Москва,РТУ МИРЭА,Институт информационных технологий,мужской,22.0,Москва,Неизвестно,Неизвестно
481253563,612204821,0,0,мужской,21.0,Москва,РТУ МИРЭА,Институт информационных технологий,мужской,22.0,Москва,Неизвестно,Неизвестно
481253563,227234115,0,0,мужской,21.0,Москва,РТУ МИРЭА,Институт информационных технологий,мужской,22.0,Москва,МГТУ им. Н. Э. Баумана (бывш. МВТУ),Неизвестно
481253563,272517123,0,0,мужской,21.0,Москва,РТУ МИРЭА,Институт информационных технологий,женский,23.0,Химки,РХТУ им. Д. И. Менделеева,Неизвестно
481253563,567333224,0,0,мужской,21.0,Москва,РТУ МИРЭА,Институт информационных технологий,мужской,22.0,Москва,Неизвестно,Неизвестно
481253563,361386011,0,0,мужской,21.0,Москва,РТУ МИРЭА,Институт информационных технологий,мужской,22.0,Москва,Неизвестно,Неизвестно
457226450,163823935,0,1,женский,22.0,Москва,Неизвестно,Неизвестно,мужской,22.0,Подольск,РТУ МИРЭА,Институт информационных технологий
457226450,426371293,0,1,женский,22.0,Москва,Неизвестно,Неизвестно,мужской,22.0,Москва,Неизвестно,Неизвестно
457226450,626151457,0,0,женский,22.0,Москва,Неизвестно,Неизвестно,мужской,22.0,Воронеж,Неизвестно,Неизвестно
457226450,567333224,0,1,женский,22.0,Москва,Неизвестно,Неизвестно,мужской,22.0,Москва,Неизвестно,Неизвестно
457226450,286877958,0,1,женский,22.0,Москва,Неизвестно,Неизвестно,мужской,22.0,Москва,Неизвестно,Неизвестно
254249175,255552012,0,1,мужской,21.0,Пенза,РТУ МИРЭА,Неизвестно,женский,22.0,Москва,"Президентская академия (РАНХиГС, бывш. АНХ)",Неизвестно
254249175,212060697,0,0,мужской,21.0,Пенза,РТУ МИРЭА,Неизвестно,женский,23.0,Москва,Неизвестно,Неизвестно
254249175,20341211,0,0,мужской,21.0,Пенза,РТУ МИРЭА,Неизвестно,мужской,22.0,Москва,Неизвестно,Неизвестно
254249175,263573863,0,0,мужской,21.0,Пенза,РТУ МИРЭА,Неизвестно,мужской,22.0,Москва,Неизвестно,Неизвестно
254249175,286877958,0,1,мужской,21.0,Пенза,РТУ МИРЭА,Неизвестно,мужской,22.0,Москва,Неизвестно,Неизвестно
254249175,346144945,0,1,мужской,21.0,Пенза,РТУ МИРЭА,Неизвестно,мужской,20.0,Москва,Неизвестно,Неизвестно
254249175,345307505,0,1,мужской,21.0,Пенза,РТУ МИРЭА,Неизвестно,мужской,22.0,Berlin,Неизвестно,Неизвестно
254249175,146511992,0,1,мужской,21.0,Пенза,РТУ МИРЭА,Неизвестно,женский,22.0,Москва,МГИМО МИД России,Неизвестно
154110170,432150818,0,1,мужской,22.0,Москва,Неизвестно,Неизвестно,мужской,22.0,Москва,МГТУ им. Н. Э. Баумана (бывш. МВТУ),Неизвестно
154110170,818872577,0,0,мужской,22.0,Москва,Неизвестно,Неизвестно,женский,22.0,Москва,Неизвестно,Неизвестно
154110170,174135567,0,1,мужской,22.0,Москва,Неизвестно,Неизвестно,мужской,23.0,Ōfunato,Неизвестно,Неизвестно
154110170,241984007,0,1,мужской,22.0,Москва,Неизвестно,Неизвестно,мужской,56.0,Москва,Неизвестно,Неизвестно
426371293,198752426,0,1,мужской,22.0,Москва,Неизвестно,Неизвестно,женский,22.0,Toronto,Неизвестно,Неизвестно
426371293,210813066,0,1,мужской,22.0,Москва,Неизвестно,Неизвестно,мужской,22.0,Москва,РТУ МИРЭА,Неизвестно
225632479,69110189,0,3,мужской,22.0,Москва,Неизвестно,Неизвестно,женский,25.0,Москва,РТУ МИРЭА,Неизвестно
225632479,506144993,0,1,мужской,22.0,Москва,Неизвестно,Неизвестно,мужской,18.0,Барнаул,Неизвестно,Неизвестно
225632479,165376388,0,0,мужской,22.0,Москва,Неизвестно,Неизвестно,мужской,22.0,Москва,Неизвестно,Неизвестно
225632479,158445696,0,2,мужской,22.0,Москва,Неизвестно,Неизвестно,женский,22.0,Москва,РТУ МИРЭА,Институт информационных технологий
225632479,548864523,0,1,мужской,22.0,Москва,Неизвестно,Неизвестно,женский,20.0,Москва,Неизвестно,Неизвестно
225632479,283576464,0,0,мужской,22.0,Москва,Неизвестно,Неизвестно,женский,22.0,Симферополь,Неизвестно,Неизвестно
225632479,425382019,0,3,мужской,22.0,Москва,Неизвестно,Неизвестно,женский,22.0,Москва,Неизвестно,Неизвестно
433897698,567333224,0,1,мужской,23.0,Химки,Неизвестно,Неизвестно,мужской,22.0,Москва,Неизвестно,Неизвестно
506144993,387516654,0,1,мужской,18.0,Барнаул,Неизвестно,Неизвестно,мужской,20.0,Москва,Неизвестно,Неизвестно
387516654,439146588,0,0,мужской,20.0,Москва,Неизвестно,Неизвестно,мужской,22.0,Москва,РТУ МИРЭА,Институт информационных технологий
171888881,548550935,0,2,мужской,23.0,Одинцово,Неизвестно,Неизвестно,мужской,20.0,Москва,РТУ МИРЭА,Институт информационных технологий
171888881,282323463,0,0,мужской,23.0,Одинцово,Неизвестно,Неизвестно,мужской,22.0,Москва,Неизвестно,Неизвестно
171888881,346144945,0,1,мужской,23.0,Одинцово,Неизвестно,Неизвестно,мужской,20.0,Москва,Неизвестно,Неизвестно
171888881,192393433,0,0,мужской,23.0,Одинцово,Неизвестно,Неизвестно,мужской,26.0,Пенза,Неизвестно,Неизвестно
171888881,221684247,0,1,мужской,23.0,Одинцово,Неизвестно,Неизвестно,женский,22.0,Москва,Неизвестно,Неизвестно
171888881,413446243,0,0,мужской,23.0,Одинцово,Неизвестно,Неизвестно,мужской,53.0,Москва,Неизвестно,Неизвестно
171888881,269388306,0,2,мужской,23.0,Одинцово,Неизвестно,Неизвестно,мужской,22.0,Москва,Неизвестно,Неизвестно
171888881,283576464,0,0,мужской,23.0,Одинцово,Неизвестно,Неизвестно,женский,22.0,Симферополь,Неизвестно,Неизвестно
171888881,612204821,0,6,мужской,23.0,Одинцово,Неизвестно,Неизвестно,мужской,22.0,Москва,Неизвестно,Неизвестно
281641201,185888968,0,1,мужской,25.0,Москва,РТУ МИРЭА,Институт информационных технологий,мужской,22.0,Москва,Неизвестно,Неизвестно
281641201,248922122,0,0,мужской,25.0,Москва,РТУ МИРЭА,Институт информационных технологий,мужской,21.0,Москва,Неизвестно,Неизвестно
818872577,372566434,0,0,женский,22.0,Москва,Неизвестно,Неизвестно,мужской,22.0,Москва,Неизвестно,Неизвестно
286877958,476330366,0,0,мужской,22.0,Москва,Неизвестно,Неизвестно,мужской,18.0,Пенза,Неизвестно,Неизвестно
286877958,342243498,0,5,мужской,22.0,Москва,Неизвестно,Неизвестно,мужской,22.0,Москва,Неизвестно,Неизвестно
286877958,270809295,0,0,мужской,22.0,Москва,Неизвестно,Неизвестно,мужской,19.0,Москва,Неизвестно,Неизвестно
286877958,248922122,0,0,мужской,22.0,Москва,Неизвестно,Неизвестно,мужской,21.0,Москва,Неизвестно,Неизвестно
286877958,209508780,0,1,мужской,22.0,Москва,Неизвестно,Неизвестно,женский,22.0,Москва,Неизвестно,Неизвестно
286877958,432814093,0,1,мужской,22.0,Москва,Неизвестно,Неизвестно,мужской,22.0,Кизнер (поселок),Неизвестно,Неизвестно
286877958,49113389,0,1,мужской,22.0,Москва,Неизвестно,Неизвестно,мужской,22.0,Москва,Неизвестно,Неизвестно
286877958,322986299,0,0,мужской,22.0,Москва,Неизвестно,Неизвестно,женский,22.0,Москва,Неизвестно,Неизвестно
286877958,198752426,0,1,мужской,22.0,Москва,Неизвестно,Неизвестно,женский,22.0,Toronto,Неизвестно,Неизвестно
286877958,185888968,0,1,мужской,22.0,Москва,Неизвестно,Неизвестно,мужской,22.0,Москва,Неизвестно,Неизвестно
286877958,254249175,0,1,мужской,22.0,Москва,Неизвестно,Неизвестно,мужской,21.0,Пенза,РТУ МИРЭА,Неизвестно
286877958,357593443,0,0,мужской,22.0,Москва,Неизвестно,Неизвестно,мужской,22.0,Fukuoka,Неизвестно,Неизвестно
286877958,337236344,0,0,мужской,22.0,Москва,Неизвестно,Неизвестно,мужской,22.0,Москва,Неизвестно,Неизвестно
286877958,210813066,0,3,мужской,22.0,Москва,Неизвестно,Неизвестно,мужской,22.0,Москва,РТУ МИРЭА,Неизвестно
450496772,413446243,0,0,мужской,22.0,Химки,Неизвестно,Неизвестно,мужской,53.0,Москва,Неизвестно,Неизвестно
87224583,20341211,0,0,мужской,22.0,Химки,Неизвестно,Неизвестно,мужской,22.0,Москва,Неизвестно,Неизвестно
87224583,442167323,0,0,мужской,22.0,Химки,Неизвестно,Неизвестно,мужской,22.0,Москва,Неизвестно,Неизвестно
87224583,584995001,0,0,мужской,22.0,Химки,Неизвестно,Неизвестно,мужской,22.0,Подольск,Неизвестно,Неизвестно
87224583,425382019,0,1,мужской,22.0,Химки,Неизвестно,Неизвестно,женский,22.0,Москва,Неизвестно,Неизвестно
87224583,292134122,0,0,мужской,22.0,Химки,Неизвестно,Неизвестно,мужской,22.0,Москва,Неизвестно,Неизвестно
87224583,567333224,0,1,мужской,22.0,Химки,Неизвестно,Неизвестно,мужской,22.0,Москва,Неизвестно,Неизвестно
87224583,472328693,0,0,мужской,22.0,Химки,Неизвестно,Неизвестно,мужской,27.0,Санкт-Петербург,Неизвестно,Неизвестно
87224583,611694763,0,1,мужской,22.0,Химки,Неизвестно,Неизвестно,мужской,21.0,Москва,Неизвестно,Неизвестно
174135567,246872239,0,1,мужской,23.0,Ōfunato,Неизвестно,Неизвестно,мужской,21.0,Москва,РТУ МИРЭА,Институт информационных технологий
174135567,372566434,0,1,мужской,23.0,Ōfunato,Неизвестно,Неизвестно,мужской,22.0,Москва,Неизвестно,Неизвестно
174135567,365320601,0,0,мужской,23.0,Ōfunato,Неизвестно,Неизвестно,женский,22.0,Москва,МИРЭА (до 2015),Факультет информационных технологий
612204821,472328693,0,0,мужской,22.0,Москва,Неизвестно,Неизвестно,мужской,27.0,Санкт-Петербург,Неизвестно,Неизвестно
612204821,413446243,0,0,мужской,22.0,Москва,Неизвестно,Неизвестно,мужской,53.0,Москва,Неизвестно,Неизвестно
612204821,394100799,0,1,мужской,22.0,Москва,Неизвестно,Неизвестно,мужской,20.0,Москва,РТУ МИРЭА,Институт информационных технологий
612204821,80421291,0,1,мужской,22.0,Москва,Неизвестно,Неизвестно,женский,22.0,Москва,РХТУ им. Д. И. Менделеева,Факультет химико-фармацевтических технологий и биомедицинских препаратов
612204821,238444902,0,1,мужской,22.0,Москва,Неизвестно,Неизвестно,женский,22.0,Москва,Неизвестно,Неизвестно
612204821,327733536,0,1,мужской,22.0,Москва,Неизвестно,Неизвестно,женский,21.0,Москва,Неизвестно,Неизвестно
612204821,361386011,0,1,мужской,22.0,Москва,Неизвестно,Неизвестно,мужской,22.0,Москва,Неизвестно,Неизвестно
612204821,282323463,0,0,мужской,22.0,Москва,Неизвестно,Неизвестно,мужской,22.0,Москва,Неизвестно,Неизвестно
612204821,542173460,0,0,мужской,22.0,Москва,Неизвестно,Неизвестно,женский,22.0,Москва,Неизвестно,Неизвестно
612204821,319349113,0,1,мужской,22.0,Москва,Неизвестно,Неизвестно,мужской,22.0,Жуковский,Неизвестно,Неизвестно
548550935,37650604,0,1,мужской,20.0,Москва,РТУ МИРЭА,Институт информационных технологий,мужской,22.0,Москва,Неизвестно,Неизвестно
548550935,474388963,0,1,мужской,20.0,Москва,РТУ МИРЭА,Институт информационных технологий,мужской,22.0,Химки,Неизвестно,Неизвестно
548550935,337236344,0,0,мужской,20.0,Москва,РТУ МИРЭА,Институт информационных технологий,мужской,22.0,Москва,Неизвестно,Неизвестно
548550935,481253563,0,0,мужской,20.0,Москва,РТУ МИРЭА,Институт информационных технологий,мужской,21.0,Москва,РТУ МИРЭА,Институт информационных технологий
548550935,319349113,0,1,мужской,20.0,Москва,РТУ МИРЭА,Институт информационных технологий,мужской,22.0,Жуковский,Неизвестно,Неизвестно
548550935,281641201,0,1,мужской,20.0,Москва,РТУ МИРЭА,Институт информационных технологий,мужской,25.0,Москва,РТУ МИРЭА,Институт информационных технологий
548550935,527431797,0,0,мужской,20.0,Москва,РТУ МИРЭА,Институт информационных технологий,мужской,22.0,Москва,Неизвестно,Неизвестно
548550935,221684247,0,1,мужской,20.0,Москва,РТУ МИРЭА,Институт информационных технологий,женский,22.0,Москва,Неизвестно,Неизвестно
548550935,272517123,0,1,мужской,20.0,Москва,РТУ МИРЭА,Институт информационных технологий,женский,23.0,Химки,РХТУ им. Д. И. Менделеева,Неизвестно
548550935,506144993,0,1,мужской,20.0,Москва,РТУ МИРЭА,Институт информационных технологий,мужской,18.0,Барнаул,Неизвестно,Неизвестно
548550935,154110170,0,1,мужской,20.0,Москва,РТУ МИРЭА,Институт информационных технологий,мужской,22.0,Москва,Неизвестно,Неизвестно
327733536,325462157,0,0,женский,21.0,Москва,Неизвестно,Неизвестно,мужской,22.0,Москва,Неизвестно,Неизвестно
327733536,611694763,0,1,женский,21.0,Москва,Неизвестно,Неизвестно,мужской,21.0,Москва,Неизвестно,Неизвестно
327733536,269388306,0,1,женский,21.0,Москва,Неизвестно,Неизвестно,мужской,22.0,Москва,Неизвестно,Неизвестно
327733536,184572109,0,1,женский,21.0,Москва,Неизвестно,Неизвестно,женский,22.0,Москва,Неизвестно,Неизвестно
432150818,158445696,0,1,мужской,22.0,Москва,МГТУ им. Н. Э. Баумана (бывш. МВТУ),Неизвестно,женский,22.0,Москва,РТУ МИРЭА,Институт информационных технологий
432150818,818872577,0,0,мужской,22.0,Москва,МГТУ им. Н. Э. Баумана (бывш. МВТУ),Неизвестно,женский,22.0,Москва,Неизвестно,Неизвестно
432150818,230631594,0,1,мужской,22.0,Москва,МГТУ им. Н. Э. Баумана (бывш. МВТУ),Неизвестно,мужской,22.0,Химки,Неизвестно,Неизвестно
432150818,20341211,0,0,мужской,22.0,Москва,МГТУ им. Н. Э. Баумана (бывш. МВТУ),Неизвестно,мужской,22.0,Москва,Неизвестно,Неизвестно
178325795,457226450,0,1,мужской,22.0,Москва,РТУ МИРЭА,Неизвестно,женский,22.0,Москва,Неизвестно,Неизвестно
178325795,241984007,0,1,мужской,22.0,Москва,РТУ МИРЭА,Неизвестно,мужской,56.0,Москва,Неизвестно,Неизвестно
178325795,195211764,0,1,мужской,22.0,Москва,РТУ МИРЭА,Неизвестно,мужской,22.0,Москва,Неизвестно,Неизвестно
178325795,338121069,0,0,мужской,22.0,Москва,РТУ МИРЭА,Неизвестно,мужской,22.0,Москва,Неизвестно,Неизвестно
178325795,203874757,0,0,мужской,22.0,Москва,РТУ МИРЭА,Неизвестно,мужской,22.0,Москва,Неизвестно,Неизвестно
178325795,292134122,0,0,мужской,22.0,Москва,РТУ МИРЭА,Неизвестно,мужской,22.0,Москва,Неизвестно,Неизвестно
176943398,342258015,0,0,мужской,22.0,Бронницы,Неизвестно,Неизвестно,мужской,22.0,Химки,Неизвестно,Неизвестно
176943398,442167323,0,0,мужской,22.0,Бронницы,Неизвестно,Неизвестно,мужской,22.0,Москва,Неизвестно,Неизвестно
49113389,596357542,0,1,мужской,22.0,Москва,Неизвестно,Неизвестно,мужской,22.0,Минск,Неизвестно,Неизвестно
221280561,187140484,0,1,женский,22.0,Химки,Неизвестно,Неизвестно,мужской,22.0,Евпатория,Неизвестно,Неизвестно
221280561,425382019,0,1,женский,22.0,Химки,Неизвестно,Неизвестно,женский,22.0,Москва,Неизвестно,Неизвестно
221280561,91478379,0,2,женский,22.0,Химки,Неизвестно,Неизвестно,женский,22.0,Paris,Неизвестно,Неизвестно
221280561,276400143,0,0,женский,22.0,Химки,Неизвестно,Неизвестно,мужской,21.0,Москва,Неизвестно,Неизвестно
221280561,457226450,0,3,женский,22.0,Химки,Неизвестно,Неизвестно,женский,22.0,Москва,Неизвестно,Неизвестно
221280561,359178717,0,1,женский,22.0,Химки,Неизвестно,Неизвестно,мужской,22.0,Москва,Неизвестно,Неизвестно
221280561,381065555,0,1,женский,22.0,Химки,Неизвестно,Неизвестно,мужской,22.0,Москва,РТУ МИРЭА,Неизвестно
221280561,338121069,0,0,женский,22.0,Химки,Неизвестно,Неизвестно,мужской,22.0,Москва,Неизвестно,Неизвестно
221280561,527431797,0,0,женский,22.0,Химки,Неизвестно,Неизвестно,мужской,22.0,Москва,Неизвестно,Неизвестно
322986299,272517123,0,0,женский,22.0,Москва,Неизвестно,Неизвестно,женский,23.0,Химки,РХТУ им. Д. И. Менделеева,Неизвестно
322986299,337418663,0,0,женский,22.0,Москва,Неизвестно,Неизвестно,мужской,22.0,Санкт-Петербург,РТУ МИРЭА,Институт информационных технологий
130746686,337236344,0,1,мужской,22.0,Москва,Неизвестно,Неизвестно,мужской,22.0,Москва,Неизвестно,Неизвестно
130746686,466579963,0,0,мужской,22.0,Москва,Неизвестно,Неизвестно,мужской,22.0,Москва,Неизвестно,Неизвестно
130746686,527431797,0,0,мужской,22.0,Москва,Неизвестно,Неизвестно,мужской,22.0,Москва,Неизвестно,Неизвестно
227234115,506144993,0,1,мужской,22.0,Москва,МГТУ им. Н. Э. Баумана (бывш. МВТУ),Неизвестно,мужской,18.0,Барнаул,Неизвестно,Неизвестно
227234115,269388306,0,1,мужской,22.0,Москва,МГТУ им. Н. Э. Баумана (бывш. МВТУ),Неизвестно,мужской,22.0,Москва,Неизвестно,Неизвестно
227234115,350840991,0,1,мужской,22.0,Москва,МГТУ им. Н. Э. Баумана (бывш. МВТУ),Неизвестно,мужской,22.0,Москва,Неизвестно,Неизвестно
227234115,276082772,0,1,мужской,22.0,Москва,МГТУ им. Н. Э. Баумана (бывш. МВТУ),Неизвестно,мужской,22.0,Москва,РЭУ им. Г. В. Плеханова,Факультет бизнеса «Капитаны»
227234115,195211764,0,1,мужской,22.0,Москва,МГТУ им. Н. Э. Баумана (бывш. МВТУ),Неизвестно,мужской,22.0,Москва,Неизвестно,Неизвестно
227234115,439146588,0,0,мужской,22.0,Москва,МГТУ им. Н. Э. Баумана (бывш. МВТУ),Неизвестно,мужской,22.0,Москва,РТУ МИРЭА,Институт информационных технологий
174111046,387143718,0,1,женский,22.0,Москва,Неизвестно,Неизвестно,мужской,22.0,Москва,Неизвестно,Неизвестно
174111046,658702663,0,0,женский,22.0,Москва,Неизвестно,Неизвестно,мужской,22.0,Москва,Неизвестно,Неизвестно
174111046,50391059,0,1,женский,22.0,Москва,Неизвестно,Неизвестно,мужской,72.0,Москва,МГУ,Философский
174111046,450496772,0,1,женский,22.0,Москва,Неизвестно,Неизвестно,мужской,22.0,Химки,Неизвестно,Неизвестно
174111046,270809295,0,0,женский,22.0,Москва,Неизвестно,Неизвестно,мужской,19.0,Москва,Неизвестно,Неизвестно
174111046,432814093,0,1,женский,22.0,Москва,Неизвестно,Неизвестно,мужской,22.0,Кизнер (поселок),Неизвестно,Неизвестно
174111046,322986299,0,0,женский,22.0,Москва,Неизвестно,Неизвестно,женский,22.0,Москва,Неизвестно,Неизвестно
174111046,579510402,0,1,женский,22.0,Москва,Неизвестно,Неизвестно,мужской,19.0,Москва,Неизвестно,Неизвестно
174111046,361386011,0,1,женский,22.0,Москва,Неизвестно,Неизвестно,мужской,22.0,Москва,Неизвестно,Неизвестно
174111046,192393433,0,0,женский,22.0,Москва,Неизвестно,Неизвестно,мужской,26.0,Пенза,Неизвестно,Неизвестно
174111046,177512785,0,2,женский,22.0,Москва,Неизвестно,Неизвестно,мужской,22.0,Москва,РТУ МИРЭА,Неизвестно
174111046,198752426,0,2,женский,22.0,Москва,Неизвестно,Неизвестно,женский,22.0,Toronto,Неизвестно,Неизвестно
174111046,187140484,0,1,женский,22.0,Москва,Неизвестно,Неизвестно,мужской,22.0,Евпатория,Неизвестно,Неизвестно
174111046,143677868,0,1,женский,22.0,Москва,Неизвестно,Неизвестно,женский,24.0,Москва,Неизвестно,Неизвестно
174111046,272517123,0,1,женский,22.0,Москва,Неизвестно,Неизвестно,женский,23.0,Химки,РХТУ им. Д. И. Менделеева,Неизвестно
174111046,177346603,0,1,женский,22.0,Москва,Неизвестно,Неизвестно,мужской,22.0,Старый Оскол,Неизвестно,Неизвестно
174111046,221167855,0,0,женский,22.0,Москва,Неизвестно,Неизвестно,женский,22.0,Москва,Неизвестно,Неизвестно
174111046,394100799,0,1,женский,22.0,Москва,Неизвестно,Неизвестно,мужской,20.0,Москва,РТУ МИРЭА,Институт информационных технологий
177512785,221684247,0,1,мужской,22.0,Москва,РТУ МИРЭА,Неизвестно,женский,22.0,Москва,Неизвестно,Неизвестно
177512785,20341211,0,0,мужской,22.0,Москва,РТУ МИРЭА,Неизвестно,мужской,22.0,Москва,Неизвестно,Неизвестно
177512785,596357542,0,1,мужской,22.0,Москва,РТУ МИРЭА,Неизвестно,мужской,22.0,Минск,Неизвестно,Неизвестно
163823935,283922767,0,0,мужской,22.0,Подольск,РТУ МИРЭА,Институт информационных технологий,мужской,21.0,Москва,Неизвестно,Неизвестно
163823935,490832222,0,0,мужской,22.0,Подольск,РТУ МИРЭА,Институт информационных технологий,женский,22.0,Москва,Неизвестно,Неизвестно
163823935,91478379,0,1,мужской,22.0,Подольск,РТУ МИРЭА,Институт информационных технологий,женский,22.0,Paris,Неизвестно,Неизвестно
163823935,338121069,0,0,мужской,22.0,Подольск,РТУ МИРЭА,Институт информационных технологий,мужской,22.0,Москва,Неизвестно,Неизвестно
163823935,198752426,0,2,мужской,22.0,Подольск,РТУ МИРЭА,Институт информационных технологий,женский,22.0,Toronto,Неизвестно,Неизвестно
163823935,165376388,0,0,мужской,22.0,Подольск,РТУ МИРЭА,Институт информационных технологий,мужской,22.0,Москва,Неизвестно,Неизвестно
163823935,265111970,0,4,мужской,22.0,Подольск,РТУ МИРЭА,Институт информационных технологий,мужской,22.0,Москва,РТУ МИРЭА,Институт информационных технологий
163823935,527431797,0,0,мужской,22.0,Подольск,РТУ МИРЭА,Институт информационных технологий,мужской,22.0,Москва,Неизвестно,Неизвестно
163823935,419168599,0,1,мужской,22.0,Подольск,РТУ МИРЭА,Институт информационных технологий,мужской,22.0,Москва,Неизвестно,Неизвестно
163823935,202363248,0,1,мужской,22.0,Подольск,РТУ МИРЭА,Институт информационных технологий,женский,22.0,Рязань,Неизвестно,Неизвестно
163823935,276082772,0,1,мужской,22.0,Подольск,РТУ МИРЭА,Институт информационных технологий,мужской,22.0,Москва,РЭУ им. Г. В. Плеханова,Факультет бизнеса «Капитаны»
163823935,432814093,0,1,мужской,22.0,Подольск,РТУ МИРЭА,Институт информационных технологий,мужской,22.0,Кизнер (поселок),Неизвестно,Неизвестно
163823935,226597074,0,0,мужской,22.0,Подольск,РТУ МИРЭА,Институт информационных технологий,мужской,21.0,Москва,Неизвестно,Неизвестно
163823935,387516654,0,1,мужской,22.0,Подольск,РТУ МИРЭА,Институт информационных технологий,мужской,20.0,Москва,Неизвестно,Неизвестно
163823935,146511992,0,1,мужской,22.0,Подольск,РТУ МИРЭА,Институт информационных технологий,женский,22.0,Москва,МГИМО МИД России,Неизвестно
163823935,481253563,0,0,мужской,22.0,Подольск,РТУ МИРЭА,Институт информационных технологий,мужской,21.0,Москва,РТУ МИРЭА,Институт информационных технологий
163823935,87224583,0,1,мужской,22.0,Подольск,РТУ МИРЭА,Институт информационных технологий,мужской,22.0,Химки,Неизвестно,Неизвестно
163823935,232437875,0,0,мужской,22.0,Подольск,РТУ МИРЭА,Институт информационных технологий,мужской,21.0,Москва,Неизвестно,Неизвестно
163823935,191557938,0,0,мужской,22.0,Подольск,РТУ МИРЭА,Институт информационных технологий,мужской,22.0,Одинцово,Неизвестно,Неизвестно
381065555,248922122,0,0,мужской,22.0,Москва,РТУ МИРЭА,Неизвестно,мужской,21.0,Москва,Неизвестно,Неизвестно
381065555,91478379,0,1,мужской,22.0,Москва,РТУ МИРЭА,Неизвестно,женский,22.0,Paris,Неизвестно,Неизвестно
419168599,365320601,0,0,мужской,22.0,Москва,Неизвестно,Неизвестно,женский,22.0,Москва,МИРЭА (до 2015),Факультет информационных технологий
419168599,91478379,0,1,мужской,22.0,Москва,Неизвестно,Неизвестно,женский,22.0,Paris,Неизвестно,Неизвестно
419168599,583194957,0,0,мужской,22.0,Москва,Неизвестно,Неизвестно,мужской,22.0,Москва,Неизвестно,Неизвестно
419168599,276082772,0,1,мужской,22.0,Москва,Неизвестно,Неизвестно,мужской,22.0,Москва,РЭУ им. Г. В. Плеханова,Факультет бизнеса «Капитаны»
419168599,269388306,0,1,мужской,22.0,Москва,Неизвестно,Неизвестно,мужской,22.0,Москва,Неизвестно,Неизвестно
419168599,466579963,0,1,мужской,22.0,Москва,Неизвестно,Неизвестно,мужской,22.0,Москва,Неизвестно,Неизвестно
419168599,202363248,0,1,мужской,22.0,Москва,Неизвестно,Неизвестно,женский,22.0,Рязань,Неизвестно,Неизвестно
419168599,342243498,0,1,мужской,22.0,Москва,Неизвестно,Неизвестно,мужской,22.0,Москва,Неизвестно,Неизвестно
419168599,558275035,0,2,мужской,22.0,Москва,Неизвестно,Неизвестно,мужской,23.0,Москва,Неизвестно,Неизвестно
4561245,359942285,0,1,женский,22.0,Химки,Неизвестно,Неизвестно,мужской,21.0,Москва,РТУ МИРЭА,Институт информационных технологий
4561245,602757527,0,1,женский,22.0,Химки,Неизвестно,Неизвестно,мужской,26.0,Москва,Неизвестно,Неизвестно
4561245,558275035,0,1,женский,22.0,Химки,Неизвестно,Неизвестно,мужской,23.0,Москва,Неизвестно,Неизвестно
4561245,195211764,0,1,женский,22.0,Химки,Неизвестно,Неизвестно,мужской,22.0,Москва,Неизвестно,Неизвестно
357593443,466579963,0,0,мужской,22.0,Fukuoka,Неизвестно,Неизвестно,мужской,22.0,Москва,Неизвестно,Неизвестно
357593443,37650604,0,0,мужской,22.0,Fukuoka,Неизвестно,Неизвестно,мужской,22.0,Москва,Неизвестно,Неизвестно
275267938,338121069,0,0,мужской,22.0,Таганрог,Неизвестно,Неизвестно,мужской,22.0,Москва,Неизвестно,Неизвестно
275267938,175100020,0,2,мужской,22.0,Таганрог,Неизвестно,Неизвестно,мужской,22.0,Москва,РТУ МИРЭА,Институт информационных технологий
275267938,154110170,0,1,мужской,22.0,Таганрог,Неизвестно,Неизвестно,мужской,22.0,Москва,Неизвестно,Неизвестно
275267938,168265890,0,0,мужской,22.0,Таганрог,Неизвестно,Неизвестно,мужской,22.0,Москва,Неизвестно,Неизвестно
275267938,248922122,0,0,мужской,22.0,Таганрог,Неизвестно,Неизвестно,мужской,21.0,Москва,Неизвестно,Неизвестно
275267938,176943398,0,0,мужской,22.0,Таганрог,Неизвестно,Неизвестно,мужской,22.0,Бронницы,Неизвестно,Неизвестно
275267938,221684247,0,1,мужской,22.0,Таганрог,Неизвестно,Неизвестно,женский,22.0,Москва,Неизвестно,Неизвестно
238444902,198752426,0,1,женский,22.0,Москва,Неизвестно,Неизвестно,женский,22.0,Toronto,Неизвестно,Неизвестно
238444902,337236344,0,0,женский,22.0,Москва,Неизвестно,Неизвестно,мужской,22.0,Москва,Неизвестно,Неизвестно
238444902,275267938,0,1,женский,22.0,Москва,Неизвестно,Неизвестно,мужской,22.0,Таганрог,Неизвестно,Неизвестно
238444902,269388306,0,1,женский,22.0,Москва,Неизвестно,Неизвестно,мужской,22.0,Москва,Неизвестно,Неизвестно
238444902,612204821,0,1,женский,22.0,Москва,Неизвестно,Неизвестно,мужской,22.0,Москва,Неизвестно,Неизвестно
263573863,626151457,0,0,мужской,22.0,Москва,Неизвестно,Неизвестно,мужской,22.0,Воронеж,Неизвестно,Неизвестно
263573863,230631594,0,0,мужской,22.0,Москва,Неизвестно,Неизвестно,мужской,22.0,Химки,Неизвестно,Неизвестно
263573863,273596951,0,0,мужской,22.0,Москва,Неизвестно,Неизвестно,мужской,22.0,Москва,РТУ МИРЭА,Неизвестно
263573863,276082772,0,0,мужской,22.0,Москва,Неизвестно,Неизвестно,мужской,22.0,Москва,РЭУ им. Г. В. Плеханова,Факультет бизнеса «Капитаны»
263573863,93944075,0,0,мужской,22.0,Москва,Неизвестно,Неизвестно,мужской,27.0,Москва,Неизвестно,Неизвестно
567333224,325462157,0,0,мужской,22.0,Москва,Неизвестно,Неизвестно,мужской,22.0,Москва,Неизвестно,Неизвестно
91478379,276400143,0,0,женский,22.0,Paris,Неизвестно,Неизвестно,мужской,21.0,Москва,Неизвестно,Неизвестно
91478379,225632479,0,1,женский,22.0,Paris,Неизвестно,Неизвестно,мужской,22.0,Москва,Неизвестно,Неизвестно
91478379,368048152,0,1,женский,22.0,Paris,Неизвестно,Неизвестно,мужской,22.0,Москва,Неизвестно,Неизвестно
338121069,175100020,0,0,мужской,22.0,Москва,Неизвестно,Неизвестно,мужской,22.0,Москва,РТУ МИРЭА,Институт информационных технологий
338121069,225632479,0,0,мужской,22.0,Москва,Неизвестно,Неизвестно,мужской,22.0,Москва,Неизвестно,Неизвестно
338121069,433897698,0,0,мужской,22.0,Москва,Неизвестно,Неизвестно,мужской,23.0,Химки,Неизвестно,Неизвестно
338121069,273596951,0,0,мужской,22.0,Москва,Неизвестно,Неизвестно,мужской,22.0,Москва,РТУ МИРЭА,Неизвестно
338121069,342243498,0,0,мужской,22.0,Москва,Неизвестно,Неизвестно,мужской,22.0,Москва,Неизвестно,Неизвестно
338121069,505204903,0,0,мужской,22.0,Москва,Неизвестно,Неизвестно,мужской,22.0,Москва,Неизвестно,Неизвестно
338121069,4561245,0,0,мужской,22.0,Москва,Неизвестно,Неизвестно,женский,22.0,Химки,Неизвестно,Неизвестно
345307505,395645310,0,1,мужской,22.0,Berlin,Неизвестно,Неизвестно,мужской,22.0,Москва,Неизвестно,Неизвестно
202363248,220291482,0,0,женский,22.0,Рязань,Неизвестно,Неизвестно,мужской,22.0,Москва,РТУ МИРЭА,Институт информационных технологий
465363318,69110189,0,1,мужской,22.0,Москва,Неизвестно,Неизвестно,женский,25.0,Москва,РТУ МИРЭА,Неизвестно
465363318,276400143,0,0,мужской,22.0,Москва,Неизвестно,Неизвестно,мужской,21.0,Москва,Неизвестно,Неизвестно
465363318,226597074,0,0,мужской,22.0,Москва,Неизвестно,Неизвестно,мужской,21.0,Москва,Неизвестно,Неизвестно
465363318,221684247,0,1,мужской,22.0,Москва,Неизвестно,Неизвестно,женский,22.0,Москва,Неизвестно,Неизвестно
337236344,584995001,0,0,мужской,22.0,Москва,Неизвестно,Неизвестно,мужской,22.0,Подольск,Неизвестно,Неизвестно
337236344,505204903,0,0,мужской,22.0,Москва,Неизвестно,Неизвестно,мужской,22.0,Москва,Неизвестно,Неизвестно
337236344,220291482,0,1,мужской,22.0,Москва,Неизвестно,Неизвестно,мужской,22.0,Москва,РТУ МИРЭА,Институт информационных технологий
395645310,481253563,0,0,мужской,22.0,Москва,Неизвестно,Неизвестно,мужской,21.0,Москва,РТУ МИРЭА,Институт информационных технологий
395645310,146511992,0,1,мужской,22.0,Москва,Неизвестно,Неизвестно,женский,22.0,Москва,МГИМО МИД России,Неизвестно
395645310,330856466,0,0,мужской,22.0,Москва,Неизвестно,Неизвестно,мужской,22.0,Москва,Неизвестно,Неизвестно
319349113,177512785,0,1,мужской,22.0,Жуковский,Неизвестно,Неизвестно,мужской,22.0,Москва,РТУ МИРЭА,Неизвестно
165376388,221167855,0,0,мужской,22.0,Москва,Неизвестно,Неизвестно,женский,22.0,Москва,Неизвестно,Неизвестно
187140484,158445696,0,1,мужской,22.0,Евпатория,Неизвестно,Неизвестно,женский,22.0,Москва,РТУ МИРЭА,Институт информационных технологий
342077835,275267938,0,0,женский,22.0,Москва,Неизвестно,Неизвестно,мужской,22.0,Таганрог,Неизвестно,Неизвестно
342077835,99138057,0,0,женский,22.0,Москва,Неизвестно,Неизвестно,мужской,40.0,Москва,МГУПИ,Институт высоких технологий
602757527,275267938,0,1,мужской,26.0,Москва,Неизвестно,Неизвестно,мужской,22.0,Таганрог,Неизвестно,Неизвестно
602757527,276082772,0,1,мужской,26.0,Москва,Неизвестно,Неизвестно,мужской,22.0,Москва,РЭУ им. Г. В. Плеханова,Факультет бизнеса «Капитаны»
602757527,192393433,0,0,мужской,26.0,Москва,Неизвестно,Неизвестно,мужской,26.0,Пенза,Неизвестно,Неизвестно
365320601,276082772,0,0,женский,22.0,Москва,МИРЭА (до 2015),Факультет информационных технологий,мужской,22.0,Москва,РЭУ им. Г. В. Плеханова,Факультет бизнеса «Капитаны»
365320601,450496772,0,0,женский,22.0,Москва,МИРЭА (до 2015),Факультет информационных технологий,мужской,22.0,Химки,Неизвестно,Неизвестно
365320601,177346603,0,0,женский,22.0,Москва,МИРЭА (до 2015),Факультет информационных технологий,мужской,22.0,Старый Оскол,Неизвестно,Неизвестно
365320601,372566434,0,0,женский,22.0,Москва,МИРЭА (до 2015),Факультет информационных технологий,мужской,22.0,Москва,Неизвестно,Неизвестно
365320601,254249175,0,0,женский,22.0,Москва,МИРЭА (до 2015),Факультет информационных технологий,мужской,21.0,Пенза,РТУ МИРЭА,Неизвестно
365320601,165376388,0,0,женский,22.0,Москва,МИРЭА (до 2015),Факультет информационных технологий,мужской,22.0,Москва,Неизвестно,Неизвестно
220291482,69110189,0,0,мужской,22.0,Москва,РТУ МИРЭА,Институт информационных технологий,женский,25.0,Москва,РТУ МИРЭА,Неизвестно
220291482,441397508,0,0,мужской,22.0,Москва,РТУ МИРЭА,Институт информационных технологий,женский,22.0,Москва,Неизвестно,Неизвестно
220291482,125354026,0,0,мужской,22.0,Москва,РТУ МИРЭА,Институт информационных технологий,мужской,22.0,Санкт-Петербург,Неизвестно,Неизвестно
220291482,273596951,0,0,мужской,22.0,Москва,РТУ МИРЭА,Институт информационных технологий,мужской,22.0,Москва,РТУ МИРЭА,Неизвестно
220291482,87224583,0,0,мужской,22.0,Москва,РТУ МИРЭА,Институт информационных технологий,мужской,22.0,Химки,Неизвестно,Неизвестно
220291482,275267938,0,0,мужской,22.0,Москва,РТУ МИРЭА,Институт информационных технологий,мужской,22.0,Таганрог,Неизвестно,Неизвестно
220291482,337418663,0,0,мужской,22.0,Москва,РТУ МИРЭА,Институт информационных технологий,мужской,22.0,Санкт-Петербург,РТУ МИРЭА,Институт информационных технологий
265111970,527431797,0,0,мужской,22.0,Москва,РТУ МИРЭА,Институт информационных технологий,мужской,22.0,Москва,Неизвестно,Неизвестно
265111970,361386011,0,1,мужской,22.0,Москва,РТУ МИРЭА,Институт информационных технологий,мужской,22.0,Москва,Неизвестно,Неизвестно
265111970,472328693,0,0,мужской,22.0,Москва,РТУ МИРЭА,Институт информационных технологий,мужской,27.0,Санкт-Петербург,Неизвестно,Неизвестно
265111970,226597074,0,0,мужской,22.0,Москва,РТУ МИРЭА,Институт информационных технологий,мужской,21.0,Москва,Неизвестно,Неизвестно
372566434,425382019,0,1,мужской,22.0,Москва,Неизвестно,Неизвестно,женский,22.0,Москва,Неизвестно,Неизвестно
372566434,37650604,0,1,мужской,22.0,Москва,Неизвестно,Неизвестно,мужской,22.0,Москва,Неизвестно,Неизвестно
372566434,345307505,0,1,мужской,22.0,Москва,Неизвестно,Неизвестно,мужской,22.0,Berlin,Неизвестно,Неизвестно
372566434,432814093,0,1,мужской,22.0,Москва,Неизвестно,Неизвестно,мужской,22.0,Кизнер (поселок),Неизвестно,Неизвестно
372566434,269388306,0,1,мужской,22.0,Москва,Неизвестно,Неизвестно,мужской,22.0,Москва,Неизвестно,Неизвестно
372566434,254249175,0,1,мужской,22.0,Москва,Неизвестно,Неизвестно,мужской,21.0,Пенза,РТУ МИРЭА,Неизвестно
596357542,361386011,0,1,мужской,22.0,Минск,Неизвестно,Неизвестно,мужской,22.0,Москва,Неизвестно,Неизвестно
596357542,818872577,0,0,мужской,22.0,Минск,Неизвестно,Неизвестно,женский,22.0,Москва,Неизвестно,Неизвестно
596357542,176943398,0,0,мужской,22.0,Минск,Неизвестно,Неизвестно,мужской,22.0,Бронницы,Неизвестно,Неизвестно
596357542,433897698,0,1,мужской,22.0,Минск,Неизвестно,Неизвестно,мужской,23.0,Химки,Неизвестно,Неизвестно
596357542,226597074,0,0,мужской,22.0,Минск,Неизвестно,Неизвестно,мужской,21.0,Москва,Неизвестно,Неизвестно
337418663,579510402,0,1,мужской,22.0,Санкт-Петербург,РТУ МИРЭА,Институт информационных технологий,мужской,19.0,Москва,Неизвестно,Неизвестно
337418663,13480453,0,0,мужской,22.0,Санкт-Петербург,РТУ МИРЭА,Институт информационных технологий,женский,22.0,Москва,Неизвестно,Неизвестно
337418663,319349113,0,1,мужской,22.0,Санкт-Петербург,РТУ МИРЭА,Институт информационных технологий,мужской,22.0,Жуковский,Неизвестно,Неизвестно
337418663,413446243,0,0,мужской,22.0,Санкт-Петербург,РТУ МИРЭА,Институт информационных технологий,мужской,53.0,Москва,Неизвестно,Неизвестно
337418663,203874757,0,0,мужской,22.0,Санкт-Петербург,РТУ МИРЭА,Институт информационных технологий,мужской,22.0,Москва,Неизвестно,Неизвестно
337418663,202363248,0,1,мужской,22.0,Санкт-Петербург,РТУ МИРЭА,Институт информационных технологий,женский,22.0,Рязань,Неизвестно,Неизвестно
337418663,342077835,0,0,мужской,22.0,Санкт-Петербург,РТУ МИРЭА,Институт информационных технологий,женский,22.0,Москва,Неизвестно,Неизвестно
337418663,394100799,0,1,мужской,22.0,Санкт-Петербург,РТУ МИРЭА,Институт информационных технологий,мужской,20.0,Москва,РТУ МИРЭА,Институт информационных технологий
80421291,476330366,0,0,женский,22.0,Москва,РХТУ им. Д. И. Менделеева,Факультет химико-фармацевтических технологий и биомедицинских препаратов,мужской,18.0,Пенза,Неизвестно,Неизвестно
80421291,322986299,0,0,женский,22.0,Москва,РХТУ им. Д. И. Менделеева,Факультет химико-фармацевтических технологий и биомедицинских препаратов,женский,22.0,Москва,Неизвестно,Неизвестно
80421291,273596951,0,1,женский,22.0,Москва,РХТУ им. Д. И. Менделеева,Факультет химико-фармацевтических технологий и биомедицинских препаратов,мужской,22.0,Москва,РТУ МИРЭА,Неизвестно
69110189,163823935,0,13,женский,25.0,Москва,РТУ МИРЭА,Неизвестно,мужской,22.0,Подольск,РТУ МИРЭА,Институт информационных технологий
69110189,435357753,0,1,женский,25.0,Москва,РТУ МИРЭА,Неизвестно,женский,22.0,Москва,РТУ МИРЭА,Институт информационных технологий
69110189,395426263,0,1,женский,25.0,Москва,РТУ МИРЭА,Неизвестно,мужской,22.0,Москва,Неизвестно,Неизвестно
69110189,361386011,0,1,женский,25.0,Москва,РТУ МИРЭА,Неизвестно,мужской,22.0,Москва,Неизвестно,Неизвестно
69110189,450496772,0,1,женский,25.0,Москва,РТУ МИРЭА,Неизвестно,мужской,22.0,Химки,Неизвестно,Неизвестно
69110189,202363248,0,1,женский,25.0,Москва,РТУ МИРЭА,Неизвестно,женский,22.0,Рязань,Неизвестно,Неизвестно
69110189,258814756,0,0,женский,25.0,Москва,РТУ МИРЭА,Неизвестно,мужской,22.0,Москва,Неизвестно,Неизвестно
69110189,337418663,0,2,женский,25.0,Москва,РТУ МИРЭА,Неизвестно,мужской,22.0,Санкт-Петербург,РТУ МИРЭА,Институт информационных технологий
69110189,192393433,0,0,женский,25.0,Москва,РТУ МИРЭА,Неизвестно,мужской,26.0,Пенза,Неизвестно,Неизвестно
69110189,372566434,0,1,женский,25.0,Москва,РТУ МИРЭА,Неизвестно,мужской,22.0,Москва,Неизвестно,Неизвестно
69110189,221280561,0,1,женский,25.0,Москва,РТУ МИРЭА,Неизвестно,женский,22.0,Химки,Неизвестно,Неизвестно
69110189,357593443,0,0,женский,25.0,Москва,РТУ МИРЭА,Неизвестно,мужской,22.0,Fukuoka,Неизвестно,Неизвестно
69110189,265111970,0,3,женский,25.0,Москва,РТУ МИРЭА,Неизвестно,мужской,22.0,Москва,РТУ МИРЭА,Институт информационных технологий
69110189,146511992,0,1,женский,25.0,Москва,РТУ МИРЭА,Неизвестно,женский,22.0,Москва,МГИМО МИД России,Неизвестно
69110189,198752426,0,2,женский,25.0,Москва,РТУ МИРЭА,Неизвестно,женский,22.0,Toronto,Неизвестно,Неизвестно
69110189,185888968,0,1,женский,25.0,Москва,РТУ МИРЭА,Неизвестно,мужской,22.0,Москва,Неизвестно,Неизвестно
69110189,466579963,0,1,женский,25.0,Москва,РТУ МИРЭА,Неизвестно,мужской,22.0,Москва,Неизвестно,Неизвестно
143677868,281641201,0,1,женский,24.0,Москва,Неизвестно,Неизвестно,мужской,25.0,Москва,РТУ МИРЭА,Институт информационных технологий
143677868,286877958,0,1,женский,24.0,Москва,Неизвестно,Неизвестно,мужской,22.0,Москва,Неизвестно,Неизвестно
143677868,506144993,0,1,женский,24.0,Москва,Неизвестно,Неизвестно,мужской,18.0,Барнаул,Неизвестно,Неизвестно
143677868,80421291,0,1,женский,24.0,Москва,Неизвестно,Неизвестно,женский,22.0,Москва,РХТУ им. Д. И. Менделеева,Факультет химико-фармацевтических технологий и биомедицинских препаратов
143677868,395426263,0,2,женский,24.0,Москва,Неизвестно,Неизвестно,мужской,22.0,Москва,Неизвестно,Неизвестно
143677868,144881881,0,0,женский,24.0,Москва,Неизвестно,Неизвестно,мужской,22.0,Качалино,Неизвестно,Неизвестно
209508780,163823935,0,1,женский,22.0,Москва,Неизвестно,Неизвестно,мужской,22.0,Подольск,РТУ МИРЭА,Институт информационных технологий
209508780,99138057,0,1,женский,22.0,Москва,Неизвестно,Неизвестно,мужской,40.0,Москва,МГУПИ,Институт высоких технологий
209508780,359942285,0,1,женский,22.0,Москва,Неизвестно,Неизвестно,мужской,21.0,Москва,РТУ МИРЭА,Институт информационных технологий
209508780,93944075,0,0,женский,22.0,Москва,Неизвестно,Неизвестно,мужской,27.0,Москва,Неизвестно,Неизвестно
209508780,491446601,0,0,женский,22.0,Москва,Неизвестно,Неизвестно,мужской,24.0,Москва,Неизвестно,Неизвестно
209508780,20341211,0,0,женский,22.0,Москва,Неизвестно,Неизвестно,мужской,22.0,Москва,Неизвестно,Неизвестно
209508780,49113389,0,1,женский,22.0,Москва,Неизвестно,Неизвестно,мужской,22.0,Москва,Неизвестно,Неизвестно
395426263,209508780,0,1,мужской,22.0,Москва,Неизвестно,Неизвестно,женский,22.0,Москва,Неизвестно,Неизвестно
395426263,225632479,0,1,мужской,22.0,Москва,Неизвестно,Неизвестно,мужской,22.0,Москва,Неизвестно,Неизвестно
662741463,187140484,0,1,мужской,23.0,Москва,РТУ МИРЭА,Институт кибербезопасности и цифровых технологий,мужской,22.0,Евпатория,Неизвестно,Неизвестно
662741463,241984007,0,1,мужской,23.0,Москва,РТУ МИРЭА,Институт кибербезопасности и цифровых технологий,мужской,56.0,Москва,Неизвестно,Неизвестно
662741463,165376388,0,0,мужской,23.0,Москва,РТУ МИРЭА,Институт кибербезопасности и цифровых технологий,мужской,22.0,Москва,Неизвестно,Неизвестно
662741463,209508780,0,1,мужской,23.0,Москва,РТУ МИРЭА,Институт кибербезопасности и цифровых технологий,женский,22.0,Москва,Неизвестно,Неизвестно
662741463,548864523,0,1,мужской,23.0,Москва,РТУ МИРЭА,Институт кибербезопасности и цифровых технологий,женский,20.0,Москва,Неизвестно,Неизвестно
662741463,306509984,0,0,мужской,23.0,Москва,РТУ МИРЭА,Институт кибербезопасности и цифровых технологий,мужской,22.0,Москва,Неизвестно,Неизвестно
662741463,270809295,0,0,мужской,23.0,Москва,РТУ МИРЭА,Институт кибербезопасности и цифровых технологий,мужской,19.0,Москва,Неизвестно,Неизвестно
662741463,281641201,0,2,мужской,23.0,Москва,РТУ МИРЭА,Институт кибербезопасности и цифровых технологий,мужской,25.0,Москва,РТУ МИРЭА,Институт информационных технологий
662741463,472328693,0,0,мужской,23.0,Москва,РТУ МИРЭА,Институт кибербезопасности и цифровых технологий,мужской,27.0,Санкт-Петербург,Неизвестно,Неизвестно
662741463,432814093,0,2,мужской,23.0,Москва,РТУ МИРЭА,Институт кибербезопасности и цифровых технологий,мужской,22.0,Кизнер (поселок),Неизвестно,Неизвестно
662741463,626151457,0,0,мужской,23.0,Москва,РТУ МИРЭА,Институт кибербезопасности и цифровых технологий,мужской,22.0,Воронеж,Неизвестно,Неизвестно
662741463,87224583,0,1,мужской,23.0,Москва,РТУ МИРЭА,Институт кибербезопасности и цифровых технологий,мужской,22.0,Химки,Неизвестно,Неизвестно
662741463,13480453,0,0,мужской,23.0,Москва,РТУ МИРЭА,Институт кибербезопасности и цифровых технологий,женский,22.0,Москва,Неизвестно,Неизвестно
662741463,230631594,0,1,мужской,23.0,Москва,РТУ МИРЭА,Институт кибербезопасности и цифровых технологий,мужской,22.0,Химки,Неизвестно,Неизвестно
662741463,174135567,0,1,мужской,23.0,Москва,РТУ МИРЭА,Институт кибербезопасности и цифровых технологий,мужской,23.0,Ōfunato,Неизвестно,Неизвестно
662741463,184572109,0,1,мужской,23.0,Москва,РТУ МИРЭА,Институт кибербезопасности и цифровых технологий,женский,22.0,Москва,Неизвестно,Неизвестно
662741463,474388963,0,1,мужской,23.0,Москва,РТУ МИРЭА,Институт кибербезопасности и цифровых технологий,мужской,22.0,Химки,Неизвестно,Неизвестно
662741463,220291482,0,0,мужской,23.0,Москва,РТУ МИРЭА,Институт кибербезопасности и цифровых технологий,мужской,22.0,Москва,РТУ МИРЭА,Институт информационных технологий
662741463,146511992,0,1,мужской,23.0,Москва,РТУ МИРЭА,Институт кибербезопасности и цифровых технологий,женский,22.0,Москва,МГИМО МИД России,Неизвестно
662741463,457226450,0,1,мужской,23.0,Москва,РТУ МИРЭА,Институт кибербезопасности и цифровых технологий,женский,22.0,Москва,Неизвестно,Неизвестно
558275035,125354026,0,1,мужской,23.0,Москва,Неизвестно,Неизвестно,мужской,22.0,Санкт-Петербург,Неизвестно,Неизвестно
558275035,209508780,0,1,мужской,23.0,Москва,Неизвестно,Неизвестно,женский,22.0,Москва,Неизвестно,Неизвестно
359178717,466579963,0,1,мужской,22.0,Москва,Неизвестно,Неизвестно,мужской,22.0,Москва,Неизвестно,Неизвестно
359178717,144881881,0,0,мужской,22.0,Москва,Неизвестно,Неизвестно,мужской,22.0,Качалино,Неизвестно,Неизвестно
359178717,294222328,0,0,мужской,22.0,Москва,Неизвестно,Неизвестно,мужской,22.0,Бердск,Неизвестно,Неизвестно
359178717,178325795,0,1,мужской,22.0,Москва,Неизвестно,Неизвестно,мужской,22.0,Москва,РТУ МИРЭА,Неизвестно
359178717,439146588,0,0,мужской,22.0,Москва,Неизвестно,Неизвестно,мужской,22.0,Москва,РТУ МИРЭА,Институт информационных технологий
359178717,602757527,0,2,мужской,22.0,Москва,Неизвестно,Неизвестно,мужской,26.0,Москва,Неизвестно,Неизвестно
359178717,548864523,0,1,мужской,22.0,Москва,Неизвестно,Неизвестно,женский,20.0,Москва,Неизвестно,Неизвестно
359178717,276400143,0,0,мужской,22.0,Москва,Неизвестно,Неизвестно,мужской,21.0,Москва,Неизвестно,Неизвестно
359178717,481253563,0,0,мужской,22.0,Москва,Неизвестно,Неизвестно,мужской,21.0,Москва,РТУ МИРЭА,Институт информационных технологий
359178717,435357753,0,1,мужской,22.0,Москва,Неизвестно,Неизвестно,женский,22.0,Москва,РТУ МИРЭА,Институт информационных технологий
359178717,227234115,0,1,мужской,22.0,Москва,Неизвестно,Неизвестно,мужской,22.0,Москва,МГТУ им. Н. Э. Баумана (бывш. МВТУ),Неизвестно
359178717,130746686,0,0,мужской,22.0,Москва,Неизвестно,Неизвестно,мужской,22.0,Москва,Неизвестно,Неизвестно
359178717,91478379,0,1,мужской,22.0,Москва,Неизвестно,Неизвестно,женский,22.0,Paris,Неизвестно,Неизвестно
359178717,505204903,0,1,мужской,22.0,Москва,Неизвестно,Неизвестно,мужской,22.0,Москва,Неизвестно,Неизвестно
359178717,345307505,0,1,мужской,22.0,Москва,Неизвестно,Неизвестно,мужской,22.0,Berlin,Неизвестно,Неизвестно
359178717,248922122,0,0,мужской,22.0,Москва,Неизвестно,Неизвестно,мужской,21.0,Москва,Неизвестно,Неизвестно
359178717,583194957,0,0,мужской,22.0,Москва,Неизвестно,Неизвестно,мужской,22.0,Москва,Неизвестно,Неизвестно
359178717,125354026,0,1,мужской,22.0,Москва,Неизвестно,Неизвестно,мужской,22.0,Санкт-Петербург,Неизвестно,Неизвестно
359178717,346144945,0,1,мужской,22.0,Москва,Неизвестно,Неизвестно,мужской,20.0,Москва,Неизвестно,Неизвестно
359178717,187140484,0,1,мужской,22.0,Москва,Неизвестно,Неизвестно,мужской,22.0,Евпатория,Неизвестно,Неизвестно
474388963,171888881,0,1,мужской,22.0,Химки,Неизвестно,Неизвестно,мужской,23.0,Одинцово,Неизвестно,Неизвестно
474388963,146511992,0,1,мужской,22.0,Химки,Неизвестно,Неизвестно,женский,22.0,Москва,МГИМО МИД России,Неизвестно
474388963,548864523,0,1,мужской,22.0,Химки,Неизвестно,Неизвестно,женский,20.0,Москва,Неизвестно,Неизвестно
474388963,818872577,0,0,мужской,22.0,Химки,Неизвестно,Неизвестно,женский,22.0,Москва,Неизвестно,Неизвестно
474388963,281641201,0,1,мужской,22.0,Химки,Неизвестно,Неизвестно,мужской,25.0,Москва,РТУ МИРЭА,Институт информационных технологий
363088358,281641201,0,1,женский,22.0,Москва,Неизвестно,Неизвестно,мужской,25.0,Москва,РТУ МИРЭА,Институт информационных технологий
363088358,433897698,0,1,женский,22.0,Москва,Неизвестно,Неизвестно,мужской,23.0,Химки,Неизвестно,Неизвестно
363088358,178325795,0,1,женский,22.0,Москва,Неизвестно,Неизвестно,мужской,22.0,Москва,РТУ МИРЭА,Неизвестно
363088358,165376388,0,0,женский,22.0,Москва,Неизвестно,Неизвестно,мужской,22.0,Москва,Неизвестно,Неизвестно
195211764,372566434,0,1,мужской,22.0,Москва,Неизвестно,Неизвестно,мужской,22.0,Москва,Неизвестно,Неизвестно
112120311,281641201,0,2,мужской,22.0,Москва,Неизвестно,Неизвестно,мужской,25.0,Москва,РТУ МИРЭА,Институт информационных технологий
112120311,611694763,0,1,мужской,22.0,Москва,Неизвестно,Неизвестно,мужской,21.0,Москва,Неизвестно,Неизвестно
112120311,146511992,0,1,мужской,22.0,Москва,Неизвестно,Неизвестно,женский,22.0,Москва,МГИМО МИД России,Неизвестно
112120311,209508780,0,1,мужской,22.0,Москва,Неизвестно,Неизвестно,женский,22.0,Москва,Неизвестно,Неизвестно
112120311,80421291,0,1,мужской,22.0,Москва,Неизвестно,Неизвестно,женский,22.0,Москва,РХТУ им. Д. И. Менделеева,Факультет химико-фармацевтических технологий и биомедицинских препаратов
112120311,363088358,0,1,мужской,22.0,Москва,Неизвестно,Неизвестно,женский,22.0,Москва,Неизвестно,Неизвестно
112120311,602757527,0,2,мужской,22.0,Москва,Неизвестно,Неизвестно,мужской,26.0,Москва,Неизвестно,Неизвестно
112120311,439146588,0,0,мужской,22.0,Москва,Неизвестно,Неизвестно,мужской,22.0,Москва,РТУ МИРЭА,Институт информационных технологий
112120311,626151457,0,0,мужской,22.0,Москва,Неизвестно,Неизвестно,мужской,22.0,Воронеж,Неизвестно,Неизвестно
112120311,276082772,0,1,мужской,22.0,Москва,Неизвестно,Неизвестно,мужской,22.0,Москва,РЭУ им. Г. В. Плеханова,Факультет бизнеса «Капитаны»
112120311,330856466,0,0,мужской,22.0,Москва,Неизвестно,Неизвестно,мужской,22.0,Москва,Неизвестно,Неизвестно
112120311,184572109,0,1,мужской,22.0,Москва,Неизвестно,Неизвестно,женский,22.0,Москва,Неизвестно,Неизвестно
112120311,177512785,0,2,мужской,22.0,Москва,Неизвестно,Неизвестно,мужской,22.0,Москва,РТУ МИРЭА,Неизвестно
466579963,584995001,0,0,мужской,22.0,Москва,Неизвестно,Неизвестно,мужской,22.0,Подольск,Неизвестно,Неизвестно
466579963,158445696,0,1,мужской,22.0,Москва,Неизвестно,Неизвестно,женский,22.0,Москва,РТУ МИРЭА,Институт информационных технологий
466579963,175100020,0,1,мужской,22.0,Москва,Неизвестно,Неизвестно,мужской,22.0,Москва,РТУ МИРЭА,Институт информационных технологий
466579963,365320601,0,0,мужской,22.0,Москва,Неизвестно,Неизвестно,женский,22.0,Москва,МИРЭА (до 2015),Факультет информационных технологий
466579963,195211764,0,1,мужской,22.0,Москва,Неизвестно,Неизвестно,мужской,22.0,Москва,Неизвестно,Неизвестно
466579963,338121069,0,0,мужской,22.0,Москва,Неизвестно,Неизвестно,мужской,22.0,Москва,Неизвестно,Неизвестно
466579963,425382019,0,1,мужской,22.0,Москва,Неизвестно,Неизвестно,женский,22.0,Москва,Неизвестно,Неизвестно
466579963,269388306,0,1,мужской,22.0,Москва,Неизвестно,Неизвестно,мужской,22.0,Москва,Неизвестно,Неизвестно
241984007,466579963,0,1,мужской,56.0,Москва,Неизвестно,Неизвестно,мужской,22.0,Москва,Неизвестно,Неизвестно
241984007,255552012,0,1,мужской,56.0,Москва,Неизвестно,Неизвестно,женский,22.0,Москва,"Президентская академия (РАНХиГС, бывш. АНХ)",Неизвестно
241984007,579510402,0,1,мужской,56.0,Москва,Неизвестно,Неизвестно,мужской,19.0,Москва,Неизвестно,Неизвестно
241984007,232437875,0,0,мужской,56.0,Москва,Неизвестно,Неизвестно,мужской,21.0,Москва,Неизвестно,Неизвестно
241984007,168265890,0,0,мужской,56.0,Москва,Неизвестно,Неизвестно,мужской,22.0,Москва,Неизвестно,Неизвестно
99138057,232437875,0,0,мужской,40.0,Москва,МГУПИ,Институт высоких технологий,мужской,21.0,Москва,Неизвестно,Неизвестно
99138057,4561245,0,1,мужской,40.0,Москва,МГУПИ,Институт высоких технологий,женский,22.0,Химки,Неизвестно,Неизвестно
99138057,337236344,0,0,мужской,40.0,Москва,МГУПИ,Институт высоких технологий,мужской,22.0,Москва,Неизвестно,Неизвестно
99138057,210813066,0,4,мужской,40.0,Москва,МГУПИ,Институт высоких технологий,мужской,22.0,Москва,РТУ МИРЭА,Неизвестно
99138057,50391059,0,1,мужской,40.0,Москва,МГУПИ,Институт высоких технологий,мужской,72.0,Москва,МГУ,Философский
99138057,192393433,0,0,мужской,40.0,Москва,МГУПИ,Институт высоких технологий,мужской,26.0,Пенза,Неизвестно,Неизвестно
99138057,202363248,0,1,мужской,40.0,Москва,МГУПИ,Институт высоких технологий,женский,22.0,Рязань,Неизвестно,Неизвестно
99138057,481253563,0,0,мужской,40.0,Москва,МГУПИ,Институт высоких технологий,мужской,21.0,Москва,РТУ МИРЭА,Институт информационных технологий
99138057,154110170,0,2,мужской,40.0,Москва,МГУПИ,Институт высоких технологий,мужской,22.0,Москва,Неизвестно,Неизвестно
99138057,662741463,0,10,мужской,40.0,Москва,МГУПИ,Институт высоких технологий,мужской,23.0,Москва,РТУ МИРЭА,Институт кибербезопасности и цифровых технологий
99138057,273596951,0,1,мужской,40.0,Москва,МГУПИ,Институт высоких технологий,мужской,22.0,Москва,РТУ МИРЭА,Неизвестно
99138057,283922767,0,0,мужской,40.0,Москва,МГУПИ,Институт высоких технологий,мужской,21.0,Москва,Неизвестно,Неизвестно
548864523,175100020,0,1,женский,20.0,Москва,Неизвестно,Неизвестно,мужской,22.0,Москва,РТУ МИРЭА,Институт информационных технологий
255552012,265111970,0,1,женский,22.0,Москва,"Президентская академия (РАНХиГС, бывш. АНХ)",Неизвестно,мужской,22.0,Москва,РТУ МИРЭА,Институт информационных технологий
255552012,263573863,0,0,женский,22.0,Москва,"Президентская академия (РАНХиГС, бывш. АНХ)",Неизвестно,мужской,22.0,Москва,Неизвестно,Неизвестно
255552012,238444902,0,1,женский,22.0,Москва,"Президентская академия (РАНХиГС, бывш. АНХ)",Неизвестно,женский,22.0,Москва,Неизвестно,Неизвестно
255552012,154110170,0,1,женский,22.0,Москва,"Президентская академия (РАНХиГС, бывш. АНХ)",Неизвестно,мужской,22.0,Москва,Неизвестно,Неизвестно
255552012,395426263,0,1,женский,22.0,Москва,"Президентская академия (РАНХиГС, бывш. АНХ)",Неизвестно,мужской,22.0,Москва,Неизвестно,Неизвестно
255552012,69110189,0,1,женский,22.0,Москва,"Президентская академия (РАНХиГС, бывш. АНХ)",Неизвестно,женский,25.0,Москва,РТУ МИРЭА,Неизвестно
255552012,365320601,0,0,женский,22.0,Москва,"Президентская академия (РАНХиГС, бывш. АНХ)",Неизвестно,женский,22.0,Москва,МИРЭА (до 2015),Факультет информационных технологий
269388306,337418663,0,2,мужской,22.0,Москва,Неизвестно,Неизвестно,мужской,22.0,Санкт-Петербург,РТУ МИРЭА,Институт информационных технологий
269388306,248922122,0,0,мужской,22.0,Москва,Неизвестно,Неизвестно,мужской,21.0,Москва,Неизвестно,Неизвестно
269388306,187140484,0,1,мужской,22.0,Москва,Неизвестно,Неизвестно,мужской,22.0,Евпатория,Неизвестно,Неизвестно
269388306,146511992,0,1,мужской,22.0,Москва,Неизвестно,Неизвестно,женский,22.0,Москва,МГИМО МИД России,Неизвестно
269388306,210813066,0,3,мужской,22.0,Москва,Неизвестно,Неизвестно,мужской,22.0,Москва,РТУ МИРЭА,Неизвестно
269388306,175100020,0,5,мужской,22.0,Москва,Неизвестно,Неизвестно,мужской,22.0,Москва,РТУ МИРЭА,Институт информационных технологий
221684247,342258015,0,0,женский,22.0,Москва,Неизвестно,Неизвестно,мужской,22.0,Химки,Неизвестно,Неизвестно
221684247,212060697,0,0,женский,22.0,Москва,Неизвестно,Неизвестно,женский,23.0,Москва,Неизвестно,Неизвестно
221684247,319349113,0,1,женский,22.0,Москва,Неизвестно,Неизвестно,мужской,22.0,Жуковский,Неизвестно,Неизвестно
221684247,276082772,0,1,женский,22.0,Москва,Неизвестно,Неизвестно,мужской,22.0,Москва,РЭУ им. Г. В. Плеханова,Факультет бизнеса «Капитаны»
221684247,433897698,0,1,женский,22.0,Москва,Неизвестно,Неизвестно,мужской,23.0,Химки,Неизвестно,Неизвестно
221684247,491446601,0,0,женский,22.0,Москва,Неизвестно,Неизвестно,мужской,24.0,Москва,Неизвестно,Неизвестно
221684247,125354026,0,1,женский,22.0,Москва,Неизвестно,Неизвестно,мужской,22.0,Санкт-Петербург,Неизвестно,Неизвестно
221684247,37650604,0,1,женский,22.0,Москва,Неизвестно,Неизвестно,мужской,22.0,Москва,Неизвестно,Неизвестно
273596951,365320601,0,0,мужской,22.0,Москва,РТУ МИРЭА,Неизвестно,женский,22.0,Москва,МИРЭА (до 2015),Факультет информационных технологий
273596951,292134122,0,0,мужской,22.0,Москва,РТУ МИРЭА,Неизвестно,мужской,22.0,Москва,Неизвестно,Неизвестно
273596951,330856466,0,0,мужской,22.0,Москва,РТУ МИРЭА,Неизвестно,мужской,22.0,Москва,Неизвестно,Неизвестно
273596951,184572109,0,1,мужской,22.0,Москва,РТУ МИРЭА,Неизвестно,женский,22.0,Москва,Неизвестно,Неизвестно
273596951,281641201,0,1,мужской,22.0,Москва,РТУ МИРЭА,Неизвестно,мужской,25.0,Москва,РТУ МИРЭА,Институт информационных технологий
273596951,50391059,0,1,мужской,22.0,Москва,РТУ МИРЭА,Неизвестно,мужской,72.0,Москва,МГУ,Философский
273596951,432814093,0,1,мужской,22.0,Москва,РТУ МИРЭА,Неизвестно,мужской,22.0,Кизнер (поселок),Неизвестно,Неизвестно
