user_id,friend_id,is_friend,common_friends_count,demographics_sex_user,demographics_age_user,demographics_city_user,education_career_education_university_user,education_career_education_faculty_user,demographics_sex_friend,demographics_age_friend,demographics_city_friend,education_career_education_university_friend,education_career_education_faculty_friend
258814756,130746686,True,2,мужской,22.0,Москва,Неизвестно,Неизвестно,мужской,22.0,Москва,Неизвестно,Неизвестно
258814756,220291482,True,6,мужской,22.0,Москва,Неизвестно,Неизвестно,мужской,22.0,Москва,РТУ МИРЭА,Институт информационных технологий
258814756,232437875,True,4,мужской,22.0,Москва,Неизвестно,Неизвестно,мужской,21.0,Москва,Неизвестно,Неизвестно
258814756,263573863,True,4,мужской,22.0,Москва,Неизвестно,Неизвестно,мужской,22.0,Москва,Неизвестно,Неизвестно
258814756,294222328,True,0,мужской,22.0,Москва,Неизвестно,Неизвестно,мужской,22.0,Бердск,Неизвестно,Неизвестно
258814756,306509984,True,0,мужской,22.0,Москва,Неизвестно,Неизвестно,мужской,22.0,Москва,Неизвестно,Неизвестно
258814756,325462157,True,4,мужской,22.0,Москва,Неизвестно,Неизвестно,мужской,22.0,Москва,Неизвестно,Неизвестно
258814756,337236344,True,2,мужской,22.0,Москва,Неизвестно,Неизвестно,мужской,22.0,Москва,Неизвестно,Неизвестно
258814756,338121069,True,6,мужской,22.0,Москва,Неизвестно,Неизвестно,мужской,22.0,Москва,Неизвестно,Неизвестно
258814756,342077835,True,1,мужской,22.0,Москва,Неизвестно,Неизвестно,женский,22.0,Москва,Неизвестно,Неизвестно
258814756,357593443,True,1,мужской,22.0,Москва,Неизвестно,Неизвестно,мужской,22.0,Fukuoka,Неизвестно,Неизвестно
258814756,365320601,True,4,мужской,22.0,Москва,Неизвестно,Неизвестно,женский,22.0,Москва,МИРЭА (до 2015),Факультет информационных технологий
258814756,435357753,True,2,мужской,22.0,Москва,Неизвестно,Неизвестно,женский,22.0,Москва,РТУ МИРЭА,Институт информационных технологий
258814756,439146588,True,4,мужской,22.0,Москва,Неизвестно,Неизвестно,мужской,22.0,Москва,РТУ МИРЭА,Институт информационных технологий
258814756,481253563,True,8,мужской,22.0,Москва,Неизвестно,Неизвестно,мужской,21.0,Москва,РТУ МИРЭА,Институт информационных технологий
292134122,165376388,True,0,мужской,22.0,Москва,Неизвестно,Неизвестно,мужской,22.0,Москва,Неизвестно,Неизвестно
292134122,176943398,True,1,мужской,22.0,Москва,Неизвестно,Неизвестно,мужской,22.0,Бронницы,Неизвестно,Неизвестно
292134122,322986299,True,1,мужской,22.0,Москва,Неизвестно,Неизвестно,женский,22.0,Москва,Неизвестно,Неизвестно
292134122,818872577,True,0,мужской,22.0,Москва,Неизвестно,Неизвестно,женский,22.0,Москва,Неизвестно,Неизвестно
154151541,4561245,True,3,мужской,22.0,Химки,Неизвестно,Неизвестно,женский,22.0,Химки,Неизвестно,Неизвестно
154151541,13480453,True,0,мужской,22.0,Химки,Неизвестно,Неизвестно,женский,22.0,Москва,Неизвестно,Неизвестно
154151541,20341211,True,0,мужской,22.0,Химки,Неизвестно,Неизвестно,мужской,22.0,Москва,Неизвестно,Неизвестно
154151541,37650604,True,1,мужской,22.0,Химки,Неизвестно,Неизвестно,мужской,22.0,Москва,Неизвестно,Неизвестно
154151541,49113389,True,0,мужской,22.0,Химки,Неизвестно,Неизвестно,мужской,22.0,Москва,Неизвестно,Неизвестно
154151541,50391059,True,7,мужской,22.0,Химки,Неизвестно,Неизвестно,мужской,72.0,Москва,МГУ,Философский
154151541,69110189,True,16,мужской,22.0,Химки,Неизвестно,Неизвестно,женский,25.0,Москва,РТУ МИРЭА,Неизвестно
154151541,80421291,True,2,мужской,22.0,Химки,Неизвестно,Неизвестно,женский,22.0,Москва,РХТУ им. Д. И. Менделеева,Факультет химико-фармацевтических технологий и биомедицинских препаратов
154151541,87224583,True,7,мужской,22.0,Химки,Неизвестно,Неизвестно,мужской,22.0,Химки,Неизвестно,Неизвестно
154151541,91478379,True,2,мужской,22.0,Химки,Неизвестно,Неизвестно,женский,22.0,Paris,Неизвестно,Неизвестно
154151541,93944075,True,0,мужской,22.0,Химки,Неизвестно,Неизвестно,мужской,27.0,Москва,Неизвестно,Неизвестно
154151541,99138057,True,11,мужской,22.0,Химки,Неизвестно,Неизвестно,мужской,40.0,Москва,МГУПИ,Институт высоких технологий
154151541,112120311,True,12,мужской,22.0,Химки,Неизвестно,Неизвестно,мужской,22.0,Москва,Неизвестно,Неизвестно
154151541,125354026,True,0,мужской,22.0,Химки,Неизвестно,Неизвестно,мужской,22.0,Санкт-Петербург,Неизвестно,Неизвестно
154151541,143677868,True,5,мужской,22.0,Химки,Неизвестно,Неизвестно,женский,24.0,Москва,Неизвестно,Неизвестно
154151541,144881881,True,0,мужской,22.0,Химки,Неизвестно,Неизвестно,мужской,22.0,Качалино,Неизвестно,Неизвестно
154151541,146511992,True,8,мужской,22.0,Химки,Неизвестно,Неизвестно,женский,22.0,Москва,МГИМО МИД России,Неизвестно
154151541,154110170,True,3,мужской,22.0,Химки,Неизвестно,Неизвестно,мужской,22.0,Москва,Неизвестно,Неизвестно
154151541,158445696,True,13,мужской,22.0,Химки,Неизвестно,Неизвестно,женский,22.0,Москва,РТУ МИРЭА,Институт информационных технологий
154151541,163823935,True,18,мужской,22.0,Химки,Неизвестно,Неизвестно,мужской,22.0,Подольск,РТУ МИРЭА,Институт информационных технологий
154151541,168265890,True,0,мужской,22.0,Химки,Неизвестно,Неизвестно,мужской,22.0,Москва,Неизвестно,Неизвестно
154151541,171888881,True,8,мужской,22.0,Химки,Неизвестно,Неизвестно,мужской,23.0,Одинцово,Неизвестно,Неизвестно
154151541,174111046,True,17,мужской,22.0,Химки,Неизвестно,Неизвестно,женский,22.0,Москва,Неизвестно,Неизвестно
154151541,174135567,True,2,мужской,22.0,Химки,Неизвестно,Неизвестно,мужской,23.0,Ōfunato,Неизвестно,Неизвестно
154151541,175100020,True,7,мужской,22.0,Химки,Неизвестно,Неизвестно,мужской,22.0,Москва,РТУ МИРЭА,Институт информационных технологий
154151541,177346603,True,0,мужской,22.0,Химки,Неизвестно,Неизвестно,мужской,22.0,Старый Оскол,Неизвестно,Неизвестно
154151541,177512785,True,2,мужской,22.0,Химки,Неизвестно,Неизвестно,мужской,22.0,Москва,РТУ МИРЭА,Неизвестно
154151541,178325795,True,5,мужской,22.0,Химки,Неизвестно,Неизвестно,мужской,22.0,Москва,РТУ МИРЭА,Неизвестно
154151541,184572109,True,5,мужской,22.0,Химки,Неизвестно,Неизвестно,женский,22.0,Москва,Неизвестно,Неизвестно
154151541,185888968,True,7,мужской,22.0,Химки,Неизвестно,Неизвестно,мужской,22.0,Москва,Неизвестно,Неизвестно
154151541,187140484,True,0,мужской,22.0,Химки,Неизвестно,Неизвестно,мужской,22.0,Евпатория,Неизвестно,Неизвестно
154151541,191557938,True,0,мужской,22.0,Химки,Неизвестно,Неизвестно,мужской,22.0,Одинцово,Неизвестно,Неизвестно
154151541,192393433,True,0,мужской,22.0,Химки,Неизвестно,Неизвестно,мужской,26.0,Пенза,Неизвестно,Неизвестно
154151541,195211764,True,0,мужской,22.0,Химки,Неизвестно,Неизвестно,мужской,22.0,Москва,Неизвестно,Неизвестно
154151541,198752426,True,2,мужской,22.0,Химки,Неизвестно,Неизвестно,женский,22.0,Toronto,Неизвестно,Неизвестно
154151541,202363248,True,0,мужской,22.0,Химки,Неизвестно,Неизвестно,женский,22.0,Рязань,Неизвестно,Неизвестно
154151541,203874757,True,0,мужской,22.0,Химки,Неизвестно,Неизвестно,мужской,22.0,Москва,Неизвестно,Неизвестно
154151541,209508780,True,6,мужской,22.0,Химки,Неизвестно,Неизвестно,женский,22.0,Москва,Неизвестно,Неизвестно
154151541,210813066,True,3,мужской,22.0,Химки,Неизвестно,Неизвестно,мужской,22.0,Москва,РТУ МИРЭА,Неизвестно
154151541,212060697,True,0,мужской,22.0,Химки,Неизвестно,Неизвестно,женский,23.0,Москва,Неизвестно,Неизвестно
154151541,221167855,True,0,мужской,22.0,Химки,Неизвестно,Неизвестно,женский,22.0,Москва,Неизвестно,Неизвестно
154151541,221280561,True,8,мужской,22.0,Химки,Неизвестно,Неизвестно,женский,22.0,Химки,Неизвестно,Неизвестно
154151541,221684247,True,7,мужской,22.0,Химки,Неизвестно,Неизвестно,женский,22.0,Москва,Неизвестно,Неизвестно
154151541,225632479,True,6,мужской,22.0,Химки,Неизвестно,Неизвестно,мужской,22.0,Москва,Неизвестно,Неизвестно
154151541,227234115,True,5,мужской,22.0,Химки,Неизвестно,Неизвестно,мужской,22.0,Москва,МГТУ им. Н. Э. Баумана (бывш. МВТУ),Неизвестно
154151541,230631594,True,7,мужской,22.0,Химки,Неизвестно,Неизвестно,мужской,22.0,Химки,Неизвестно,Неизвестно
154151541,238444902,True,4,мужской,22.0,Химки,Неизвестно,Неизвестно,женский,22.0,Москва,Неизвестно,Неизвестно
154151541,241984007,True,4,мужской,22.0,Химки,Неизвестно,Неизвестно,мужской,56.0,Москва,Неизвестно,Неизвестно
154151541,246872239,True,18,мужской,22.0,Химки,Неизвестно,Неизвестно,мужской,21.0,Москва,РТУ МИРЭА,Институт информационных технологий
154151541,248922122,True,0,мужской,22.0,Химки,Неизвестно,Неизвестно,мужской,21.0,Москва,Неизвестно,Неизвестно
154151541,254249175,True,7,мужской,22.0,Химки,Неизвестно,Неизвестно,мужской,21.0,Пенза,РТУ МИРЭА,Неизвестно
154151541,255552012,True,6,мужской,22.0,Химки,Неизвестно,Неизвестно,женский,22.0,Москва,"Президентская академия (РАНХиГС, бывш. АНХ)",Неизвестно
154151541,265111970,True,3,мужской,22.0,Химки,Неизвестно,Неизвестно,мужской,22.0,Москва,РТУ МИРЭА,Институт информационных технологий
154151541,269388306,True,5,мужской,22.0,Химки,Неизвестно,Неизвестно,мужской,22.0,Москва,Неизвестно,Неизвестно
154151541,270809295,True,0,мужской,22.0,Химки,Неизвестно,Неизвестно,мужской,19.0,Москва,Неизвестно,Неизвестно
154151541,272517123,True,3,мужской,22.0,Химки,Неизвестно,Неизвестно,женский,23.0,Химки,РХТУ им. Д. И. Менделеева,Неизвестно
154151541,273596951,True,6,мужской,22.0,Химки,Неизвестно,Неизвестно,мужской,22.0,Москва,РТУ МИРЭА,Неизвестно
154151541,275267938,True,6,мужской,22.0,Химки,Неизвестно,Неизвестно,мужской,22.0,Таганрог,Неизвестно,Неизвестно
154151541,276082772,True,2,мужской,22.0,Химки,Неизвестно,Неизвестно,мужской,22.0,Москва,РЭУ им. Г. В. Плеханова,Факультет бизнеса «Капитаны»
154151541,276400143,True,0,мужской,22.0,Химки,Неизвестно,Неизвестно,мужской,21.0,Москва,Неизвестно,Неизвестно
154151541,281641201,True,1,мужской,22.0,Химки,Неизвестно,Неизвестно,мужской,25.0,Москва,РТУ МИРЭА,Институт информационных технологий
154151541,282323463,True,0,мужской,22.0,Химки,Неизвестно,Неизвестно,мужской,22.0,Москва,Неизвестно,Неизвестно
154151541,283576464,True,0,мужской,22.0,Химки,Неизвестно,Неизвестно,женский,22.0,Симферополь,Неизвестно,Неизвестно
154151541,283922767,True,0,мужской,22.0,Химки,Неизвестно,Неизвестно,мужской,21.0,Москва,Неизвестно,Неизвестно
154151541,286877958,True,13,мужской,22.0,Химки,Неизвестно,Неизвестно,мужской,22.0,Москва,Неизвестно,Неизвестно
154151541,319349113,True,0,мужской,22.0,Химки,Неизвестно,Неизвестно,мужской,22.0,Жуковский,Неизвестно,Неизвестно
154151541,327733536,True,3,мужской,22.0,Химки,Неизвестно,Неизвестно,женский,21.0,Москва,Неизвестно,Неизвестно
154151541,330856466,True,0,мужской,22.0,Химки,Неизвестно,Неизвестно,мужской,22.0,Москва,Неизвестно,Неизвестно
154151541,337418663,True,7,мужской,22.0,Химки,Неизвестно,Неизвестно,мужской,22.0,Санкт-Петербург,РТУ МИРЭА,Институт информационных технологий
154151541,342243498,True,9,мужской,22.0,Химки,Неизвестно,Неизвестно,мужской,22.0,Москва,Неизвестно,Неизвестно
154151541,342258015,True,0,мужской,22.0,Химки,Неизвестно,Неизвестно,мужской,22.0,Химки,Неизвестно,Неизвестно
154151541,345307505,True,0,мужской,22.0,Химки,Неизвестно,Неизвестно,мужской,22.0,Berlin,Неизвестно,Неизвестно
154151541,346144945,True,1,мужской,22.0,Химки,Неизвестно,Неизвестно,мужской,20.0,Москва,Неизвестно,Неизвестно
154151541,350840991,True,11,мужской,22.0,Химки,Неизвестно,Неизвестно,мужской,22.0,Москва,Неизвестно,Неизвестно
154151541,359178717,True,19,мужской,22.0,Химки,Неизвестно,Неизвестно,мужской,22.0,Москва,Неизвестно,Неизвестно
154151541,359942285,True,0,мужской,22.0,Химки,Неизвестно,Неизвестно,мужской,21.0,Москва,РТУ МИРЭА,Институт информационных технологий
154151541,361386011,True,1,мужской,22.0,Химки,Неизвестно,Неизвестно,мужской,22.0,Москва,Неизвестно,Неизвестно
154151541,363088358,True,3,мужской,22.0,Химки,Неизвестно,Неизвестно,женский,22.0,Москва,Неизвестно,Неизвестно
154151541,368048152,True,2,мужской,22.0,Химки,Неизвестно,Неизвестно,мужской,22.0,Москва,Неизвестно,Неизвестно
154151541,372566434,True,5,мужской,22.0,Химки,Неизвестно,Неизвестно,мужской,22.0,Москва,Неизвестно,Неизвестно
154151541,381065555,True,1,мужской,22.0,Химки,Неизвестно,Неизвестно,мужской,22.0,Москва,РТУ МИРЭА,Неизвестно
154151541,387143718,True,2,мужской,22.0,Химки,Неизвестно,Неизвестно,мужской,22.0,Москва,Неизвестно,Неизвестно
154151541,387516654,True,0,мужской,22.0,Химки,Неизвестно,Неизвестно,мужской,20.0,Москва,Неизвестно,Неизвестно
154151541,394100799,True,8,мужской,22.0,Химки,Неизвестно,Неизвестно,мужской,20.0,Москва,РТУ МИРЭА,Институт информационных технологий
154151541,395426263,True,1,мужской,22.0,Химки,Неизвестно,Неизвестно,мужской,22.0,Москва,Неизвестно,Неизвестно
154151541,395645310,True,2,мужской,22.0,Химки,Неизвестно,Неизвестно,мужской,22.0,Москва,Неизвестно,Неизвестно
154151541,410472515,True,13,мужской,22.0,Химки,Неизвестно,Неизвестно,мужской,22.0,Королёв,РТУ МИРЭА,Неизвестно
154151541,413446243,True,0,мужской,22.0,Химки,Неизвестно,Неизвестно,мужской,53.0,Москва,Неизвестно,Неизвестно
154151541,419168599,True,8,мужской,22.0,Химки,Неизвестно,Неизвестно,мужской,22.0,Москва,Неизвестно,Неизвестно
154151541,425382019,True,11,мужской,22.0,Химки,Неизвестно,Неизвестно,женский,22.0,Москва,Неизвестно,Неизвестно
154151541,426371293,True,1,мужской,22.0,Химки,Неизвестно,Неизвестно,мужской,22.0,Москва,Неизвестно,Неизвестно
154151541,432150818,True,3,мужской,22.0,Химки,Неизвестно,Неизвестно,мужской,22.0,Москва,МГТУ им. Н. Э. Баумана (бывш. МВТУ),Неизвестно
154151541,432814093,True,11,мужской,22.0,Химки,Неизвестно,Неизвестно,мужской,22.0,Кизнер (поселок),Неизвестно,Неизвестно
154151541,433897698,True,0,мужской,22.0,Химки,Неизвестно,Неизвестно,мужской,23.0,Химки,Неизвестно,Неизвестно
154151541,441397508,True,0,мужской,22.0,Химки,Неизвестно,Неизвестно,женский,22.0,Москва,Неизвестно,Неизвестно
154151541,442167323,True,0,мужской,22.0,Химки,Неизвестно,Неизвестно,мужской,22.0,Москва,Неизвестно,Неизвестно
154151541,450496772,True,0,мужской,22.0,Химки,Неизвестно,Неизвестно,мужской,22.0,Химки,Неизвестно,Неизвестно
154151541,457226450,True,4,мужской,22.0,Химки,Неизвестно,Неизвестно,женский,22.0,Москва,Неизвестно,Неизвестно
154151541,465363318,True,3,мужской,22.0,Химки,Неизвестно,Неизвестно,мужской,22.0,Москва,Неизвестно,Неизвестно
154151541,466579963,True,7,мужской,22.0,Химки,Неизвестно,Неизвестно,мужской,22.0,Москва,Неизвестно,Неизвестно
154151541,472328693,True,0,мужской,22.0,Химки,Неизвестно,Неизвестно,мужской,27.0,Санкт-Петербург,Неизвестно,Неизвестно
154151541,474388963,True,4,мужской,22.0,Химки,Неизвестно,Неизвестно,мужской,22.0,Химки,Неизвестно,Неизвестно
154151541,476330366,True,0,мужской,22.0,Химки,Неизвестно,Неизвестно,мужской,18.0,Пенза,Неизвестно,Неизвестно
154151541,490832222,True,0,мужской,22.0,Химки,Неизвестно,Неизвестно,женский,22.0,Москва,Неизвестно,Неизвестно
154151541,491446601,True,0,мужской,22.0,Химки,Неизвестно,Неизвестно,мужской,24.0,Москва,Неизвестно,Неизвестно
154151541,505204903,True,2,мужской,22.0,Химки,Неизвестно,Неизвестно,мужской,22.0,Москва,Неизвестно,Неизвестно
154151541,506144993,True,0,мужской,22.0,Химки,Неизвестно,Неизвестно,мужской,18.0,Барнаул,Неизвестно,Неизвестно
154151541,527431797,True,0,мужской,22.0,Химки,Неизвестно,Неизвестно,мужской,22.0,Москва,Неизвестно,Неизвестно
154151541,542173460,True,0,мужской,22.0,Химки,Неизвестно,Неизвестно,женский,22.0,Москва,Неизвестно,Неизвестно
154151541,548550935,True,10,мужской,22.0,Химки,Неизвестно,Неизвестно,мужской,20.0,Москва,РТУ МИРЭА,Институт информационных технологий
154151541,548864523,True,0,мужской,22.0,Химки,Неизвестно,Неизвестно,женский,20.0,Москва,Неизвестно,Неизвестно
154151541,558275035,True,1,мужской,22.0,Химки,Неизвестно,Неизвестно,мужской,23.0,Москва,Неизвестно,Неизвестно
154151541,567333224,True,0,мужской,22.0,Химки,Неизвестно,Неизвестно,мужской,22.0,Москва,Неизвестно,Неизвестно
154151541,579510402,True,0,мужской,22.0,Химки,Неизвестно,Неизвестно,мужской,19.0,Москва,Неизвестно,Неизвестно
154151541,583194957,True,0,мужской,22.0,Химки,Неизвестно,Неизвестно,мужской,22.0,Москва,Неизвестно,Неизвестно
154151541,584995001,True,0,мужской,22.0,Химки,Неизвестно,Неизвестно,мужской,22.0,Подольск,Неизвестно,Неизвестно
154151541,596357542,True,4,мужской,22.0,Химки,Неизвестно,Неизвестно,мужской,22.0,Минск,Неизвестно,Неизвестно
154151541,602757527,True,2,мужской,22.0,Химки,Неизвестно,Неизвестно,мужской,26.0,Москва,Неизвестно,Неизвестно
154151541,611694763,True,7,мужской,22.0,Химки,Неизвестно,Неизвестно,мужской,21.0,Москва,Неизвестно,Неизвестно
154151541,612204821,True,9,мужской,22.0,Химки,Неизвестно,Неизвестно,мужской,22.0,Москва,Неизвестно,Неизвестно
154151541,626151457,True,0,мужской,22.0,Химки,Неизвестно,Неизвестно,мужской,22.0,Воронеж,Неизвестно,Неизвестно
154151541,658702663,True,0,мужской,22.0,Химки,Неизвестно,Неизвестно,мужской,22.0,Москва,Неизвестно,Неизвестно
154151541,662741463,True,23,мужской,22.0,Химки,Неизвестно,Неизвестно,мужской,23.0,Москва,РТУ МИРЭА,Институт кибербезопасности и цифровых технологий
272517123,50391059,True,3,женский,23.0,Химки,РХТУ им. Д. И. Менделеева,Неизвестно,мужской,72.0,Москва,МГУ,Философский
272517123,143677868,True,2,женский,23.0,Химки,РХТУ им. Д. И. Менделеева,Неизвестно,женский,24.0,Москва,Неизвестно,Неизвестно
272517123,154151541,True,3,женский,23.0,Химки,РХТУ им. Д. И. Менделеева,Неизвестно,мужской,22.0,Химки,Неизвестно,Неизвестно
272517123,227234115,True,2,женский,23.0,Химки,РХТУ им. Д. И. Менделеева,Неизвестно,мужской,22.0,Москва,МГТУ им. Н. Э. Баумана (бывш. МВТУ),Неизвестно
432814093,154151541,True,11,мужской,22.0,Кизнер (поселок),Неизвестно,Неизвестно,мужской,22.0,Химки,Неизвестно,Неизвестно
432814093,191557938,True,0,мужской,22.0,Кизнер (поселок),Неизвестно,Неизвестно,мужской,22.0,Одинцово,Неизвестно,Неизвестно
432814093,254249175,True,7,мужской,22.0,Кизнер (поселок),Неизвестно,Неизвестно,мужской,21.0,Пенза,РТУ МИРЭА,Неизвестно
432814093,283576464,True,0,мужской,22.0,Кизнер (поселок),Неизвестно,Неизвестно,женский,22.0,Симферополь,Неизвестно,Неизвестно
432814093,283922767,True,0,мужской,22.0,Кизнер (поселок),Неизвестно,Неизвестно,мужской,21.0,Москва,Неизвестно,Неизвестно
432814093,350840991,True,10,мужской,22.0,Кизнер (поселок),Неизвестно,Неизвестно,мужской,22.0,Москва,Неизвестно,Неизвестно
432814093,361386011,True,1,мужской,22.0,Кизнер (поселок),Неизвестно,Неизвестно,мужской,22.0,Москва,Неизвестно,Неизвестно
432814093,394100799,True,8,мужской,22.0,Кизнер (поселок),Неизвестно,Неизвестно,мужской,20.0,Москва,РТУ МИРЭА,Институт информационных технологий
432814093,419168599,True,8,мужской,22.0,Кизнер (поселок),Неизвестно,Неизвестно,мужской,22.0,Москва,Неизвестно,Неизвестно
432814093,548550935,True,9,мужской,22.0,Кизнер (поселок),Неизвестно,Неизвестно,мужской,20.0,Москва,РТУ МИРЭА,Институт информационных технологий
432814093,584995001,True,0,мужской,22.0,Кизнер (поселок),Неизвестно,Неизвестно,мужской,22.0,Подольск,Неизвестно,Неизвестно
432814093,611694763,True,7,мужской,22.0,Кизнер (поселок),Неизвестно,Неизвестно,мужской,21.0,Москва,Неизвестно,Неизвестно
50391059,143677868,True,2,мужской,72.0,Москва,МГУ,Философский,женский,24.0,Москва,Неизвестно,Неизвестно
50391059,154151541,True,7,мужской,72.0,Москва,МГУ,Философский,мужской,22.0,Химки,Неизвестно,Неизвестно
50391059,227234115,True,4,мужской,72.0,Москва,МГУ,Философский,мужской,22.0,Москва,МГТУ им. Н. Э. Баумана (бывш. МВТУ),Неизвестно
50391059,230631594,True,4,мужской,72.0,Москва,МГУ,Философский,мужской,22.0,Химки,Неизвестно,Неизвестно
50391059,272517123,True,3,мужской,72.0,Москва,МГУ,Философский,женский,23.0,Химки,РХТУ им. Д. И. Менделеева,Неизвестно
50391059,327733536,True,3,мужской,72.0,Москва,МГУ,Философский,женский,21.0,Москва,Неизвестно,Неизвестно
50391059,363088358,True,3,мужской,72.0,Москва,МГУ,Философский,женский,22.0,Москва,Неизвестно,Неизвестно
50391059,465363318,True,2,мужской,72.0,Москва,МГУ,Философский,мужской,22.0,Москва,Неизвестно,Неизвестно
368048152,154151541,True,2,мужской,22.0,Москва,Неизвестно,Неизвестно,мужской,22.0,Химки,Неизвестно,Неизвестно
368048152,178325795,True,1,мужской,22.0,Москва,Неизвестно,Неизвестно,мужской,22.0,Москва,РТУ МИРЭА,Неизвестно
368048152,198752426,True,1,мужской,22.0,Москва,Неизвестно,Неизвестно,женский,22.0,Toronto,Неизвестно,Неизвестно
361386011,154151541,True,1,мужской,22.0,Москва,Неизвестно,Неизвестно,мужской,22.0,Химки,Неизвестно,Неизвестно
361386011,432814093,True,1,мужской,22.0,Москва,Неизвестно,Неизвестно,мужской,22.0,Кизнер (поселок),Неизвестно,Неизвестно
387143718,154151541,True,2,мужской,22.0,Москва,Неизвестно,Неизвестно,мужской,22.0,Химки,Неизвестно,Неизвестно
387143718,227234115,True,2,мужской,22.0,Москва,Неизвестно,Неизвестно,мужской,22.0,Москва,МГТУ им. Н. Э. Баумана (бывш. МВТУ),Неизвестно
387143718,230631594,True,2,мужской,22.0,Москва,Неизвестно,Неизвестно,мужской,22.0,Химки,Неизвестно,Неизвестно
177346603,154151541,True,0,мужской,22.0,Старый Оскол,Неизвестно,Неизвестно,мужской,22.0,Химки,Неизвестно,Неизвестно
435357753,220291482,True,2,женский,22.0,Москва,РТУ МИРЭА,Институт информационных технологий,мужской,22.0,Москва,РТУ МИРЭА,Институт информационных технологий
435357753,246872239,True,0,женский,22.0,Москва,РТУ МИРЭА,Институт информационных технологий,мужской,21.0,Москва,РТУ МИРЭА,Институт информационных технологий
435357753,258814756,True,2,женский,22.0,Москва,РТУ МИРЭА,Институт информационных технологий,мужской,22.0,Москва,Неизвестно,Неизвестно
435357753,338121069,True,2,женский,22.0,Москва,РТУ МИРЭА,Институт информационных технологий,мужской,22.0,Москва,Неизвестно,Неизвестно
394100799,154151541,True,8,мужской,20.0,Москва,РТУ МИРЭА,Институт информационных технологий,мужской,22.0,Химки,Неизвестно,Неизвестно
394100799,191557938,True,0,мужской,20.0,Москва,РТУ МИРЭА,Институт информационных технологий,мужской,22.0,Одинцово,Неизвестно,Неизвестно
394100799,254249175,True,6,мужской,20.0,Москва,РТУ МИРЭА,Институт информационных технологий,мужской,21.0,Пенза,РТУ МИРЭА,Неизвестно
394100799,283922767,True,0,мужской,20.0,Москва,РТУ МИРЭА,Институт информационных технологий,мужской,21.0,Москва,Неизвестно,Неизвестно
394100799,350840991,True,8,мужской,20.0,Москва,РТУ МИРЭА,Институт информационных технологий,мужской,22.0,Москва,Неизвестно,Неизвестно
394100799,419168599,True,8,мужской,20.0,Москва,РТУ МИРЭА,Институт информационных технологий,мужской,22.0,Москва,Неизвестно,Неизвестно
394100799,432814093,True,8,мужской,20.0,Москва,РТУ МИРЭА,Институт информационных технологий,мужской,22.0,Кизнер (поселок),Неизвестно,Неизвестно
394100799,548550935,True,8,мужской,20.0,Москва,РТУ МИРЭА,Институт информационных технологий,мужской,20.0,Москва,РТУ МИРЭА,Институт информационных технологий
394100799,611694763,True,7,мужской,20.0,Москва,РТУ МИРЭА,Институт информационных технологий,мужской,21.0,Москва,Неизвестно,Неизвестно
410472515,20341211,True,0,мужской,22.0,Королёв,РТУ МИРЭА,Неизвестно,мужской,22.0,Москва,Неизвестно,Неизвестно
410472515,69110189,True,13,мужской,22.0,Королёв,РТУ МИРЭА,Неизвестно,женский,25.0,Москва,РТУ МИРЭА,Неизвестно
410472515,99138057,True,8,мужской,22.0,Королёв,РТУ МИРЭА,Неизвестно,мужской,40.0,Москва,МГУПИ,Институт высоких технологий
410472515,154151541,True,13,мужской,22.0,Королёв,РТУ МИРЭА,Неизвестно,мужской,22.0,Химки,Неизвестно,Неизвестно
410472515,158445696,True,9,мужской,22.0,Королёв,РТУ МИРЭА,Неизвестно,женский,22.0,Москва,РТУ МИРЭА,Институт информационных технологий
410472515,171888881,True,6,мужской,22.0,Королёв,РТУ МИРЭА,Неизвестно,мужской,23.0,Одинцово,Неизвестно,Неизвестно
410472515,174111046,True,11,мужской,22.0,Королёв,РТУ МИРЭА,Неизвестно,женский,22.0,Москва,Неизвестно,Неизвестно
410472515,203874757,True,0,мужской,22.0,Королёв,РТУ МИРЭА,Неизвестно,мужской,22.0,Москва,Неизвестно,Неизвестно
410472515,275267938,True,6,мужской,22.0,Королёв,РТУ МИРЭА,Неизвестно,мужской,22.0,Таганрог,Неизвестно,Неизвестно
410472515,286877958,True,9,мужской,22.0,Королёв,РТУ МИРЭА,Неизвестно,мужской,22.0,Москва,Неизвестно,Неизвестно
410472515,359178717,True,11,мужской,22.0,Королёв,РТУ МИРЭА,Неизвестно,мужской,22.0,Москва,Неизвестно,Неизвестно
410472515,425382019,True,10,мужской,22.0,Королёв,РТУ МИРЭА,Неизвестно,женский,22.0,Москва,Неизвестно,Неизвестно
410472515,612204821,True,9,мужской,22.0,Королёв,РТУ МИРЭА,Неизвестно,мужской,22.0,Москва,Неизвестно,Неизвестно
410472515,662741463,True,8,мужской,22.0,Королёв,РТУ МИРЭА,Неизвестно,мужской,23.0,Москва,РТУ МИРЭА,Институт кибербезопасности и цифровых технологий
276082772,154151541,True,2,мужской,22.0,Москва,РЭУ им. Г. В. Плеханова,Факультет бизнеса «Капитаны»,мужской,22.0,Химки,Неизвестно,Неизвестно
276082772,276400143,True,0,мужской,22.0,Москва,РЭУ им. Г. В. Плеханова,Факультет бизнеса «Капитаны»,мужской,21.0,Москва,Неизвестно,Неизвестно
276082772,432150818,True,2,мужской,22.0,Москва,РЭУ им. Г. В. Плеханова,Факультет бизнеса «Капитаны»,мужской,22.0,Москва,МГТУ им. Н. Э. Баумана (бывш. МВТУ),Неизвестно
439146588,232437875,True,3,мужской,22.0,Москва,РТУ МИРЭА,Институт информационных технологий,мужской,21.0,Москва,Неизвестно,Неизвестно
439146588,258814756,True,4,мужской,22.0,Москва,РТУ МИРЭА,Институт информационных технологий,мужской,22.0,Москва,Неизвестно,Неизвестно
439146588,294222328,True,0,мужской,22.0,Москва,РТУ МИРЭА,Институт информационных технологий,мужской,22.0,Бердск,Неизвестно,Неизвестно
439146588,365320601,True,2,мужской,22.0,Москва,РТУ МИРЭА,Институт информационных технологий,женский,22.0,Москва,МИРЭА (до 2015),Факультет информационных технологий
439146588,481253563,True,4,мужской,22.0,Москва,РТУ МИРЭА,Институт информационных технологий,мужской,21.0,Москва,РТУ МИРЭА,Институт информационных технологий
232437875,258814756,True,4,мужской,21.0,Москва,Неизвестно,Неизвестно,мужской,22.0,Москва,Неизвестно,Неизвестно
232437875,294222328,True,0,мужской,21.0,Москва,Неизвестно,Неизвестно,мужской,22.0,Бердск,Неизвестно,Неизвестно
232437875,337236344,True,2,мужской,21.0,Москва,Неизвестно,Неизвестно,мужской,22.0,Москва,Неизвестно,Неизвестно
232437875,439146588,True,3,мужской,21.0,Москва,Неизвестно,Неизвестно,мужской,22.0,Москва,РТУ МИРЭА,Институт информационных технологий
232437875,481253563,True,4,мужской,21.0,Москва,Неизвестно,Неизвестно,мужской,21.0,Москва,РТУ МИРЭА,Институт информационных технологий
175100020,154110170,True,2,мужской,22.0,Москва,РТУ МИРЭА,Институт информационных технологий,мужской,22.0,Москва,Неизвестно,Неизвестно
175100020,154151541,True,7,мужской,22.0,Москва,РТУ МИРЭА,Институт информационных технологий,мужской,22.0,Химки,Неизвестно,Неизвестно
175100020,163823935,True,6,мужской,22.0,Москва,РТУ МИРЭА,Институт информационных технологий,мужской,22.0,Подольск,РТУ МИРЭА,Институт информационных технологий
175100020,174111046,True,6,мужской,22.0,Москва,РТУ МИРЭА,Институт информационных технологий,женский,22.0,Москва,Неизвестно,Неизвестно
175100020,246872239,True,7,мужской,22.0,Москва,РТУ МИРЭА,Институт информационных технологий,мужской,21.0,Москва,РТУ МИРЭА,Институт информационных технологий
175100020,359178717,True,6,мужской,22.0,Москва,РТУ МИРЭА,Институт информационных технологий,мужской,22.0,Москва,Неизвестно,Неизвестно
175100020,441397508,True,0,мужской,22.0,Москва,РТУ МИРЭА,Институт информационных технологий,женский,22.0,Москва,Неизвестно,Неизвестно
175100020,662741463,True,6,мужской,22.0,Москва,РТУ МИРЭА,Институт информационных технологий,мужской,23.0,Москва,РТУ МИРЭА,Институт кибербезопасности и цифровых технологий
146511992,4561245,True,2,женский,22.0,Москва,МГИМО МИД России,Неизвестно,женский,22.0,Химки,Неизвестно,Неизвестно
146511992,87224583,True,2,женский,22.0,Москва,МГИМО МИД России,Неизвестно,мужской,22.0,Химки,Неизвестно,Неизвестно
146511992,91478379,True,1,женский,22.0,Москва,МГИМО МИД России,Неизвестно,женский,22.0,Paris,Неизвестно,Неизвестно
146511992,154151541,True,8,женский,22.0,Москва,МГИМО МИД России,Неизвестно,мужской,22.0,Химки,Неизвестно,Неизвестно
146511992,221280561,True,4,женский,22.0,Москва,МГИМО МИД России,Неизвестно,женский,22.0,Химки,Неизвестно,Неизвестно
146511992,221684247,True,2,женский,22.0,Москва,МГИМО МИД России,Неизвестно,женский,22.0,Москва,Неизвестно,Неизвестно
146511992,255552012,True,2,женский,22.0,Москва,МГИМО МИД России,Неизвестно,женский,22.0,Москва,"Президентская академия (РАНХиГС, бывш. АНХ)",Неизвестно
146511992,276400143,True,0,женский,22.0,Москва,МГИМО МИД России,Неизвестно,мужской,21.0,Москва,Неизвестно,Неизвестно
158445696,20341211,True,0,женский,22.0,Москва,РТУ МИРЭА,Институт информационных технологий,мужской,22.0,Москва,Неизвестно,Неизвестно
158445696,69110189,True,11,женский,22.0,Москва,РТУ МИРЭА,Институт информационных технологий,женский,25.0,Москва,РТУ МИРЭА,Неизвестно
158445696,112120311,True,8,женский,22.0,Москва,РТУ МИРЭА,Институт информационных технологий,мужской,22.0,Москва,Неизвестно,Неизвестно
158445696,154151541,True,13,женский,22.0,Москва,РТУ МИРЭА,Институт информационных технологий,мужской,22.0,Химки,Неизвестно,Неизвестно
158445696,163823935,True,9,женский,22.0,Москва,РТУ МИРЭА,Институт информационных технологий,мужской,22.0,Подольск,РТУ МИРЭА,Институт информационных технологий
158445696,174111046,True,11,женский,22.0,Москва,РТУ МИРЭА,Институт информационных технологий,женский,22.0,Москва,Неизвестно,Неизвестно
158445696,246872239,True,9,женский,22.0,Москва,РТУ МИРЭА,Институт информационных технологий,мужской,21.0,Москва,РТУ МИРЭА,Институт информационных технологий
158445696,269388306,True,4,женский,22.0,Москва,РТУ МИРЭА,Институт информационных технологий,мужской,22.0,Москва,Неизвестно,Неизвестно
158445696,275267938,True,5,женский,22.0,Москва,РТУ МИРЭА,Институт информационных технологий,мужской,22.0,Таганрог,Неизвестно,Неизвестно
158445696,286877958,True,11,женский,22.0,Москва,РТУ МИРЭА,Институт информационных технологий,мужской,22.0,Москва,Неизвестно,Неизвестно
158445696,359178717,True,12,женский,22.0,Москва,РТУ МИРЭА,Институт информационных технологий,мужской,22.0,Москва,Неизвестно,Неизвестно
158445696,410472515,True,9,женский,22.0,Москва,РТУ МИРЭА,Институт информационных технологий,мужской,22.0,Королёв,РТУ МИРЭА,Неизвестно
158445696,425382019,True,9,женский,22.0,Москва,РТУ МИРЭА,Институт информационных технологий,женский,22.0,Москва,Неизвестно,Неизвестно
158445696,612204821,True,6,женский,22.0,Москва,РТУ МИРЭА,Институт информационных технологий,мужской,22.0,Москва,Неизвестно,Неизвестно
579510402,154151541,True,0,мужской,19.0,Москва,Неизвестно,Неизвестно,мужской,22.0,Химки,Неизвестно,Неизвестно
425382019,20341211,True,0,женский,22.0,Москва,Неизвестно,Неизвестно,мужской,22.0,Москва,Неизвестно,Неизвестно
425382019,69110189,True,10,женский,22.0,Москва,Неизвестно,Неизвестно,женский,25.0,Москва,РТУ МИРЭА,Неизвестно
425382019,99138057,True,7,женский,22.0,Москва,Неизвестно,Неизвестно,мужской,40.0,Москва,МГУПИ,Институт высоких технологий
425382019,154151541,True,11,женский,22.0,Москва,Неизвестно,Неизвестно,мужской,22.0,Химки,Неизвестно,Неизвестно
425382019,158445696,True,9,женский,22.0,Москва,Неизвестно,Неизвестно,женский,22.0,Москва,РТУ МИРЭА,Институт информационных технологий
425382019,163823935,True,8,женский,22.0,Москва,Неизвестно,Неизвестно,мужской,22.0,Подольск,РТУ МИРЭА,Институт информационных технологий
425382019,174111046,True,10,женский,22.0,Москва,Неизвестно,Неизвестно,женский,22.0,Москва,Неизвестно,Неизвестно
425382019,203874757,True,0,женский,22.0,Москва,Неизвестно,Неизвестно,мужской,22.0,Москва,Неизвестно,Неизвестно
425382019,286877958,True,8,женский,22.0,Москва,Неизвестно,Неизвестно,мужской,22.0,Москва,Неизвестно,Неизвестно
425382019,359178717,True,11,женский,22.0,Москва,Неизвестно,Неизвестно,мужской,22.0,Москва,Неизвестно,Неизвестно
425382019,410472515,True,10,женский,22.0,Москва,Неизвестно,Неизвестно,мужской,22.0,Королёв,РТУ МИРЭА,Неизвестно
425382019,612204821,True,8,женский,22.0,Москва,Неизвестно,Неизвестно,мужской,22.0,Москва,Неизвестно,Неизвестно
210813066,154151541,True,3,мужской,22.0,Москва,РТУ МИРЭА,Неизвестно,мужской,22.0,Химки,Неизвестно,Неизвестно
210813066,163823935,True,3,мужской,22.0,Москва,РТУ МИРЭА,Неизвестно,мужской,22.0,Подольск,РТУ МИРЭА,Институт информационных технологий
210813066,225632479,True,2,мужской,22.0,Москва,РТУ МИРЭА,Неизвестно,мужской,22.0,Москва,Неизвестно,Неизвестно
210813066,359178717,True,2,мужской,22.0,Москва,РТУ МИРЭА,Неизвестно,мужской,22.0,Москва,Неизвестно,Неизвестно
325462157,220291482,True,3,мужской,22.0,Москва,Неизвестно,Неизвестно,мужской,22.0,Москва,РТУ МИРЭА,Институт информационных технологий
325462157,258814756,True,4,мужской,22.0,Москва,Неизвестно,Неизвестно,мужской,22.0,Москва,Неизвестно,Неизвестно
325462157,263573863,True,3,мужской,22.0,Москва,Неизвестно,Неизвестно,мужской,22.0,Москва,Неизвестно,Неизвестно
325462157,338121069,True,4,мужской,22.0,Москва,Неизвестно,Неизвестно,мужской,22.0,Москва,Неизвестно,Неизвестно
325462157,481253563,True,2,мужской,22.0,Москва,Неизвестно,Неизвестно,мужской,21.0,Москва,РТУ МИРЭА,Институт информационных технологий
125354026,154151541,True,0,мужской,22.0,Санкт-Петербург,Неизвестно,Неизвестно,мужской,22.0,Химки,Неизвестно,Неизвестно
350840991,154151541,True,11,мужской,22.0,Москва,Неизвестно,Неизвестно,мужской,22.0,Химки,Неизвестно,Неизвестно
350840991,191557938,True,0,мужской,22.0,Москва,Неизвестно,Неизвестно,мужской,22.0,Одинцово,Неизвестно,Неизвестно
350840991,254249175,True,7,мужской,22.0,Москва,Неизвестно,Неизвестно,мужской,21.0,Пенза,РТУ МИРЭА,Неизвестно
350840991,283576464,True,0,мужской,22.0,Москва,Неизвестно,Неизвестно,женский,22.0,Симферополь,Неизвестно,Неизвестно
350840991,283922767,True,0,мужской,22.0,Москва,Неизвестно,Неизвестно,мужской,21.0,Москва,Неизвестно,Неизвестно
350840991,394100799,True,8,мужской,22.0,Москва,Неизвестно,Неизвестно,мужской,20.0,Москва,РТУ МИРЭА,Институт информационных технологий
350840991,419168599,True,8,мужской,22.0,Москва,Неизвестно,Неизвестно,мужской,22.0,Москва,Неизвестно,Неизвестно
350840991,432814093,True,10,мужской,22.0,Москва,Неизвестно,Неизвестно,мужской,22.0,Кизнер (поселок),Неизвестно,Неизвестно
350840991,548550935,True,9,мужской,22.0,Москва,Неизвестно,Неизвестно,мужской,20.0,Москва,РТУ МИРЭА,Институт информационных технологий
350840991,558275035,True,1,мужской,22.0,Москва,Неизвестно,Неизвестно,мужской,23.0,Москва,Неизвестно,Неизвестно
350840991,584995001,True,0,мужской,22.0,Москва,Неизвестно,Неизвестно,мужской,22.0,Подольск,Неизвестно,Неизвестно
350840991,611694763,True,7,мужской,22.0,Москва,Неизвестно,Неизвестно,мужской,21.0,Москва,Неизвестно,Неизвестно
359942285,154151541,True,0,мужской,21.0,Москва,РТУ МИРЭА,Институт информационных технологий,мужской,22.0,Химки,Неизвестно,Неизвестно
505204903,154151541,True,2,мужской,22.0,Москва,Неизвестно,Неизвестно,мужской,22.0,Химки,Неизвестно,Неизвестно
505204903,185888968,True,2,мужской,22.0,Москва,Неизвестно,Неизвестно,мужской,22.0,Москва,Неизвестно,Неизвестно
505204903,273596951,True,2,мужской,22.0,Москва,Неизвестно,Неизвестно,мужской,22.0,Москва,РТУ МИРЭА,Неизвестно
198752426,154151541,True,2,женский,22.0,Toronto,Неизвестно,Неизвестно,мужской,22.0,Химки,Неизвестно,Неизвестно
198752426,368048152,True,1,женский,22.0,Toronto,Неизвестно,Неизвестно,мужской,22.0,Москва,Неизвестно,Неизвестно
198752426,662741463,True,1,женский,22.0,Toronto,Неизвестно,Неизвестно,мужской,23.0,Москва,РТУ МИРЭА,Институт кибербезопасности и цифровых технологий
230631594,50391059,True,4,мужской,22.0,Химки,Неизвестно,Неизвестно,мужской,72.0,Москва,МГУ,Философский
230631594,154151541,True,7,мужской,22.0,Химки,Неизвестно,Неизвестно,мужской,22.0,Химки,Неизвестно,Неизвестно
230631594,227234115,True,4,мужской,22.0,Химки,Неизвестно,Неизвестно,мужской,22.0,Москва,МГТУ им. Н. Э. Баумана (бывш. МВТУ),Неизвестно
230631594,327733536,True,2,мужской,22.0,Химки,Неизвестно,Неизвестно,женский,21.0,Москва,Неизвестно,Неизвестно
230631594,363088358,True,3,мужской,22.0,Химки,Неизвестно,Неизвестно,женский,22.0,Москва,Неизвестно,Неизвестно
230631594,387143718,True,2,мужской,22.0,Химки,Неизвестно,Неизвестно,мужской,22.0,Москва,Неизвестно,Неизвестно
230631594,466579963,True,2,мужской,22.0,Химки,Неизвестно,Неизвестно,мужской,22.0,Москва,Неизвестно,Неизвестно
230631594,474388963,True,2,мужской,22.0,Химки,Неизвестно,Неизвестно,мужской,22.0,Химки,Неизвестно,Неизвестно
37650604,87224583,True,1,мужской,22.0,Москва,Неизвестно,Неизвестно,мужской,22.0,Химки,Неизвестно,Неизвестно
37650604,154151541,True,1,мужской,22.0,Москва,Неизвестно,Неизвестно,мужской,22.0,Химки,Неизвестно,Неизвестно
342243498,93944075,True,0,мужской,22.0,Москва,Неизвестно,Неизвестно,мужской,27.0,Москва,Неизвестно,Неизвестно
342243498,154151541,True,9,мужской,22.0,Москва,Неизвестно,Неизвестно,мужской,22.0,Химки,Неизвестно,Неизвестно
342243498,163823935,True,4,мужской,22.0,Москва,Неизвестно,Неизвестно,мужской,22.0,Подольск,РТУ МИРЭА,Институт информационных технологий
342243498,171888881,True,2,мужской,22.0,Москва,Неизвестно,Неизвестно,мужской,23.0,Одинцово,Неизвестно,Неизвестно
342243498,178325795,True,1,мужской,22.0,Москва,Неизвестно,Неизвестно,мужской,22.0,Москва,РТУ МИРЭА,Неизвестно
342243498,185888968,True,2,мужской,22.0,Москва,Неизвестно,Неизвестно,мужской,22.0,Москва,Неизвестно,Неизвестно
342243498,246872239,True,4,мужской,22.0,Москва,Неизвестно,Неизвестно,мужской,21.0,Москва,РТУ МИРЭА,Институт информационных технологий
342243498,273596951,True,2,мужской,22.0,Москва,Неизвестно,Неизвестно,мужской,22.0,Москва,РТУ МИРЭА,Неизвестно
342243498,441397508,True,0,мужской,22.0,Москва,Неизвестно,Неизвестно,женский,22.0,Москва,Неизвестно,Неизвестно
342243498,662741463,True,6,мужской,22.0,Москва,Неизвестно,Неизвестно,мужской,23.0,Москва,РТУ МИРЭА,Институт кибербезопасности и цифровых технологий
611694763,154151541,True,7,мужской,21.0,Москва,Неизвестно,Неизвестно,мужской,22.0,Химки,Неизвестно,Неизвестно
611694763,191557938,True,0,мужской,21.0,Москва,Неизвестно,Неизвестно,мужской,22.0,Одинцово,Неизвестно,Неизвестно
611694763,283922767,True,0,мужской,21.0,Москва,Неизвестно,Неизвестно,мужской,21.0,Москва,Неизвестно,Неизвестно
611694763,350840991,True,7,мужской,21.0,Москва,Неизвестно,Неизвестно,мужской,22.0,Москва,Неизвестно,Неизвестно
611694763,394100799,True,7,мужской,21.0,Москва,Неизвестно,Неизвестно,мужской,20.0,Москва,РТУ МИРЭА,Институт информационных технологий
611694763,419168599,True,7,мужской,21.0,Москва,Неизвестно,Неизвестно,мужской,22.0,Москва,Неизвестно,Неизвестно
611694763,432814093,True,7,мужской,21.0,Москва,Неизвестно,Неизвестно,мужской,22.0,Кизнер (поселок),Неизвестно,Неизвестно
611694763,548550935,True,7,мужской,21.0,Москва,Неизвестно,Неизвестно,мужской,20.0,Москва,РТУ МИРЭА,Институт информационных технологий
246872239,20341211,True,0,мужской,21.0,Москва,РТУ МИРЭА,Институт информационных технологий,мужской,22.0,Москва,Неизвестно,Неизвестно
246872239,69110189,True,10,мужской,21.0,Москва,РТУ МИРЭА,Институт информационных технологий,женский,25.0,Москва,РТУ МИРЭА,Неизвестно
246872239,99138057,True,8,мужской,21.0,Москва,РТУ МИРЭА,Институт информационных технологий,мужской,40.0,Москва,МГУПИ,Институт высоких технологий
246872239,112120311,True,11,мужской,21.0,Москва,РТУ МИРЭА,Институт информационных технологий,мужской,22.0,Москва,Неизвестно,Неизвестно
246872239,154110170,True,2,мужской,21.0,Москва,РТУ МИРЭА,Институт информационных технологий,мужской,22.0,Москва,Неизвестно,Неизвестно
246872239,154151541,True,18,мужской,21.0,Москва,РТУ МИРЭА,Институт информационных технологий,мужской,22.0,Химки,Неизвестно,Неизвестно
246872239,158445696,True,9,мужской,21.0,Москва,РТУ МИРЭА,Институт информационных технологий,женский,22.0,Москва,РТУ МИРЭА,Институт информационных технологий
246872239,163823935,True,14,мужской,21.0,Москва,РТУ МИРЭА,Институт информационных технологий,мужской,22.0,Подольск,РТУ МИРЭА,Институт информационных технологий
246872239,174111046,True,13,мужской,21.0,Москва,РТУ МИРЭА,Институт информационных технологий,женский,22.0,Москва,Неизвестно,Неизвестно
246872239,175100020,True,7,мужской,21.0,Москва,РТУ МИРЭА,Институт информационных технологий,мужской,22.0,Москва,РТУ МИРЭА,Институт информационных технологий
246872239,203874757,True,0,мужской,21.0,Москва,РТУ МИРЭА,Институт информационных технологий,мужской,22.0,Москва,Неизвестно,Неизвестно
246872239,269388306,True,5,мужской,21.0,Москва,РТУ МИРЭА,Институт информационных технологий,мужской,22.0,Москва,Неизвестно,Неизвестно
246872239,281641201,True,1,мужской,21.0,Москва,РТУ МИРЭА,Институт информационных технологий,мужской,25.0,Москва,РТУ МИРЭА,Институт информационных технологий
246872239,286877958,True,9,мужской,21.0,Москва,РТУ МИРЭА,Институт информационных технологий,мужской,22.0,Москва,Неизвестно,Неизвестно
246872239,342243498,True,4,мужской,21.0,Москва,РТУ МИРЭА,Институт информационных технологий,мужской,22.0,Москва,Неизвестно,Неизвестно
246872239,359178717,True,14,мужской,21.0,Москва,РТУ МИРЭА,Институт информационных технологий,мужской,22.0,Москва,Неизвестно,Неизвестно
246872239,435357753,True,0,мужской,21.0,Москва,РТУ МИРЭА,Институт информационных технологий,женский,22.0,Москва,РТУ МИРЭА,Институт информационных технологий
246872239,441397508,True,0,мужской,21.0,Москва,РТУ МИРЭА,Институт информационных технологий,женский,22.0,Москва,Неизвестно,Неизвестно
246872239,602757527,True,1,мужской,21.0,Москва,РТУ МИРЭА,Институт информационных технологий,мужской,26.0,Москва,Неизвестно,Неизвестно
246872239,662741463,True,12,мужской,21.0,Москва,РТУ МИРЭА,Институт информационных технологий,мужской,23.0,Москва,РТУ МИРЭА,Институт кибербезопасности и цифровых технологий
346144945,144881881,True,0,мужской,20.0,Москва,Неизвестно,Неизвестно,мужской,22.0,Качалино,Неизвестно,Неизвестно
346144945,154151541,True,1,мужской,20.0,Москва,Неизвестно,Неизвестно,мужской,22.0,Химки,Неизвестно,Неизвестно
185888968,154151541,True,7,мужской,22.0,Москва,Неизвестно,Неизвестно,мужской,22.0,Химки,Неизвестно,Неизвестно
185888968,238444902,True,3,мужской,22.0,Москва,Неизвестно,Неизвестно,женский,22.0,Москва,Неизвестно,Неизвестно
185888968,241984007,True,4,мужской,22.0,Москва,Неизвестно,Неизвестно,мужской,56.0,Москва,Неизвестно,Неизвестно
185888968,273596951,True,6,мужской,22.0,Москва,Неизвестно,Неизвестно,мужской,22.0,Москва,РТУ МИРЭА,Неизвестно
185888968,337418663,True,2,мужской,22.0,Москва,Неизвестно,Неизвестно,мужской,22.0,Санкт-Петербург,РТУ МИРЭА,Институт информационных технологий
185888968,342243498,True,2,мужской,22.0,Москва,Неизвестно,Неизвестно,мужской,22.0,Москва,Неизвестно,Неизвестно
185888968,372566434,True,4,мужской,22.0,Москва,Неизвестно,Неизвестно,мужской,22.0,Москва,Неизвестно,Неизвестно
185888968,505204903,True,2,мужской,22.0,Москва,Неизвестно,Неизвестно,мужской,22.0,Москва,Неизвестно,Неизвестно
184572109,87224583,True,2,женский,22.0,Москва,Неизвестно,Неизвестно,мужской,22.0,Химки,Неизвестно,Неизвестно
184572109,91478379,True,1,женский,22.0,Москва,Неизвестно,Неизвестно,женский,22.0,Paris,Неизвестно,Неизвестно
184572109,143677868,True,1,женский,22.0,Москва,Неизвестно,Неизвестно,женский,24.0,Москва,Неизвестно,Неизвестно
184572109,154151541,True,5,женский,22.0,Москва,Неизвестно,Неизвестно,мужской,22.0,Химки,Неизвестно,Неизвестно
184572109,255552012,True,2,женский,22.0,Москва,Неизвестно,Неизвестно,женский,22.0,Москва,"Президентская академия (РАНХиГС, бывш. АНХ)",Неизвестно
481253563,232437875,True,4,мужской,21.0,Москва,РТУ МИРЭА,Институт информационных технологий,мужской,21.0,Москва,Неизвестно,Неизвестно
481253563,258814756,True,8,мужской,21.0,Москва,РТУ МИРЭА,Институт информационных технологий,мужской,22.0,Москва,Неизвестно,Неизвестно
481253563,294222328,True,0,мужской,21.0,Москва,РТУ МИРЭА,Институт информационных технологий,мужской,22.0,Бердск,Неизвестно,Неизвестно
481253563,325462157,True,2,мужской,21.0,Москва,РТУ МИРЭА,Институт информационных технологий,мужской,22.0,Москва,Неизвестно,Неизвестно
481253563,337236344,True,2,мужской,21.0,Москва,РТУ МИРЭА,Институт информационных технологий,мужской,22.0,Москва,Неизвестно,Неизвестно
481253563,338121069,True,2,мужской,21.0,Москва,РТУ МИРЭА,Институт информационных технологий,мужской,22.0,Москва,Неизвестно,Неизвестно
481253563,357593443,True,1,мужской,21.0,Москва,РТУ МИРЭА,Институт информационных технологий,мужской,22.0,Fukuoka,Неизвестно,Неизвестно
481253563,365320601,True,2,мужской,21.0,Москва,РТУ МИРЭА,Институт информационных технологий,женский,22.0,Москва,МИРЭА (до 2015),Факультет информационных технологий
481253563,439146588,True,4,мужской,21.0,Москва,РТУ МИРЭА,Институт информационных технологий,мужской,22.0,Москва,РТУ МИРЭА,Институт информационных технологий
457226450,143677868,True,1,женский,22.0,Москва,Неизвестно,Неизвестно,женский,24.0,Москва,Неизвестно,Неизвестно
457226450,154151541,True,4,женский,22.0,Москва,Неизвестно,Неизвестно,мужской,22.0,Химки,Неизвестно,Неизвестно
457226450,395426263,True,1,женский,22.0,Москва,Неизвестно,Неизвестно,мужской,22.0,Москва,Неизвестно,Неизвестно
457226450,466579963,True,1,женский,22.0,Москва,Неизвестно,Неизвестно,мужской,22.0,Москва,Неизвестно,Неизвестно
254249175,154151541,True,7,мужской,21.0,Пенза,РТУ МИРЭА,Неизвестно,мужской,22.0,Химки,Неизвестно,Неизвестно
254249175,283576464,True,0,мужской,21.0,Пенза,РТУ МИРЭА,Неизвестно,женский,22.0,Симферополь,Неизвестно,Неизвестно
254249175,283922767,True,0,мужской,21.0,Пенза,РТУ МИРЭА,Неизвестно,мужской,21.0,Москва,Неизвестно,Неизвестно
254249175,350840991,True,7,мужской,21.0,Пенза,РТУ МИРЭА,Неизвестно,мужской,22.0,Москва,Неизвестно,Неизвестно
254249175,394100799,True,6,мужской,21.0,Пенза,РТУ МИРЭА,Неизвестно,мужской,20.0,Москва,РТУ МИРЭА,Институт информационных технологий
254249175,419168599,True,6,мужской,21.0,Пенза,РТУ МИРЭА,Неизвестно,мужской,22.0,Москва,Неизвестно,Неизвестно
254249175,432814093,True,7,мужской,21.0,Пенза,РТУ МИРЭА,Неизвестно,мужской,22.0,Кизнер (поселок),Неизвестно,Неизвестно
254249175,548550935,True,7,мужской,21.0,Пенза,РТУ МИРЭА,Неизвестно,мужской,20.0,Москва,РТУ МИРЭА,Институт информационных технологий
154110170,154151541,True,3,мужской,22.0,Москва,Неизвестно,Неизвестно,мужской,22.0,Химки,Неизвестно,Неизвестно
154110170,175100020,True,2,мужской,22.0,Москва,Неизвестно,Неизвестно,мужской,22.0,Москва,РТУ МИРЭА,Институт информационных технологий
154110170,246872239,True,2,мужской,22.0,Москва,Неизвестно,Неизвестно,мужской,21.0,Москва,РТУ МИРЭА,Институт информационных технологий
154110170,395645310,True,1,мужской,22.0,Москва,Неизвестно,Неизвестно,мужской,22.0,Москва,Неизвестно,Неизвестно
426371293,154151541,True,1,мужской,22.0,Москва,Неизвестно,Неизвестно,мужской,22.0,Химки,Неизвестно,Неизвестно
426371293,192393433,True,0,мужской,22.0,Москва,Неизвестно,Неизвестно,мужской,26.0,Пенза,Неизвестно,Неизвестно
225632479,99138057,True,2,мужской,22.0,Москва,Неизвестно,Неизвестно,мужской,40.0,Москва,МГУПИ,Институт высоких технологий
225632479,154151541,True,6,мужской,22.0,Москва,Неизвестно,Неизвестно,мужской,22.0,Химки,Неизвестно,Неизвестно
225632479,163823935,True,5,мужской,22.0,Москва,Неизвестно,Неизвестно,мужской,22.0,Подольск,РТУ МИРЭА,Институт информационных технологий
225632479,210813066,True,2,мужской,22.0,Москва,Неизвестно,Неизвестно,мужской,22.0,Москва,РТУ МИРЭА,Неизвестно
225632479,381065555,True,1,мужской,22.0,Москва,Неизвестно,Неизвестно,мужской,22.0,Москва,РТУ МИРЭА,Неизвестно
225632479,441397508,True,0,мужской,22.0,Москва,Неизвестно,Неизвестно,женский,22.0,Москва,Неизвестно,Неизвестно
225632479,662741463,True,4,мужской,22.0,Москва,Неизвестно,Неизвестно,мужской,23.0,Москва,РТУ МИРЭА,Институт кибербезопасности и цифровых технологий
433897698,154151541,True,0,мужской,23.0,Химки,Неизвестно,Неизвестно,мужской,22.0,Химки,Неизвестно,Неизвестно
506144993,154151541,True,0,мужской,18.0,Барнаул,Неизвестно,Неизвестно,мужской,22.0,Химки,Неизвестно,Неизвестно
387516654,154151541,True,0,мужской,20.0,Москва,Неизвестно,Неизвестно,мужской,22.0,Химки,Неизвестно,Неизвестно
171888881,69110189,True,6,мужской,23.0,Одинцово,Неизвестно,Неизвестно,женский,25.0,Москва,РТУ МИРЭА,Неизвестно
171888881,99138057,True,3,мужской,23.0,Одинцово,Неизвестно,Неизвестно,мужской,40.0,Москва,МГУПИ,Институт высоких технологий
171888881,154151541,True,8,мужской,23.0,Одинцово,Неизвестно,Неизвестно,мужской,22.0,Химки,Неизвестно,Неизвестно
171888881,203874757,True,0,мужской,23.0,Одинцово,Неизвестно,Неизвестно,мужской,22.0,Москва,Неизвестно,Неизвестно
171888881,238444902,True,1,мужской,23.0,Одинцово,Неизвестно,Неизвестно,женский,22.0,Москва,Неизвестно,Неизвестно
171888881,286877958,True,3,мужской,23.0,Одинцово,Неизвестно,Неизвестно,мужской,22.0,Москва,Неизвестно,Неизвестно
171888881,342243498,True,2,мужской,23.0,Одинцово,Неизвестно,Неизвестно,мужской,22.0,Москва,Неизвестно,Неизвестно
171888881,410472515,True,6,мужской,23.0,Одинцово,Неизвестно,Неизвестно,мужской,22.0,Королёв,РТУ МИРЭА,Неизвестно
171888881,662741463,True,5,мужской,23.0,Одинцово,Неизвестно,Неизвестно,мужской,23.0,Москва,РТУ МИРЭА,Институт кибербезопасности и цифровых технологий
281641201,154151541,True,1,мужской,25.0,Москва,РТУ МИРЭА,Институт информационных технологий,мужской,22.0,Химки,Неизвестно,Неизвестно
281641201,246872239,True,1,мужской,25.0,Москва,РТУ МИРЭА,Институт информационных технологий,мужской,21.0,Москва,РТУ МИРЭА,Институт информационных технологий
818872577,292134122,True,0,женский,22.0,Москва,Неизвестно,Неизвестно,мужской,22.0,Москва,Неизвестно,Неизвестно
286877958,20341211,True,0,мужской,22.0,Москва,Неизвестно,Неизвестно,мужской,22.0,Москва,Неизвестно,Неизвестно
286877958,69110189,True,11,мужской,22.0,Москва,Неизвестно,Неизвестно,женский,25.0,Москва,РТУ МИРЭА,Неизвестно
286877958,112120311,True,8,мужской,22.0,Москва,Неизвестно,Неизвестно,мужской,22.0,Москва,Неизвестно,Неизвестно
286877958,154151541,True,13,мужской,22.0,Москва,Неизвестно,Неизвестно,мужской,22.0,Химки,Неизвестно,Неизвестно
286877958,158445696,True,11,мужской,22.0,Москва,Неизвестно,Неизвестно,женский,22.0,Москва,РТУ МИРЭА,Институт информационных технологий
286877958,163823935,True,9,мужской,22.0,Москва,Неизвестно,Неизвестно,мужской,22.0,Подольск,РТУ МИРЭА,Институт информационных технологий
286877958,171888881,True,3,мужской,22.0,Москва,Неизвестно,Неизвестно,мужской,23.0,Одинцово,Неизвестно,Неизвестно
286877958,174111046,True,12,мужской,22.0,Москва,Неизвестно,Неизвестно,женский,22.0,Москва,Неизвестно,Неизвестно
286877958,246872239,True,9,мужской,22.0,Москва,Неизвестно,Неизвестно,мужской,21.0,Москва,РТУ МИРЭА,Институт информационных технологий
286877958,275267938,True,5,мужской,22.0,Москва,Неизвестно,Неизвестно,мужской,22.0,Таганрог,Неизвестно,Неизвестно
286877958,359178717,True,11,мужской,22.0,Москва,Неизвестно,Неизвестно,мужской,22.0,Москва,Неизвестно,Неизвестно
286877958,410472515,True,9,мужской,22.0,Москва,Неизвестно,Неизвестно,мужской,22.0,Королёв,РТУ МИРЭА,Неизвестно
286877958,425382019,True,8,мужской,22.0,Москва,Неизвестно,Неизвестно,женский,22.0,Москва,Неизвестно,Неизвестно
286877958,441397508,True,0,мужской,22.0,Москва,Неизвестно,Неизвестно,женский,22.0,Москва,Неизвестно,Неизвестно
450496772,154151541,True,0,мужской,22.0,Химки,Неизвестно,Неизвестно,мужской,22.0,Химки,Неизвестно,Неизвестно
87224583,37650604,True,1,мужской,22.0,Химки,Неизвестно,Неизвестно,мужской,22.0,Москва,Неизвестно,Неизвестно
87224583,146511992,True,2,мужской,22.0,Химки,Неизвестно,Неизвестно,женский,22.0,Москва,МГИМО МИД России,Неизвестно
87224583,154151541,True,7,мужской,22.0,Химки,Неизвестно,Неизвестно,мужской,22.0,Химки,Неизвестно,Неизвестно
87224583,184572109,True,2,мужской,22.0,Химки,Неизвестно,Неизвестно,женский,22.0,Москва,Неизвестно,Неизвестно
87224583,342258015,True,0,мужской,22.0,Химки,Неизвестно,Неизвестно,мужской,22.0,Химки,Неизвестно,Неизвестно
87224583,466579963,True,1,мужской,22.0,Химки,Неизвестно,Неизвестно,мужской,22.0,Москва,Неизвестно,Неизвестно
174135567,154151541,True,2,мужской,23.0,Ōfunato,Неизвестно,Неизвестно,мужской,22.0,Химки,Неизвестно,Неизвестно
174135567,466579963,True,2,мужской,23.0,Ōfunato,Неизвестно,Неизвестно,мужской,22.0,Москва,Неизвестно,Неизвестно
174135567,474388963,True,2,мужской,23.0,Ōfunato,Неизвестно,Неизвестно,мужской,22.0,Химки,Неизвестно,Неизвестно
612204821,20341211,True,0,мужской,22.0,Москва,Неизвестно,Неизвестно,мужской,22.0,Москва,Неизвестно,Неизвестно
612204821,69110189,True,9,мужской,22.0,Москва,Неизвестно,Неизвестно,женский,25.0,Москва,РТУ МИРЭА,Неизвестно
612204821,99138057,True,5,мужской,22.0,Москва,Неизвестно,Неизвестно,мужской,40.0,Москва,МГУПИ,Институт высоких технологий
612204821,154151541,True,9,мужской,22.0,Москва,Неизвестно,Неизвестно,мужской,22.0,Химки,Неизвестно,Неизвестно
612204821,158445696,True,6,мужской,22.0,Москва,Неизвестно,Неизвестно,женский,22.0,Москва,РТУ МИРЭА,Институт информационных технологий
612204821,203874757,True,0,мужской,22.0,Москва,Неизвестно,Неизвестно,мужской,22.0,Москва,Неизвестно,Неизвестно
612204821,359178717,True,9,мужской,22.0,Москва,Неизвестно,Неизвестно,мужской,22.0,Москва,Неизвестно,Неизвестно
612204821,410472515,True,9,мужской,22.0,Москва,Неизвестно,Неизвестно,мужской,22.0,Королёв,РТУ МИРЭА,Неизвестно
612204821,425382019,True,8,мужской,22.0,Москва,Неизвестно,Неизвестно,женский,22.0,Москва,Неизвестно,Неизвестно
612204821,662741463,True,6,мужской,22.0,Москва,Неизвестно,Неизвестно,мужской,23.0,Москва,РТУ МИРЭА,Институт кибербезопасности и цифровых технологий
548550935,154151541,True,10,мужской,20.0,Москва,РТУ МИРЭА,Институт информационных технологий,мужской,22.0,Химки,Неизвестно,Неизвестно
548550935,191557938,True,0,мужской,20.0,Москва,РТУ МИРЭА,Институт информационных технологий,мужской,22.0,Одинцово,Неизвестно,Неизвестно
548550935,254249175,True,7,мужской,20.0,Москва,РТУ МИРЭА,Институт информационных технологий,мужской,21.0,Пенза,РТУ МИРЭА,Неизвестно
548550935,283576464,True,0,мужской,20.0,Москва,РТУ МИРЭА,Институт информационных технологий,женский,22.0,Симферополь,Неизвестно,Неизвестно
548550935,283922767,True,0,мужской,20.0,Москва,РТУ МИРЭА,Институт информационных технологий,мужской,21.0,Москва,Неизвестно,Неизвестно
548550935,350840991,True,9,мужской,20.0,Москва,РТУ МИРЭА,Институт информационных технологий,мужской,22.0,Москва,Неизвестно,Неизвестно
548550935,394100799,True,8,мужской,20.0,Москва,РТУ МИРЭА,Институт информационных технологий,мужской,20.0,Москва,РТУ МИРЭА,Институт информационных технологий
548550935,419168599,True,8,мужской,20.0,Москва,РТУ МИРЭА,Институт информационных технологий,мужской,22.0,Москва,Неизвестно,Неизвестно
548550935,432814093,True,9,мужской,20.0,Москва,РТУ МИРЭА,Институт информационных технологий,мужской,22.0,Кизнер (поселок),Неизвестно,Неизвестно
548550935,611694763,True,7,мужской,20.0,Москва,РТУ МИРЭА,Институт информационных технологий,мужской,21.0,Москва,Неизвестно,Неизвестно
548550935,662741463,True,1,мужской,20.0,Москва,РТУ МИРЭА,Институт информационных технологий,мужской,23.0,Москва,РТУ МИРЭА,Институт кибербезопасности и цифровых технологий
327733536,50391059,True,3,женский,21.0,Москва,Неизвестно,Неизвестно,мужской,72.0,Москва,МГУ,Философский
327733536,154151541,True,3,женский,21.0,Москва,Неизвестно,Неизвестно,мужской,22.0,Химки,Неизвестно,Неизвестно
327733536,230631594,True,2,женский,21.0,Москва,Неизвестно,Неизвестно,мужской,22.0,Химки,Неизвестно,Неизвестно
327733536,465363318,True,2,женский,21.0,Москва,Неизвестно,Неизвестно,мужской,22.0,Москва,Неизвестно,Неизвестно
432150818,154151541,True,3,мужской,22.0,Москва,МГТУ им. Н. Э. Баумана (бывш. МВТУ),Неизвестно,мужской,22.0,Химки,Неизвестно,Неизвестно
432150818,276082772,True,2,мужской,22.0,Москва,МГТУ им. Н. Э. Баумана (бывш. МВТУ),Неизвестно,мужской,22.0,Москва,РЭУ им. Г. В. Плеханова,Факультет бизнеса «Капитаны»
432150818,276400143,True,0,мужской,22.0,Москва,МГТУ им. Н. Э. Баумана (бывш. МВТУ),Неизвестно,мужской,21.0,Москва,Неизвестно,Неизвестно
178325795,154151541,True,5,мужской,22.0,Москва,РТУ МИРЭА,Неизвестно,мужской,22.0,Химки,Неизвестно,Неизвестно
178325795,337418663,True,2,мужской,22.0,Москва,РТУ МИРЭА,Неизвестно,мужской,22.0,Санкт-Петербург,РТУ МИРЭА,Институт информационных технологий
178325795,342243498,True,1,мужской,22.0,Москва,РТУ МИРЭА,Неизвестно,мужской,22.0,Москва,Неизвестно,Неизвестно
178325795,368048152,True,1,мужской,22.0,Москва,РТУ МИРЭА,Неизвестно,мужской,22.0,Москва,Неизвестно,Неизвестно
178325795,491446601,True,0,мужской,22.0,Москва,РТУ МИРЭА,Неизвестно,мужской,24.0,Москва,Неизвестно,Неизвестно
178325795,602757527,True,1,мужской,22.0,Москва,РТУ МИРЭА,Неизвестно,мужской,26.0,Москва,Неизвестно,Неизвестно
176943398,292134122,True,1,мужской,22.0,Бронницы,Неизвестно,Неизвестно,мужской,22.0,Москва,Неизвестно,Неизвестно
176943398,322986299,True,1,мужской,22.0,Бронницы,Неизвестно,Неизвестно,женский,22.0,Москва,Неизвестно,Неизвестно
49113389,154151541,True,0,мужской,22.0,Москва,Неизвестно,Неизвестно,мужской,22.0,Химки,Неизвестно,Неизвестно
221280561,4561245,True,2,женский,22.0,Химки,Неизвестно,Неизвестно,женский,22.0,Химки,Неизвестно,Неизвестно
221280561,146511992,True,4,женский,22.0,Химки,Неизвестно,Неизвестно,женский,22.0,Москва,МГИМО МИД России,Неизвестно
221280561,154151541,True,8,женский,22.0,Химки,Неизвестно,Неизвестно,мужской,22.0,Химки,Неизвестно,Неизвестно
221280561,209508780,True,4,женский,22.0,Химки,Неизвестно,Неизвестно,женский,22.0,Москва,Неизвестно,Неизвестно
221280561,221684247,True,4,женский,22.0,Химки,Неизвестно,Неизвестно,женский,22.0,Москва,Неизвестно,Неизвестно
221280561,342258015,True,0,женский,22.0,Химки,Неизвестно,Неизвестно,мужской,22.0,Химки,Неизвестно,Неизвестно
221280561,466579963,True,2,женский,22.0,Химки,Неизвестно,Неизвестно,мужской,22.0,Москва,Неизвестно,Неизвестно
221280561,596357542,True,3,женский,22.0,Химки,Неизвестно,Неизвестно,мужской,22.0,Минск,Неизвестно,Неизвестно
322986299,176943398,True,1,женский,22.0,Москва,Неизвестно,Неизвестно,мужской,22.0,Бронницы,Неизвестно,Неизвестно
322986299,292134122,True,1,женский,22.0,Москва,Неизвестно,Неизвестно,мужской,22.0,Москва,Неизвестно,Неизвестно
130746686,220291482,True,2,мужской,22.0,Москва,Неизвестно,Неизвестно,мужской,22.0,Москва,РТУ МИРЭА,Институт информационных технологий
130746686,258814756,True,2,мужской,22.0,Москва,Неизвестно,Неизвестно,мужской,22.0,Москва,Неизвестно,Неизвестно
130746686,338121069,True,2,мужской,22.0,Москва,Неизвестно,Неизвестно,мужской,22.0,Москва,Неизвестно,Неизвестно
227234115,50391059,True,4,мужской,22.0,Москва,МГТУ им. Н. Э. Баумана (бывш. МВТУ),Неизвестно,мужской,72.0,Москва,МГУ,Философский
227234115,154151541,True,5,мужской,22.0,Москва,МГТУ им. Н. Э. Баумана (бывш. МВТУ),Неизвестно,мужской,22.0,Химки,Неизвестно,Неизвестно
227234115,230631594,True,4,мужской,22.0,Москва,МГТУ им. Н. Э. Баумана (бывш. МВТУ),Неизвестно,мужской,22.0,Химки,Неизвестно,Неизвестно
227234115,272517123,True,2,мужской,22.0,Москва,МГТУ им. Н. Э. Баумана (бывш. МВТУ),Неизвестно,женский,23.0,Химки,РХТУ им. Д. И. Менделеева,Неизвестно
227234115,363088358,True,3,мужской,22.0,Москва,МГТУ им. Н. Э. Баумана (бывш. МВТУ),Неизвестно,женский,22.0,Москва,Неизвестно,Неизвестно
227234115,387143718,True,2,мужской,22.0,Москва,МГТУ им. Н. Э. Баумана (бывш. МВТУ),Неизвестно,мужской,22.0,Москва,Неизвестно,Неизвестно
174111046,20341211,True,0,женский,22.0,Москва,Неизвестно,Неизвестно,мужской,22.0,Москва,Неизвестно,Неизвестно
174111046,69110189,True,13,женский,22.0,Москва,Неизвестно,Неизвестно,женский,25.0,Москва,РТУ МИРЭА,Неизвестно
174111046,99138057,True,9,женский,22.0,Москва,Неизвестно,Неизвестно,мужской,40.0,Москва,МГУПИ,Институт высоких технологий
174111046,112120311,True,11,женский,22.0,Москва,Неизвестно,Неизвестно,мужской,22.0,Москва,Неизвестно,Неизвестно
174111046,154151541,True,17,женский,22.0,Москва,Неизвестно,Неизвестно,мужской,22.0,Химки,Неизвестно,Неизвестно
174111046,158445696,True,11,женский,22.0,Москва,Неизвестно,Неизвестно,женский,22.0,Москва,РТУ МИРЭА,Институт информационных технологий
174111046,163823935,True,13,женский,22.0,Москва,Неизвестно,Неизвестно,мужской,22.0,Подольск,РТУ МИРЭА,Институт информационных технологий
174111046,175100020,True,6,женский,22.0,Москва,Неизвестно,Неизвестно,мужской,22.0,Москва,РТУ МИРЭА,Институт информационных технологий
174111046,203874757,True,0,женский,22.0,Москва,Неизвестно,Неизвестно,мужской,22.0,Москва,Неизвестно,Неизвестно
174111046,246872239,True,13,женский,22.0,Москва,Неизвестно,Неизвестно,мужской,21.0,Москва,РТУ МИРЭА,Институт информационных технологий
174111046,265111970,True,3,женский,22.0,Москва,Неизвестно,Неизвестно,мужской,22.0,Москва,РТУ МИРЭА,Институт информационных технологий
174111046,275267938,True,6,женский,22.0,Москва,Неизвестно,Неизвестно,мужской,22.0,Таганрог,Неизвестно,Неизвестно
174111046,286877958,True,12,женский,22.0,Москва,Неизвестно,Неизвестно,мужской,22.0,Москва,Неизвестно,Неизвестно
174111046,359178717,True,16,женский,22.0,Москва,Неизвестно,Неизвестно,мужской,22.0,Москва,Неизвестно,Неизвестно
174111046,410472515,True,11,женский,22.0,Москва,Неизвестно,Неизвестно,мужской,22.0,Королёв,РТУ МИРЭА,Неизвестно
174111046,425382019,True,10,женский,22.0,Москва,Неизвестно,Неизвестно,женский,22.0,Москва,Неизвестно,Неизвестно
174111046,441397508,True,0,женский,22.0,Москва,Неизвестно,Неизвестно,женский,22.0,Москва,Неизвестно,Неизвестно
174111046,662741463,True,11,женский,22.0,Москва,Неизвестно,Неизвестно,мужской,23.0,Москва,РТУ МИРЭА,Институт кибербезопасности и цифровых технологий
177512785,154151541,True,2,мужской,22.0,Москва,РТУ МИРЭА,Неизвестно,мужской,22.0,Химки,Неизвестно,Неизвестно
177512785,337418663,True,2,мужской,22.0,Москва,РТУ МИРЭА,Неизвестно,мужской,22.0,Санкт-Петербург,РТУ МИРЭА,Институт информационных технологий
177512785,662741463,True,2,мужской,22.0,Москва,РТУ МИРЭА,Неизвестно,мужской,23.0,Москва,РТУ МИРЭА,Институт кибербезопасности и цифровых технологий
163823935,20341211,True,0,мужской,22.0,Подольск,РТУ МИРЭА,Институт информационных технологий,мужской,22.0,Москва,Неизвестно,Неизвестно
163823935,99138057,True,8,мужской,22.0,Подольск,РТУ МИРЭА,Институт информационных технологий,мужской,40.0,Москва,МГУПИ,Институт высоких технологий
163823935,112120311,True,10,мужской,22.0,Подольск,РТУ МИРЭА,Институт информационных технологий,мужской,22.0,Москва,Неизвестно,Неизвестно
163823935,154151541,True,18,мужской,22.0,Подольск,РТУ МИРЭА,Институт информационных технологий,мужской,22.0,Химки,Неизвестно,Неизвестно
163823935,158445696,True,9,мужской,22.0,Подольск,РТУ МИРЭА,Институт информационных технологий,женский,22.0,Москва,РТУ МИРЭА,Институт информационных технологий
163823935,174111046,True,13,мужской,22.0,Подольск,РТУ МИРЭА,Институт информационных технологий,женский,22.0,Москва,Неизвестно,Неизвестно
163823935,175100020,True,6,мужской,22.0,Подольск,РТУ МИРЭА,Институт информационных технологий,мужской,22.0,Москва,РТУ МИРЭА,Институт информационных технологий
163823935,203874757,True,0,мужской,22.0,Подольск,РТУ МИРЭА,Институт информационных технологий,мужской,22.0,Москва,Неизвестно,Неизвестно
163823935,210813066,True,3,мужской,22.0,Подольск,РТУ МИРЭА,Институт информационных технологий,мужской,22.0,Москва,РТУ МИРЭА,Неизвестно
163823935,225632479,True,5,мужской,22.0,Подольск,РТУ МИРЭА,Институт информационных технологий,мужской,22.0,Москва,Неизвестно,Неизвестно
163823935,246872239,True,14,мужской,22.0,Подольск,РТУ МИРЭА,Институт информационных технологий,мужской,21.0,Москва,РТУ МИРЭА,Институт информационных технологий
163823935,269388306,True,5,мужской,22.0,Подольск,РТУ МИРЭА,Институт информационных технологий,мужской,22.0,Москва,Неизвестно,Неизвестно
163823935,286877958,True,9,мужской,22.0,Подольск,РТУ МИРЭА,Институт информационных технологий,мужской,22.0,Москва,Неизвестно,Неизвестно
163823935,342243498,True,4,мужской,22.0,Подольск,РТУ МИРЭА,Институт информационных технологий,мужской,22.0,Москва,Неизвестно,Неизвестно
163823935,359178717,True,15,мужской,22.0,Подольск,РТУ МИРЭА,Институт информационных технологий,мужской,22.0,Москва,Неизвестно,Неизвестно
163823935,425382019,True,8,мужской,22.0,Подольск,РТУ МИРЭА,Институт информационных технологий,женский,22.0,Москва,Неизвестно,Неизвестно
163823935,441397508,True,0,мужской,22.0,Подольск,РТУ МИРЭА,Институт информационных технологий,женский,22.0,Москва,Неизвестно,Неизвестно
163823935,442167323,True,0,мужской,22.0,Подольск,РТУ МИРЭА,Институт информационных технологий,мужской,22.0,Москва,Неизвестно,Неизвестно
163823935,662741463,True,13,мужской,22.0,Подольск,РТУ МИРЭА,Институт информационных технологий,мужской,23.0,Москва,РТУ МИРЭА,Институт кибербезопасности и цифровых технологий
381065555,154151541,True,1,мужской,22.0,Москва,РТУ МИРЭА,Неизвестно,мужской,22.0,Химки,Неизвестно,Неизвестно
381065555,225632479,True,1,мужской,22.0,Москва,РТУ МИРЭА,Неизвестно,мужской,22.0,Москва,Неизвестно,Неизвестно
419168599,154151541,True,8,мужской,22.0,Москва,Неизвестно,Неизвестно,мужской,22.0,Химки,Неизвестно,Неизвестно
419168599,191557938,True,0,мужской,22.0,Москва,Неизвестно,Неизвестно,мужской,22.0,Одинцово,Неизвестно,Неизвестно
419168599,254249175,True,6,мужской,22.0,Москва,Неизвестно,Неизвестно,мужской,21.0,Пенза,РТУ МИРЭА,Неизвестно
419168599,283922767,True,0,мужской,22.0,Москва,Неизвестно,Неизвестно,мужской,21.0,Москва,Неизвестно,Неизвестно
419168599,350840991,True,8,мужской,22.0,Москва,Неизвестно,Неизвестно,мужской,22.0,Москва,Неизвестно,Неизвестно
419168599,394100799,True,8,мужской,22.0,Москва,Неизвестно,Неизвестно,мужской,20.0,Москва,РТУ МИРЭА,Институт информационных технологий
419168599,432814093,True,8,мужской,22.0,Москва,Неизвестно,Неизвестно,мужской,22.0,Кизнер (поселок),Неизвестно,Неизвестно
419168599,548550935,True,8,мужской,22.0,Москва,Неизвестно,Неизвестно,мужской,20.0,Москва,РТУ МИРЭА,Институт информационных технологий
419168599,611694763,True,7,мужской,22.0,Москва,Неизвестно,Неизвестно,мужской,21.0,Москва,Неизвестно,Неизвестно
4561245,143677868,True,1,женский,22.0,Химки,Неизвестно,Неизвестно,женский,24.0,Москва,Неизвестно,Неизвестно
4561245,146511992,True,2,женский,22.0,Химки,Неизвестно,Неизвестно,женский,22.0,Москва,МГИМО МИД России,Неизвестно
4561245,154151541,True,3,женский,22.0,Химки,Неизвестно,Неизвестно,мужской,22.0,Химки,Неизвестно,Неизвестно
4561245,221280561,True,2,женский,22.0,Химки,Неизвестно,Неизвестно,женский,22.0,Химки,Неизвестно,Неизвестно
357593443,258814756,True,1,мужской,22.0,Fukuoka,Неизвестно,Неизвестно,мужской,22.0,Москва,Неизвестно,Неизвестно
357593443,481253563,True,1,мужской,22.0,Fukuoka,Неизвестно,Неизвестно,мужской,21.0,Москва,РТУ МИРЭА,Институт информационных технологий
275267938,69110189,True,6,мужской,22.0,Таганрог,Неизвестно,Неизвестно,женский,25.0,Москва,РТУ МИРЭА,Неизвестно
275267938,99138057,True,3,мужской,22.0,Таганрог,Неизвестно,Неизвестно,мужской,40.0,Москва,МГУПИ,Институт высоких технологий
275267938,154151541,True,6,мужской,22.0,Таганрог,Неизвестно,Неизвестно,мужской,22.0,Химки,Неизвестно,Неизвестно
275267938,158445696,True,5,мужской,22.0,Таганрог,Неизвестно,Неизвестно,женский,22.0,Москва,РТУ МИРЭА,Институт информационных технологий
275267938,174111046,True,6,мужской,22.0,Таганрог,Неизвестно,Неизвестно,женский,22.0,Москва,Неизвестно,Неизвестно
275267938,286877958,True,5,мужской,22.0,Таганрог,Неизвестно,Неизвестно,мужской,22.0,Москва,Неизвестно,Неизвестно
275267938,410472515,True,6,мужской,22.0,Таганрог,Неизвестно,Неизвестно,мужской,22.0,Королёв,РТУ МИРЭА,Неизвестно
238444902,154151541,True,4,женский,22.0,Москва,Неизвестно,Неизвестно,мужской,22.0,Химки,Неизвестно,Неизвестно
238444902,171888881,True,1,женский,22.0,Москва,Неизвестно,Неизвестно,мужской,23.0,Одинцово,Неизвестно,Неизвестно
238444902,185888968,True,3,женский,22.0,Москва,Неизвестно,Неизвестно,мужской,22.0,Москва,Неизвестно,Неизвестно
238444902,241984007,True,3,женский,22.0,Москва,Неизвестно,Неизвестно,мужской,56.0,Москва,Неизвестно,Неизвестно
238444902,372566434,True,3,женский,22.0,Москва,Неизвестно,Неизвестно,мужской,22.0,Москва,Неизвестно,Неизвестно
263573863,220291482,True,4,мужской,22.0,Москва,Неизвестно,Неизвестно,мужской,22.0,Москва,РТУ МИРЭА,Институт информационных технологий
263573863,258814756,True,4,мужской,22.0,Москва,Неизвестно,Неизвестно,мужской,22.0,Москва,Неизвестно,Неизвестно
263573863,325462157,True,3,мужской,22.0,Москва,Неизвестно,Неизвестно,мужской,22.0,Москва,Неизвестно,Неизвестно
263573863,338121069,True,3,мужской,22.0,Москва,Неизвестно,Неизвестно,мужской,22.0,Москва,Неизвестно,Неизвестно
263573863,365320601,True,2,мужской,22.0,Москва,Неизвестно,Неизвестно,женский,22.0,Москва,МИРЭА (до 2015),Факультет информационных технологий
567333224,154151541,True,0,мужской,22.0,Москва,Неизвестно,Неизвестно,мужской,22.0,Химки,Неизвестно,Неизвестно
91478379,146511992,True,1,женский,22.0,Paris,Неизвестно,Неизвестно,женский,22.0,Москва,МГИМО МИД России,Неизвестно
91478379,154151541,True,2,женский,22.0,Paris,Неизвестно,Неизвестно,мужской,22.0,Химки,Неизвестно,Неизвестно
91478379,184572109,True,1,женский,22.0,Paris,Неизвестно,Неизвестно,женский,22.0,Москва,Неизвестно,Неизвестно
338121069,130746686,True,2,мужской,22.0,Москва,Неизвестно,Неизвестно,мужской,22.0,Москва,Неизвестно,Неизвестно
338121069,220291482,True,5,мужской,22.0,Москва,Неизвестно,Неизвестно,мужской,22.0,Москва,РТУ МИРЭА,Институт информационных технологий
338121069,258814756,True,6,мужской,22.0,Москва,Неизвестно,Неизвестно,мужской,22.0,Москва,Неизвестно,Неизвестно
338121069,263573863,True,3,мужской,22.0,Москва,Неизвестно,Неизвестно,мужской,22.0,Москва,Неизвестно,Неизвестно
338121069,325462157,True,4,мужской,22.0,Москва,Неизвестно,Неизвестно,мужской,22.0,Москва,Неизвестно,Неизвестно
338121069,435357753,True,2,мужской,22.0,Москва,Неизвестно,Неизвестно,женский,22.0,Москва,РТУ МИРЭА,Институт информационных технологий
338121069,481253563,True,2,мужской,22.0,Москва,Неизвестно,Неизвестно,мужской,21.0,Москва,РТУ МИРЭА,Институт информационных технологий
345307505,154151541,True,0,мужской,22.0,Berlin,Неизвестно,Неизвестно,мужской,22.0,Химки,Неизвестно,Неизвестно
202363248,154151541,True,0,женский,22.0,Рязань,Неизвестно,Неизвестно,мужской,22.0,Химки,Неизвестно,Неизвестно
465363318,50391059,True,2,мужской,22.0,Москва,Неизвестно,Неизвестно,мужской,72.0,Москва,МГУ,Философский
465363318,154151541,True,3,мужской,22.0,Москва,Неизвестно,Неизвестно,мужской,22.0,Химки,Неизвестно,Неизвестно
465363318,255552012,True,1,мужской,22.0,Москва,Неизвестно,Неизвестно,женский,22.0,Москва,"Президентская академия (РАНХиГС, бывш. АНХ)",Неизвестно
465363318,327733536,True,2,мужской,22.0,Москва,Неизвестно,Неизвестно,женский,21.0,Москва,Неизвестно,Неизвестно
337236344,232437875,True,2,мужской,22.0,Москва,Неизвестно,Неизвестно,мужской,21.0,Москва,Неизвестно,Неизвестно
337236344,258814756,True,2,мужской,22.0,Москва,Неизвестно,Неизвестно,мужской,22.0,Москва,Неизвестно,Неизвестно
337236344,481253563,True,2,мужской,22.0,Москва,Неизвестно,Неизвестно,мужской,21.0,Москва,РТУ МИРЭА,Институт информационных технологий
395645310,112120311,True,1,мужской,22.0,Москва,Неизвестно,Неизвестно,мужской,22.0,Москва,Неизвестно,Неизвестно
395645310,154110170,True,1,мужской,22.0,Москва,Неизвестно,Неизвестно,мужской,22.0,Москва,Неизвестно,Неизвестно
395645310,154151541,True,2,мужской,22.0,Москва,Неизвестно,Неизвестно,мужской,22.0,Химки,Неизвестно,Неизвестно
319349113,154151541,True,0,мужской,22.0,Жуковский,Неизвестно,Неизвестно,мужской,22.0,Химки,Неизвестно,Неизвестно
165376388,292134122,True,0,мужской,22.0,Москва,Неизвестно,Неизвестно,мужской,22.0,Москва,Неизвестно,Неизвестно
187140484,154151541,True,0,мужской,22.0,Евпатория,Неизвестно,Неизвестно,мужской,22.0,Химки,Неизвестно,Неизвестно
342077835,258814756,True,1,женский,22.0,Москва,Неизвестно,Неизвестно,мужской,22.0,Москва,Неизвестно,Неизвестно
342077835,306509984,True,0,женский,22.0,Москва,Неизвестно,Неизвестно,мужской,22.0,Москва,Неизвестно,Неизвестно
602757527,154151541,True,2,мужской,26.0,Москва,Неизвестно,Неизвестно,мужской,22.0,Химки,Неизвестно,Неизвестно
602757527,178325795,True,1,мужской,26.0,Москва,Неизвестно,Неизвестно,мужской,22.0,Москва,РТУ МИРЭА,Неизвестно
602757527,246872239,True,1,мужской,26.0,Москва,Неизвестно,Неизвестно,мужской,21.0,Москва,РТУ МИРЭА,Институт информационных технологий
365320601,13480453,True,0,женский,22.0,Москва,МИРЭА (до 2015),Факультет информационных технологий,женский,22.0,Москва,Неизвестно,Неизвестно
365320601,220291482,True,2,женский,22.0,Москва,МИРЭА (до 2015),Факультет информационных технологий,мужской,22.0,Москва,РТУ МИРЭА,Институт информационных технологий
365320601,258814756,True,4,женский,22.0,Москва,МИРЭА (до 2015),Факультет информационных технологий,мужской,22.0,Москва,Неизвестно,Неизвестно
365320601,263573863,True,2,женский,22.0,Москва,МИРЭА (до 2015),Факультет информационных технологий,мужской,22.0,Москва,Неизвестно,Неизвестно
365320601,439146588,True,2,женский,22.0,Москва,МИРЭА (до 2015),Факультет информационных технологий,мужской,22.0,Москва,РТУ МИРЭА,Институт информационных технологий
365320601,481253563,True,2,женский,22.0,Москва,МИРЭА (до 2015),Факультет информационных технологий,мужской,21.0,Москва,РТУ МИРЭА,Институт информационных технологий
220291482,130746686,True,2,мужской,22.0,Москва,РТУ МИРЭА,Институт информационных технологий,мужской,22.0,Москва,Неизвестно,Неизвестно
220291482,258814756,True,6,мужской,22.0,Москва,РТУ МИРЭА,Институт информационных технологий,мужской,22.0,Москва,Неизвестно,Неизвестно
220291482,263573863,True,4,мужской,22.0,Москва,РТУ МИРЭА,Институт информационных технологий,мужской,22.0,Москва,Неизвестно,Неизвестно
220291482,325462157,True,3,мужской,22.0,Москва,РТУ МИРЭА,Институт информационных технологий,мужской,22.0,Москва,Неизвестно,Неизвестно
220291482,338121069,True,5,мужской,22.0,Москва,РТУ МИРЭА,Институт информационных технологий,мужской,22.0,Москва,Неизвестно,Неизвестно
220291482,365320601,True,2,мужской,22.0,Москва,РТУ МИРЭА,Институт информационных технологий,женский,22.0,Москва,МИРЭА (до 2015),Факультет информационных технологий
220291482,435357753,True,2,мужской,22.0,Москва,РТУ МИРЭА,Институт информационных технологий,женский,22.0,Москва,РТУ МИРЭА,Институт информационных технологий
265111970,154151541,True,3,мужской,22.0,Москва,РТУ МИРЭА,Институт информационных технологий,мужской,22.0,Химки,Неизвестно,Неизвестно
265111970,174111046,True,3,мужской,22.0,Москва,РТУ МИРЭА,Институт информационных технологий,женский,22.0,Москва,Неизвестно,Неизвестно
265111970,359178717,True,3,мужской,22.0,Москва,РТУ МИРЭА,Институт информационных технологий,мужской,22.0,Москва,Неизвестно,Неизвестно
265111970,441397508,True,0,мужской,22.0,Москва,РТУ МИРЭА,Институт информационных технологий,женский,22.0,Москва,Неизвестно,Неизвестно
372566434,154151541,True,5,мужской,22.0,Москва,Неизвестно,Неизвестно,мужской,22.0,Химки,Неизвестно,Неизвестно
372566434,185888968,True,4,мужской,22.0,Москва,Неизвестно,Неизвестно,мужской,22.0,Москва,Неизвестно,Неизвестно
372566434,238444902,True,3,мужской,22.0,Москва,Неизвестно,Неизвестно,женский,22.0,Москва,Неизвестно,Неизвестно
372566434,241984007,True,4,мужской,22.0,Москва,Неизвестно,Неизвестно,мужской,56.0,Москва,Неизвестно,Неизвестно
372566434,248922122,True,0,мужской,22.0,Москва,Неизвестно,Неизвестно,мужской,21.0,Москва,Неизвестно,Неизвестно
372566434,273596951,True,3,мужской,22.0,Москва,Неизвестно,Неизвестно,мужской,22.0,Москва,РТУ МИРЭА,Неизвестно
596357542,154151541,True,4,мужской,22.0,Минск,Неизвестно,Неизвестно,мужской,22.0,Химки,Неизвестно,Неизвестно
596357542,221280561,True,3,мужской,22.0,Минск,Неизвестно,Неизвестно,женский,22.0,Химки,Неизвестно,Неизвестно
596357542,221684247,True,2,мужской,22.0,Минск,Неизвестно,Неизвестно,женский,22.0,Москва,Неизвестно,Неизвестно
596357542,466579963,True,3,мужской,22.0,Минск,Неизвестно,Неизвестно,мужской,22.0,Москва,Неизвестно,Неизвестно
596357542,474388963,True,2,мужской,22.0,Минск,Неизвестно,Неизвестно,мужской,22.0,Химки,Неизвестно,Неизвестно
337418663,93944075,True,0,мужской,22.0,Санкт-Петербург,РТУ МИРЭА,Институт информационных технологий,мужской,27.0,Москва,Неизвестно,Неизвестно
337418663,154151541,True,7,мужской,22.0,Санкт-Петербург,РТУ МИРЭА,Институт информационных технологий,мужской,22.0,Химки,Неизвестно,Неизвестно
337418663,177512785,True,2,мужской,22.0,Санкт-Петербург,РТУ МИРЭА,Институт информационных технологий,мужской,22.0,Москва,РТУ МИРЭА,Неизвестно
337418663,178325795,True,2,мужской,22.0,Санкт-Петербург,РТУ МИРЭА,Институт информационных технологий,мужской,22.0,Москва,РТУ МИРЭА,Неизвестно
337418663,185888968,True,2,мужской,22.0,Санкт-Петербург,РТУ МИРЭА,Институт информационных технологий,мужской,22.0,Москва,Неизвестно,Неизвестно
337418663,273596951,True,2,мужской,22.0,Санкт-Петербург,РТУ МИРЭА,Институт информационных технологий,мужской,22.0,Москва,РТУ МИРЭА,Неизвестно
337418663,491446601,True,0,мужской,22.0,Санкт-Петербург,РТУ МИРЭА,Институт информационных технологий,мужской,24.0,Москва,Неизвестно,Неизвестно
337418663,662741463,True,3,мужской,22.0,Санкт-Петербург,РТУ МИРЭА,Институт информационных технологий,мужской,23.0,Москва,РТУ МИРЭА,Институт кибербезопасности и цифровых технологий
80421291,154151541,True,2,женский,22.0,Москва,РХТУ им. Д. И. Менделеева,Факультет химико-фармацевтических технологий и биомедицинских препаратов,мужской,22.0,Химки,Неизвестно,Неизвестно
80421291,221684247,True,2,женский,22.0,Москва,РХТУ им. Д. И. Менделеева,Факультет химико-фармацевтических технологий и биомедицинских препаратов,женский,22.0,Москва,Неизвестно,Неизвестно
69110189,20341211,True,0,женский,25.0,Москва,РТУ МИРЭА,Неизвестно,мужской,22.0,Москва,Неизвестно,Неизвестно
69110189,99138057,True,9,женский,25.0,Москва,РТУ МИРЭА,Неизвестно,мужской,40.0,Москва,МГУПИ,Институт высоких технологий
69110189,112120311,True,10,женский,25.0,Москва,РТУ МИРЭА,Неизвестно,мужской,22.0,Москва,Неизвестно,Неизвестно
69110189,154151541,True,16,женский,25.0,Москва,РТУ МИРЭА,Неизвестно,мужской,22.0,Химки,Неизвестно,Неизвестно
69110189,158445696,True,11,женский,25.0,Москва,РТУ МИРЭА,Неизвестно,женский,22.0,Москва,РТУ МИРЭА,Институт информационных технологий
69110189,171888881,True,6,женский,25.0,Москва,РТУ МИРЭА,Неизвестно,мужской,23.0,Одинцово,Неизвестно,Неизвестно
69110189,174111046,True,13,женский,25.0,Москва,РТУ МИРЭА,Неизвестно,женский,22.0,Москва,Неизвестно,Неизвестно
69110189,203874757,True,0,женский,25.0,Москва,РТУ МИРЭА,Неизвестно,мужской,22.0,Москва,Неизвестно,Неизвестно
69110189,246872239,True,10,женский,25.0,Москва,РТУ МИРЭА,Неизвестно,мужской,21.0,Москва,РТУ МИРЭА,Институт информационных технологий
69110189,275267938,True,6,женский,25.0,Москва,РТУ МИРЭА,Неизвестно,мужской,22.0,Таганрог,Неизвестно,Неизвестно
69110189,286877958,True,11,женский,25.0,Москва,РТУ МИРЭА,Неизвестно,мужской,22.0,Москва,Неизвестно,Неизвестно
69110189,359178717,True,13,женский,25.0,Москва,РТУ МИРЭА,Неизвестно,мужской,22.0,Москва,Неизвестно,Неизвестно
69110189,410472515,True,13,женский,25.0,Москва,РТУ МИРЭА,Неизвестно,мужской,22.0,Королёв,РТУ МИРЭА,Неизвестно
69110189,425382019,True,10,женский,25.0,Москва,РТУ МИРЭА,Неизвестно,женский,22.0,Москва,Неизвестно,Неизвестно
69110189,442167323,True,0,женский,25.0,Москва,РТУ МИРЭА,Неизвестно,мужской,22.0,Москва,Неизвестно,Неизвестно
69110189,612204821,True,9,женский,25.0,Москва,РТУ МИРЭА,Неизвестно,мужской,22.0,Москва,Неизвестно,Неизвестно
69110189,662741463,True,11,женский,25.0,Москва,РТУ МИРЭА,Неизвестно,мужской,23.0,Москва,РТУ МИРЭА,Институт кибербезопасности и цифровых технологий
143677868,4561245,True,1,женский,24.0,Москва,Неизвестно,Неизвестно,женский,22.0,Химки,Неизвестно,Неизвестно
143677868,50391059,True,2,женский,24.0,Москва,Неизвестно,Неизвестно,мужской,72.0,Москва,МГУ,Философский
143677868,154151541,True,5,женский,24.0,Москва,Неизвестно,Неизвестно,мужской,22.0,Химки,Неизвестно,Неизвестно
143677868,184572109,True,1,женский,24.0,Москва,Неизвестно,Неизвестно,женский,22.0,Москва,Неизвестно,Неизвестно
143677868,272517123,True,2,женский,24.0,Москва,Неизвестно,Неизвестно,женский,23.0,Химки,РХТУ им. Д. И. Менделеева,Неизвестно
143677868,457226450,True,1,женский,24.0,Москва,Неизвестно,Неизвестно,женский,22.0,Москва,Неизвестно,Неизвестно
209508780,154151541,True,6,женский,22.0,Москва,Неизвестно,Неизвестно,мужской,22.0,Химки,Неизвестно,Неизвестно
209508780,221280561,True,4,женский,22.0,Москва,Неизвестно,Неизвестно,женский,22.0,Химки,Неизвестно,Неизвестно
209508780,221684247,True,2,женский,22.0,Москва,Неизвестно,Неизвестно,женский,22.0,Москва,Неизвестно,Неизвестно
209508780,255552012,True,3,женский,22.0,Москва,Неизвестно,Неизвестно,женский,22.0,Москва,"Президентская академия (РАНХиГС, бывш. АНХ)",Неизвестно
209508780,342258015,True,0,женский,22.0,Москва,Неизвестно,Неизвестно,мужской,22.0,Химки,Неизвестно,Неизвестно
209508780,542173460,True,0,женский,22.0,Москва,Неизвестно,Неизвестно,женский,22.0,Москва,Неизвестно,Неизвестно
395426263,154151541,True,1,мужской,22.0,Москва,Неизвестно,Неизвестно,мужской,22.0,Химки,Неизвестно,Неизвестно
395426263,457226450,True,1,мужской,22.0,Москва,Неизвестно,Неизвестно,женский,22.0,Москва,Неизвестно,Неизвестно
662741463,20341211,True,0,мужской,23.0,Москва,РТУ МИРЭА,Институт кибербезопасности и цифровых технологий,мужской,22.0,Москва,Неизвестно,Неизвестно
662741463,69110189,True,11,мужской,23.0,Москва,РТУ МИРЭА,Институт кибербезопасности и цифровых технологий,женский,25.0,Москва,РТУ МИРЭА,Неизвестно
662741463,93944075,True,0,мужской,23.0,Москва,РТУ МИРЭА,Институт кибербезопасности и цифровых технологий,мужской,27.0,Москва,Неизвестно,Неизвестно
662741463,99138057,True,10,мужской,23.0,Москва,РТУ МИРЭА,Институт кибербезопасности и цифровых технологий,мужской,40.0,Москва,МГУПИ,Институт высоких технологий
662741463,112120311,True,8,мужской,23.0,Москва,РТУ МИРЭА,Институт кибербезопасности и цифровых технологий,мужской,22.0,Москва,Неизвестно,Неизвестно
662741463,154151541,True,23,мужской,23.0,Москва,РТУ МИРЭА,Институт кибербезопасности и цифровых технологий,мужской,22.0,Химки,Неизвестно,Неизвестно
662741463,163823935,True,13,мужской,23.0,Москва,РТУ МИРЭА,Институт кибербезопасности и цифровых технологий,мужской,22.0,Подольск,РТУ МИРЭА,Институт информационных технологий
662741463,171888881,True,5,мужской,23.0,Москва,РТУ МИРЭА,Институт кибербезопасности и цифровых технологий,мужской,23.0,Одинцово,Неизвестно,Неизвестно
662741463,174111046,True,11,мужской,23.0,Москва,РТУ МИРЭА,Институт кибербезопасности и цифровых технологий,женский,22.0,Москва,Неизвестно,Неизвестно
662741463,175100020,True,6,мужской,23.0,Москва,РТУ МИРЭА,Институт кибербезопасности и цифровых технологий,мужской,22.0,Москва,РТУ МИРЭА,Институт информационных технологий
662741463,177512785,True,2,мужской,23.0,Москва,РТУ МИРЭА,Институт кибербезопасности и цифровых технологий,мужской,22.0,Москва,РТУ МИРЭА,Неизвестно
662741463,198752426,True,1,мужской,23.0,Москва,РТУ МИРЭА,Институт кибербезопасности и цифровых технологий,женский,22.0,Toronto,Неизвестно,Неизвестно
662741463,225632479,True,4,мужской,23.0,Москва,РТУ МИРЭА,Институт кибербезопасности и цифровых технологий,мужской,22.0,Москва,Неизвестно,Неизвестно
662741463,246872239,True,12,мужской,23.0,Москва,РТУ МИРЭА,Институт кибербезопасности и цифровых технологий,мужской,21.0,Москва,РТУ МИРЭА,Институт информационных технологий
662741463,248922122,True,0,мужской,23.0,Москва,РТУ МИРЭА,Институт кибербезопасности и цифровых технологий,мужской,21.0,Москва,Неизвестно,Неизвестно
662741463,269388306,True,4,мужской,23.0,Москва,РТУ МИРЭА,Институт кибербезопасности и цифровых технологий,мужской,22.0,Москва,Неизвестно,Неизвестно
662741463,337418663,True,3,мужской,23.0,Москва,РТУ МИРЭА,Институт кибербезопасности и цифровых технологий,мужской,22.0,Санкт-Петербург,РТУ МИРЭА,Институт информационных технологий
662741463,342243498,True,6,мужской,23.0,Москва,РТУ МИРЭА,Институт кибербезопасности и цифровых технологий,мужской,22.0,Москва,Неизвестно,Неизвестно
662741463,359178717,True,13,мужской,23.0,Москва,РТУ МИРЭА,Институт кибербезопасности и цифровых технологий,мужской,22.0,Москва,Неизвестно,Неизвестно
662741463,410472515,True,8,мужской,23.0,Москва,РТУ МИРЭА,Институт кибербезопасности и цифровых технологий,мужской,22.0,Королёв,РТУ МИРЭА,Неизвестно
662741463,441397508,True,0,мужской,23.0,Москва,РТУ МИРЭА,Институт кибербезопасности и цифровых технологий,женский,22.0,Москва,Неизвестно,Неизвестно
662741463,442167323,True,0,мужской,23.0,Москва,РТУ МИРЭА,Институт кибербезопасности и цифровых технологий,мужской,22.0,Москва,Неизвестно,Неизвестно
662741463,548550935,True,1,мужской,23.0,Москва,РТУ МИРЭА,Институт кибербезопасности и цифровых технологий,мужской,20.0,Москва,РТУ МИРЭА,Институт информационных технологий
662741463,612204821,True,6,мужской,23.0,Москва,РТУ МИРЭА,Институт кибербезопасности и цифровых технологий,мужской,22.0,Москва,Неизвестно,Неизвестно
558275035,154151541,True,1,мужской,23.0,Москва,Неизвестно,Неизвестно,мужской,22.0,Химки,Неизвестно,Неизвестно
558275035,350840991,True,1,мужской,23.0,Москва,Неизвестно,Неизвестно,мужской,22.0,Москва,Неизвестно,Неизвестно
359178717,20341211,True,0,мужской,22.0,Москва,Неизвестно,Неизвестно,мужской,22.0,Москва,Неизвестно,Неизвестно
359178717,69110189,True,13,мужской,22.0,Москва,Неизвестно,Неизвестно,женский,25.0,Москва,РТУ МИРЭА,Неизвестно
359178717,99138057,True,8,мужской,22.0,Москва,Неизвестно,Неизвестно,мужской,40.0,Москва,МГУПИ,Институт высоких технологий
359178717,112120311,True,11,мужской,22.0,Москва,Неизвестно,Неизвестно,мужской,22.0,Москва,Неизвестно,Неизвестно
359178717,154151541,True,19,мужской,22.0,Москва,Неизвестно,Неизвестно,мужской,22.0,Химки,Неизвестно,Неизвестно
359178717,158445696,True,12,мужской,22.0,Москва,Неизвестно,Неизвестно,женский,22.0,Москва,РТУ МИРЭА,Институт информационных технологий
359178717,163823935,True,15,мужской,22.0,Москва,Неизвестно,Неизвестно,мужской,22.0,Подольск,РТУ МИРЭА,Институт информационных технологий
359178717,174111046,True,16,мужской,22.0,Москва,Неизвестно,Неизвестно,женский,22.0,Москва,Неизвестно,Неизвестно
359178717,175100020,True,6,мужской,22.0,Москва,Неизвестно,Неизвестно,мужской,22.0,Москва,РТУ МИРЭА,Институт информационных технологий
359178717,203874757,True,0,мужской,22.0,Москва,Неизвестно,Неизвестно,мужской,22.0,Москва,Неизвестно,Неизвестно
359178717,210813066,True,2,мужской,22.0,Москва,Неизвестно,Неизвестно,мужской,22.0,Москва,РТУ МИРЭА,Неизвестно
359178717,246872239,True,14,мужской,22.0,Москва,Неизвестно,Неизвестно,мужской,21.0,Москва,РТУ МИРЭА,Институт информационных технологий
359178717,265111970,True,3,мужской,22.0,Москва,Неизвестно,Неизвестно,мужской,22.0,Москва,РТУ МИРЭА,Институт информационных технологий
359178717,269388306,True,5,мужской,22.0,Москва,Неизвестно,Неизвестно,мужской,22.0,Москва,Неизвестно,Неизвестно
359178717,286877958,True,11,мужской,22.0,Москва,Неизвестно,Неизвестно,мужской,22.0,Москва,Неизвестно,Неизвестно
359178717,410472515,True,11,мужской,22.0,Москва,Неизвестно,Неизвестно,мужской,22.0,Королёв,РТУ МИРЭА,Неизвестно
359178717,425382019,True,11,мужской,22.0,Москва,Неизвестно,Неизвестно,женский,22.0,Москва,Неизвестно,Неизвестно
359178717,441397508,True,0,мужской,22.0,Москва,Неизвестно,Неизвестно,женский,22.0,Москва,Неизвестно,Неизвестно
359178717,612204821,True,9,мужской,22.0,Москва,Неизвестно,Неизвестно,мужской,22.0,Москва,Неизвестно,Неизвестно
359178717,662741463,True,13,мужской,22.0,Москва,Неизвестно,Неизвестно,мужской,23.0,Москва,РТУ МИРЭА,Институт кибербезопасности и цифровых технологий
474388963,154151541,True,4,мужской,22.0,Химки,Неизвестно,Неизвестно,мужской,22.0,Химки,Неизвестно,Неизвестно
474388963,174135567,True,2,мужской,22.0,Химки,Неизвестно,Неизвестно,мужской,23.0,Ōfunato,Неизвестно,Неизвестно
474388963,230631594,True,2,мужской,22.0,Химки,Неизвестно,Неизвестно,мужской,22.0,Химки,Неизвестно,Неизвестно
474388963,466579963,True,4,мужской,22.0,Химки,Неизвестно,Неизвестно,мужской,22.0,Москва,Неизвестно,Неизвестно
474388963,596357542,True,2,мужской,22.0,Химки,Неизвестно,Неизвестно,мужской,22.0,Минск,Неизвестно,Неизвестно
363088358,50391059,True,3,женский,22.0,Москва,Неизвестно,Неизвестно,мужской,72.0,Москва,МГУ,Философский
363088358,154151541,True,3,женский,22.0,Москва,Неизвестно,Неизвестно,мужской,22.0,Химки,Неизвестно,Неизвестно
363088358,227234115,True,3,женский,22.0,Москва,Неизвестно,Неизвестно,мужской,22.0,Москва,МГТУ им. Н. Э. Баумана (бывш. МВТУ),Неизвестно
363088358,230631594,True,3,женский,22.0,Москва,Неизвестно,Неизвестно,мужской,22.0,Химки,Неизвестно,Неизвестно
195211764,154151541,True,0,мужской,22.0,Москва,Неизвестно,Неизвестно,мужской,22.0,Химки,Неизвестно,Неизвестно
112120311,20341211,True,0,мужской,22.0,Москва,Неизвестно,Неизвестно,мужской,22.0,Москва,Неизвестно,Неизвестно
112120311,69110189,True,10,мужской,22.0,Москва,Неизвестно,Неизвестно,женский,25.0,Москва,РТУ МИРЭА,Неизвестно
112120311,99138057,True,8,мужской,22.0,Москва,Неизвестно,Неизвестно,мужской,40.0,Москва,МГУПИ,Институт высоких технологий
112120311,154151541,True,12,мужской,22.0,Москва,Неизвестно,Неизвестно,мужской,22.0,Химки,Неизвестно,Неизвестно
112120311,158445696,True,8,мужской,22.0,Москва,Неизвестно,Неизвестно,женский,22.0,Москва,РТУ МИРЭА,Институт информационных технологий
112120311,163823935,True,10,мужской,22.0,Москва,Неизвестно,Неизвестно,мужской,22.0,Подольск,РТУ МИРЭА,Институт информационных технологий
112120311,174111046,True,11,мужской,22.0,Москва,Неизвестно,Неизвестно,женский,22.0,Москва,Неизвестно,Неизвестно
112120311,203874757,True,0,мужской,22.0,Москва,Неизвестно,Неизвестно,мужской,22.0,Москва,Неизвестно,Неизвестно
112120311,246872239,True,11,мужской,22.0,Москва,Неизвестно,Неизвестно,мужской,21.0,Москва,РТУ МИРЭА,Институт информационных технологий
112120311,286877958,True,8,мужской,22.0,Москва,Неизвестно,Неизвестно,мужской,22.0,Москва,Неизвестно,Неизвестно
112120311,359178717,True,11,мужской,22.0,Москва,Неизвестно,Неизвестно,мужской,22.0,Москва,Неизвестно,Неизвестно
112120311,395645310,True,1,мужской,22.0,Москва,Неизвестно,Неизвестно,мужской,22.0,Москва,Неизвестно,Неизвестно
112120311,662741463,True,8,мужской,22.0,Москва,Неизвестно,Неизвестно,мужской,23.0,Москва,РТУ МИРЭА,Институт кибербезопасности и цифровых технологий
466579963,87224583,True,1,мужской,22.0,Москва,Неизвестно,Неизвестно,мужской,22.0,Химки,Неизвестно,Неизвестно
466579963,154151541,True,7,мужской,22.0,Москва,Неизвестно,Неизвестно,мужской,22.0,Химки,Неизвестно,Неизвестно
466579963,174135567,True,2,мужской,22.0,Москва,Неизвестно,Неизвестно,мужской,23.0,Ōfunato,Неизвестно,Неизвестно
466579963,221280561,True,2,мужской,22.0,Москва,Неизвестно,Неизвестно,женский,22.0,Химки,Неизвестно,Неизвестно
466579963,230631594,True,2,мужской,22.0,Москва,Неизвестно,Неизвестно,мужской,22.0,Химки,Неизвестно,Неизвестно
466579963,457226450,True,1,мужской,22.0,Москва,Неизвестно,Неизвестно,женский,22.0,Москва,Неизвестно,Неизвестно
466579963,474388963,True,4,мужской,22.0,Москва,Неизвестно,Неизвестно,мужской,22.0,Химки,Неизвестно,Неизвестно
466579963,596357542,True,3,мужской,22.0,Москва,Неизвестно,Неизвестно,мужской,22.0,Минск,Неизвестно,Неизвестно
241984007,154151541,True,4,мужской,56.0,Москва,Неизвестно,Неизвестно,мужской,22.0,Химки,Неизвестно,Неизвестно
241984007,185888968,True,4,мужской,56.0,Москва,Неизвестно,Неизвестно,мужской,22.0,Москва,Неизвестно,Неизвестно
241984007,238444902,True,3,мужской,56.0,Москва,Неизвестно,Неизвестно,женский,22.0,Москва,Неизвестно,Неизвестно
241984007,273596951,True,3,мужской,56.0,Москва,Неизвестно,Неизвестно,мужской,22.0,Москва,РТУ МИРЭА,Неизвестно
241984007,372566434,True,4,мужской,56.0,Москва,Неизвестно,Неизвестно,мужской,22.0,Москва,Неизвестно,Неизвестно
99138057,20341211,True,0,мужской,40.0,Москва,МГУПИ,Институт высоких технологий,мужской,22.0,Москва,Неизвестно,Неизвестно
99138057,69110189,True,9,мужской,40.0,Москва,МГУПИ,Институт высоких технологий,женский,25.0,Москва,РТУ МИРЭА,Неизвестно
99138057,112120311,True,8,мужской,40.0,Москва,МГУПИ,Институт высоких технологий,мужской,22.0,Москва,Неизвестно,Неизвестно
99138057,154151541,True,11,мужской,40.0,Москва,МГУПИ,Институт высоких технологий,мужской,22.0,Химки,Неизвестно,Неизвестно
99138057,163823935,True,8,мужской,40.0,Москва,МГУПИ,Институт высоких технологий,мужской,22.0,Подольск,РТУ МИРЭА,Институт информационных технологий
99138057,171888881,True,3,мужской,40.0,Москва,МГУПИ,Институт высоких технологий,мужской,23.0,Одинцово,Неизвестно,Неизвестно
99138057,174111046,True,9,мужской,40.0,Москва,МГУПИ,Институт высоких технологий,женский,22.0,Москва,Неизвестно,Неизвестно
99138057,203874757,True,0,мужской,40.0,Москва,МГУПИ,Институт высоких технологий,мужской,22.0,Москва,Неизвестно,Неизвестно
99138057,225632479,True,2,мужской,40.0,Москва,МГУПИ,Институт высоких технологий,мужской,22.0,Москва,Неизвестно,Неизвестно
99138057,246872239,True,8,мужской,40.0,Москва,МГУПИ,Институт высоких технологий,мужской,21.0,Москва,РТУ МИРЭА,Институт информационных технологий
99138057,275267938,True,3,мужской,40.0,Москва,МГУПИ,Институт высоких технологий,мужской,22.0,Таганрог,Неизвестно,Неизвестно
99138057,359178717,True,8,мужской,40.0,Москва,МГУПИ,Институт высоких технологий,мужской,22.0,Москва,Неизвестно,Неизвестно
548864523,154151541,True,0,женский,20.0,Москва,Неизвестно,Неизвестно,мужской,22.0,Химки,Неизвестно,Неизвестно
255552012,146511992,True,2,женский,22.0,Москва,"Президентская академия (РАНХиГС, бывш. АНХ)",Неизвестно,женский,22.0,Москва,МГИМО МИД России,Неизвестно
255552012,154151541,True,6,женский,22.0,Москва,"Президентская академия (РАНХиГС, бывш. АНХ)",Неизвестно,мужской,22.0,Химки,Неизвестно,Неизвестно
255552012,184572109,True,2,женский,22.0,Москва,"Президентская академия (РАНХиГС, бывш. АНХ)",Неизвестно,женский,22.0,Москва,Неизвестно,Неизвестно
255552012,209508780,True,3,женский,22.0,Москва,"Президентская академия (РАНХиГС, бывш. АНХ)",Неизвестно,женский,22.0,Москва,Неизвестно,Неизвестно
255552012,465363318,True,1,женский,22.0,Москва,"Президентская академия (РАНХиГС, бывш. АНХ)",Неизвестно,мужской,22.0,Москва,Неизвестно,Неизвестно
255552012,542173460,True,0,женский,22.0,Москва,"Президентская академия (РАНХиГС, бывш. АНХ)",Неизвестно,женский,22.0,Москва,Неизвестно,Неизвестно
269388306,154151541,True,5,мужской,22.0,Москва,Неизвестно,Неизвестно,мужской,22.0,Химки,Неизвестно,Неизвестно
269388306,158445696,True,4,мужской,22.0,Москва,Неизвестно,Неизвестно,женский,22.0,Москва,РТУ МИРЭА,Институт информационных технологий
269388306,163823935,True,5,мужской,22.0,Москва,Неизвестно,Неизвестно,мужской,22.0,Подольск,РТУ МИРЭА,Институт информационных технологий
269388306,246872239,True,5,мужской,22.0,Москва,Неизвестно,Неизвестно,мужской,21.0,Москва,РТУ МИРЭА,Институт информационных технологий
269388306,359178717,True,5,мужской,22.0,Москва,Неизвестно,Неизвестно,мужской,22.0,Москва,Неизвестно,Неизвестно
269388306,662741463,True,4,мужской,22.0,Москва,Неизвестно,Неизвестно,мужской,23.0,Москва,РТУ МИРЭА,Институт кибербезопасности и цифровых технологий
221684247,80421291,True,2,женский,22.0,Москва,Неизвестно,Неизвестно,женский,22.0,Москва,РХТУ им. Д. И. Менделеева,Факультет химико-фармацевтических технологий и биомедицинских препаратов
221684247,146511992,True,2,женский,22.0,Москва,Неизвестно,Неизвестно,женский,22.0,Москва,МГИМО МИД России,Неизвестно
221684247,154151541,True,7,женский,22.0,Москва,Неизвестно,Неизвестно,мужской,22.0,Химки,Неизвестно,Неизвестно
221684247,209508780,True,2,женский,22.0,Москва,Неизвестно,Неизвестно,женский,22.0,Москва,Неизвестно,Неизвестно
221684247,221167855,True,0,женский,22.0,Москва,Неизвестно,Неизвестно,женский,22.0,Москва,Неизвестно,Неизвестно
221684247,221280561,True,4,женский,22.0,Москва,Неизвестно,Неизвестно,женский,22.0,Химки,Неизвестно,Неизвестно
221684247,596357542,True,2,женский,22.0,Москва,Неизвестно,Неизвестно,мужской,22.0,Минск,Неизвестно,Неизвестно
273596951,154151541,True,6,мужской,22.0,Москва,РТУ МИРЭА,Неизвестно,мужской,22.0,Химки,Неизвестно,Неизвестно
273596951,185888968,True,6,мужской,22.0,Москва,РТУ МИРЭА,Неизвестно,мужской,22.0,Москва,Неизвестно,Неизвестно
273596951,241984007,True,3,мужской,22.0,Москва,РТУ МИРЭА,Неизвестно,мужской,56.0,Москва,Неизвестно,Неизвестно
273596951,337418663,True,2,мужской,22.0,Москва,РТУ МИРЭА,Неизвестно,мужской,22.0,Санкт-Петербург,РТУ МИРЭА,Институт информационных технологий
273596951,342243498,True,2,мужской,22.0,Москва,РТУ МИРЭА,Неизвестно,мужской,22.0,Москва,Неизвестно,Неизвестно
273596951,372566434,True,3,мужской,22.0,Москва,РТУ МИРЭА,Неизвестно,мужской,22.0,Москва,Неизвестно,Неизвестно
273596951,505204903,True,2,мужской,22.0,Москва,РТУ МИРЭА,Неизвестно,мужской,22.0,Москва,Неизвестно,Неизвестно
387143718,241984007,False,1,мужской,22.0,Москва,Неизвестно,Неизвестно,мужской,56.0,Москва,Неизвестно,Неизвестно
387143718,432814093,False,1,мужской,22.0,Москва,Неизвестно,Неизвестно,мужской,22.0,Кизнер (поселок),Неизвестно,Неизвестно
387143718,220291482,False,0,мужской,22.0,Москва,Неизвестно,Неизвестно,мужской,22.0,Москва,РТУ МИРЭА,Институт информационных технологий
254249175,357593443,False,0,мужской,21.0,Пенза,РТУ МИРЭА,Неизвестно,мужской,22.0,Fukuoka,Неизвестно,Неизвестно
254249175,178325795,False,1,мужской,21.0,Пенза,РТУ МИРЭА,Неизвестно,мужской,22.0,Москва,РТУ МИРЭА,Неизвестно
254249175,174135567,False,1,мужской,21.0,Пенза,РТУ МИРЭА,Неизвестно,мужской,23.0,Ōfunato,Неизвестно,Неизвестно
342258015,306509984,False,0,мужской,22.0,Химки,Неизвестно,Неизвестно,мужской,22.0,Москва,Неизвестно,Неизвестно
342258015,372566434,False,0,мужской,22.0,Химки,Неизвестно,Неизвестно,мужской,22.0,Москва,Неизвестно,Неизвестно
342258015,361386011,False,0,мужской,22.0,Химки,Неизвестно,Неизвестно,мужской,22.0,Москва,Неизвестно,Неизвестно
238444902,143677868,False,1,женский,22.0,Москва,Неизвестно,Неизвестно,женский,24.0,Москва,Неизвестно,Неизвестно
238444902,272517123,False,1,женский,22.0,Москва,Неизвестно,Неизвестно,женский,23.0,Химки,РХТУ им. Д. И. Менделеева,Неизвестно
238444902,527431797,False,0,женский,22.0,Москва,Неизвестно,Неизвестно,мужской,22.0,Москва,Неизвестно,Неизвестно
263573863,112120311,False,0,мужской,22.0,Москва,Неизвестно,Неизвестно,мужской,22.0,Москва,Неизвестно,Неизвестно
263573863,327733536,False,0,мужской,22.0,Москва,Неизвестно,Неизвестно,женский,21.0,Москва,Неизвестно,Неизвестно
263573863,265111970,False,0,мужской,22.0,Москва,Неизвестно,Неизвестно,мужской,22.0,Москва,РТУ МИРЭА,Институт информационных технологий
232437875,195211764,False,0,мужской,21.0,Москва,Неизвестно,Неизвестно,мужской,22.0,Москва,Неизвестно,Неизвестно
232437875,432814093,False,0,мужской,21.0,Москва,Неизвестно,Неизвестно,мужской,22.0,Кизнер (поселок),Неизвестно,Неизвестно
232437875,330856466,False,0,мужской,21.0,Москва,Неизвестно,Неизвестно,мужской,22.0,Москва,Неизвестно,Неизвестно
225632479,4561245,False,1,мужской,22.0,Москва,Неизвестно,Неизвестно,женский,22.0,Химки,Неизвестно,Неизвестно
225632479,327733536,False,1,мужской,22.0,Москва,Неизвестно,Неизвестно,женский,21.0,Москва,Неизвестно,Неизвестно
225632479,602757527,False,1,мужской,22.0,Москва,Неизвестно,Неизвестно,мужской,26.0,Москва,Неизвестно,Неизвестно
432814093,432150818,False,1,мужской,22.0,Кизнер (поселок),Неизвестно,Неизвестно,мужской,22.0,Москва,МГТУ им. Н. Э. Баумана (бывш. МВТУ),Неизвестно
432814093,342258015,False,0,мужской,22.0,Кизнер (поселок),Неизвестно,Неизвестно,мужской,22.0,Химки,Неизвестно,Неизвестно
432814093,413446243,False,0,мужской,22.0,Кизнер (поселок),Неизвестно,Неизвестно,мужской,53.0,Москва,Неизвестно,Неизвестно
527431797,558275035,False,0,мужской,22.0,Москва,Неизвестно,Неизвестно,мужской,23.0,Москва,Неизвестно,Неизвестно
527431797,442167323,False,0,мужской,22.0,Москва,Неизвестно,Неизвестно,мужской,22.0,Москва,Неизвестно,Неизвестно
527431797,220291482,False,0,мужской,22.0,Москва,Неизвестно,Неизвестно,мужской,22.0,Москва,РТУ МИРЭА,Институт информационных технологий
272517123,325462157,False,0,женский,23.0,Химки,РХТУ им. Д. И. Менделеева,Неизвестно,мужской,22.0,Москва,Неизвестно,Неизвестно
272517123,381065555,False,1,женский,23.0,Химки,РХТУ им. Д. И. Менделеева,Неизвестно,мужской,22.0,Москва,РТУ МИРЭА,Неизвестно
272517123,442167323,False,0,женский,23.0,Химки,РХТУ им. Д. И. Менделеева,Неизвестно,мужской,22.0,Москва,Неизвестно,Неизвестно
185888968,579510402,False,1,мужской,22.0,Москва,Неизвестно,Неизвестно,мужской,19.0,Москва,Неизвестно,Неизвестно
185888968,112120311,False,1,мужской,22.0,Москва,Неизвестно,Неизвестно,мужской,22.0,Москва,Неизвестно,Неизвестно
185888968,187140484,False,1,мужской,22.0,Москва,Неизвестно,Неизвестно,мужской,22.0,Евпатория,Неизвестно,Неизвестно
258814756,472328693,False,0,мужской,22.0,Москва,Неизвестно,Неизвестно,мужской,27.0,Санкт-Петербург,Неизвестно,Неизвестно
258814756,410472515,False,0,мужской,22.0,Москва,Неизвестно,Неизвестно,мужской,22.0,Королёв,РТУ МИРЭА,Неизвестно
258814756,363088358,False,0,мужской,22.0,Москва,Неизвестно,Неизвестно,женский,22.0,Москва,Неизвестно,Неизвестно
20341211,221280561,False,0,мужской,22.0,Москва,Неизвестно,Неизвестно,женский,22.0,Химки,Неизвестно,Неизвестно
20341211,258814756,False,0,мужской,22.0,Москва,Неизвестно,Неизвестно,мужской,22.0,Москва,Неизвестно,Неизвестно
20341211,457226450,False,0,мужской,22.0,Москва,Неизвестно,Неизвестно,женский,22.0,Москва,Неизвестно,Неизвестно
439146588,491446601,False,0,мужской,22.0,Москва,РТУ МИРЭА,Институт информационных технологий,мужской,24.0,Москва,Неизвестно,Неизвестно
439146588,276400143,False,0,мужской,22.0,Москва,РТУ МИРЭА,Институт информационных технологий,мужской,21.0,Москва,Неизвестно,Неизвестно
439146588,187140484,False,0,мужской,22.0,Москва,РТУ МИРЭА,Институт информационных технологий,мужской,22.0,Евпатория,Неизвестно,Неизвестно
270809295,441397508,False,0,мужской,19.0,Москва,Неизвестно,Неизвестно,женский,22.0,Москва,Неизвестно,Неизвестно
270809295,177512785,False,0,мужской,19.0,Москва,Неизвестно,Неизвестно,мужской,22.0,Москва,РТУ МИРЭА,Неизвестно
270809295,465363318,False,0,мужской,19.0,Москва,Неизвестно,Неизвестно,мужской,22.0,Москва,Неизвестно,Неизвестно
345307505,226597074,False,0,мужской,22.0,Berlin,Неизвестно,Неизвестно,мужской,21.0,Москва,Неизвестно,Неизвестно
345307505,171888881,False,1,мужской,22.0,Berlin,Неизвестно,Неизвестно,мужской,23.0,Одинцово,Неизвестно,Неизвестно
345307505,99138057,False,1,мужской,22.0,Berlin,Неизвестно,Неизвестно,мужской,40.0,Москва,МГУПИ,Институт высоких технологий
359178717,818872577,False,0,мужской,22.0,Москва,Неизвестно,Неизвестно,женский,22.0,Москва,Неизвестно,Неизвестно
359178717,548550935,False,2,мужской,22.0,Москва,Неизвестно,Неизвестно,мужской,20.0,Москва,РТУ МИРЭА,Институт информационных технологий
359178717,209508780,False,1,мужской,22.0,Москва,Неизвестно,Неизвестно,женский,22.0,Москва,Неизвестно,Неизвестно
69110189,248922122,False,0,женский,25.0,Москва,РТУ МИРЭА,Неизвестно,мужской,21.0,Москва,Неизвестно,Неизвестно
69110189,80421291,False,1,женский,25.0,Москва,РТУ МИРЭА,Неизвестно,женский,22.0,Москва,РХТУ им. Д. И. Менделеева,Факультет химико-фармацевтических технологий и биомедицинских препаратов
69110189,426371293,False,1,женский,25.0,Москва,РТУ МИРЭА,Неизвестно,мужской,22.0,Москва,Неизвестно,Неизвестно
99138057,93944075,False,0,мужской,40.0,Москва,МГУПИ,Институт высоких технологий,мужской,27.0,Москва,Неизвестно,Неизвестно
99138057,49113389,False,1,мужской,40.0,Москва,МГУПИ,Институт высоких технологий,мужской,22.0,Москва,Неизвестно,Неизвестно
99138057,359942285,False,1,мужской,40.0,Москва,МГУПИ,Институт высоких технологий,мужской,21.0,Москва,РТУ МИРЭА,Институт информационных технологий
394100799,282323463,False,0,мужской,20.0,Москва,РТУ МИРЭА,Институт информационных технологий,мужской,22.0,Москва,Неизвестно,Неизвестно
394100799,187140484,False,1,мужской,20.0,Москва,РТУ МИРЭА,Институт информационных технологий,мужской,22.0,Евпатория,Неизвестно,Неизвестно
394100799,125354026,False,1,мужской,20.0,Москва,РТУ МИРЭА,Институт информационных технологий,мужской,22.0,Санкт-Петербург,Неизвестно,Неизвестно
209508780,292134122,False,0,женский,22.0,Москва,Неизвестно,Неизвестно,мужской,22.0,Москва,Неизвестно,Неизвестно
209508780,202363248,False,1,женский,22.0,Москва,Неизвестно,Неизвестно,женский,22.0,Рязань,Неизвестно,Неизвестно
209508780,425382019,False,1,женский,22.0,Москва,Неизвестно,Неизвестно,женский,22.0,Москва,Неизвестно,Неизвестно
441397508,426371293,False,0,женский,22.0,Москва,Неизвестно,Неизвестно,мужской,22.0,Москва,Неизвестно,Неизвестно
441397508,99138057,False,0,женский,22.0,Москва,Неизвестно,Неизвестно,мужской,40.0,Москва,МГУПИ,Институт высоких технологий
441397508,165376388,False,0,женский,22.0,Москва,Неизвестно,Неизвестно,мужской,22.0,Москва,Неизвестно,Неизвестно
611694763,584995001,False,0,мужской,21.0,Москва,Неизвестно,Неизвестно,мужской,22.0,Подольск,Неизвестно,Неизвестно
611694763,395645310,False,1,мужской,21.0,Москва,Неизвестно,Неизвестно,мужской,22.0,Москва,Неизвестно,Неизвестно
611694763,165376388,False,0,мужской,21.0,Москва,Неизвестно,Неизвестно,мужской,22.0,Москва,Неизвестно,Неизвестно
361386011,275267938,False,1,мужской,22.0,Москва,Неизвестно,Неизвестно,мужской,22.0,Таганрог,Неизвестно,Неизвестно
361386011,168265890,False,0,мужской,22.0,Москва,Неизвестно,Неизвестно,мужской,22.0,Москва,Неизвестно,Неизвестно
361386011,818872577,False,0,мужской,22.0,Москва,Неизвестно,Неизвестно,женский,22.0,Москва,Неизвестно,Неизвестно
80421291,584995001,False,0,женский,22.0,Москва,РХТУ им. Д. И. Менделеева,Факультет химико-фармацевтических технологий и биомедицинских препаратов,мужской,22.0,Подольск,Неизвестно,Неизвестно
80421291,381065555,False,1,женский,22.0,Москва,РХТУ им. Д. И. Менделеева,Факультет химико-фармацевтических технологий и биомедицинских препаратов,мужской,22.0,Москва,РТУ МИРЭА,Неизвестно
80421291,658702663,False,0,женский,22.0,Москва,РХТУ им. Д. И. Менделеева,Факультет химико-фармацевтических технологий и биомедицинских препаратов,мужской,22.0,Москва,Неизвестно,Неизвестно
112120311,345307505,False,1,мужской,22.0,Москва,Неизвестно,Неизвестно,мужской,22.0,Berlin,Неизвестно,Неизвестно
112120311,387516654,False,1,мужской,22.0,Москва,Неизвестно,Неизвестно,мужской,20.0,Москва,Неизвестно,Неизвестно
112120311,527431797,False,0,мужской,22.0,Москва,Неизвестно,Неизвестно,мужской,22.0,Москва,Неизвестно,Неизвестно
365320601,248922122,False,0,женский,22.0,Москва,МИРЭА (до 2015),Факультет информационных технологий,мужской,21.0,Москва,Неизвестно,Неизвестно
365320601,210813066,False,0,женский,22.0,Москва,МИРЭА (до 2015),Факультет информационных технологий,мужской,22.0,Москва,РТУ МИРЭА,Неизвестно
365320601,294222328,False,0,женский,22.0,Москва,МИРЭА (до 2015),Факультет информационных технологий,мужской,22.0,Бердск,Неизвестно,Неизвестно
306509984,359178717,False,0,мужской,22.0,Москва,Неизвестно,Неизвестно,мужской,22.0,Москва,Неизвестно,Неизвестно
306509984,425382019,False,0,мужской,22.0,Москва,Неизвестно,Неизвестно,женский,22.0,Москва,Неизвестно,Неизвестно
306509984,130746686,False,0,мужской,22.0,Москва,Неизвестно,Неизвестно,мужской,22.0,Москва,Неизвестно,Неизвестно
579510402,425382019,False,1,мужской,19.0,Москва,Неизвестно,Неизвестно,женский,22.0,Москва,Неизвестно,Неизвестно
579510402,273596951,False,1,мужской,19.0,Москва,Неизвестно,Неизвестно,мужской,22.0,Москва,РТУ МИРЭА,Неизвестно
579510402,146511992,False,1,мужской,19.0,Москва,Неизвестно,Неизвестно,женский,22.0,Москва,МГИМО МИД России,Неизвестно
241984007,275267938,False,1,мужской,56.0,Москва,Неизвестно,Неизвестно,мужской,22.0,Таганрог,Неизвестно,Неизвестно
241984007,174135567,False,1,мужской,56.0,Москва,Неизвестно,Неизвестно,мужской,23.0,Ōfunato,Неизвестно,Неизвестно
241984007,163823935,False,1,мужской,56.0,Москва,Неизвестно,Неизвестно,мужской,22.0,Подольск,РТУ МИРЭА,Институт информационных технологий
472328693,144881881,False,0,мужской,27.0,Санкт-Петербург,Неизвестно,Неизвестно,мужской,22.0,Качалино,Неизвестно,Неизвестно
472328693,265111970,False,0,мужской,27.0,Санкт-Петербург,Неизвестно,Неизвестно,мужской,22.0,Москва,РТУ МИРЭА,Институт информационных технологий
472328693,212060697,False,0,мужской,27.0,Санкт-Петербург,Неизвестно,Неизвестно,женский,23.0,Москва,Неизвестно,Неизвестно
93944075,481253563,False,0,мужской,27.0,Москва,Неизвестно,Неизвестно,мужской,21.0,Москва,РТУ МИРЭА,Институт информационных технологий
93944075,221280561,False,0,мужской,27.0,Москва,Неизвестно,Неизвестно,женский,22.0,Химки,Неизвестно,Неизвестно
93944075,342077835,False,0,мужской,27.0,Москва,Неизвестно,Неизвестно,женский,22.0,Москва,Неизвестно,Неизвестно
283576464,410472515,False,0,женский,22.0,Симферополь,Неизвестно,Неизвестно,мужской,22.0,Королёв,РТУ МИРЭА,Неизвестно
283576464,226597074,False,0,женский,22.0,Симферополь,Неизвестно,Неизвестно,мужской,21.0,Москва,Неизвестно,Неизвестно
283576464,381065555,False,0,женский,22.0,Симферополь,Неизвестно,Неизвестно,мужской,22.0,Москва,РТУ МИРЭА,Неизвестно
612204821,325462157,False,0,мужской,22.0,Москва,Неизвестно,Неизвестно,мужской,22.0,Москва,Неизвестно,Неизвестно
612204821,174111046,False,10,мужской,22.0,Москва,Неизвестно,Неизвестно,женский,22.0,Москва,Неизвестно,Неизвестно
612204821,227234115,False,1,мужской,22.0,Москва,Неизвестно,Неизвестно,мужской,22.0,Москва,МГТУ им. Н. Э. Баумана (бывш. МВТУ),Неизвестно
433897698,361386011,False,1,мужской,23.0,Химки,Неизвестно,Неизвестно,мужской,22.0,Москва,Неизвестно,Неизвестно
433897698,20341211,False,0,мужской,23.0,Химки,Неизвестно,Неизвестно,мужской,22.0,Москва,Неизвестно,Неизвестно
433897698,579510402,False,1,мужской,23.0,Химки,Неизвестно,Неизвестно,мужской,19.0,Москва,Неизвестно,Неизвестно
276400143,325462157,False,0,мужской,21.0,Москва,Неизвестно,Неизвестно,мужской,22.0,Москва,Неизвестно,Неизвестно
276400143,198752426,False,0,мужской,21.0,Москва,Неизвестно,Неизвестно,женский,22.0,Toronto,Неизвестно,Неизвестно
276400143,558275035,False,0,мужской,21.0,Москва,Неизвестно,Неизвестно,мужской,23.0,Москва,Неизвестно,Неизвестно
144881881,359178717,False,0,мужской,22.0,Качалино,Неизвестно,Неизвестно,мужской,22.0,Москва,Неизвестно,Неизвестно
144881881,168265890,False,0,мужской,22.0,Качалино,Неизвестно,Неизвестно,мужской,22.0,Москва,Неизвестно,Неизвестно
144881881,292134122,False,0,мужской,22.0,Качалино,Неизвестно,Неизвестно,мужской,22.0,Москва,Неизвестно,Неизвестно
338121069,626151457,False,0,мужской,22.0,Москва,Неизвестно,Неизвестно,мужской,22.0,Воронеж,Неизвестно,Неизвестно
338121069,491446601,False,0,мужской,22.0,Москва,Неизвестно,Неизвестно,мужской,24.0,Москва,Неизвестно,Неизвестно
338121069,221280561,False,0,мужской,22.0,Москва,Неизвестно,Неизвестно,женский,22.0,Химки,Неизвестно,Неизвестно
337418663,342258015,False,0,мужской,22.0,Санкт-Петербург,РТУ МИРЭА,Институт информационных технологий,мужской,22.0,Химки,Неизвестно,Неизвестно
337418663,472328693,False,0,мужской,22.0,Санкт-Петербург,РТУ МИРЭА,Институт информационных технологий,мужской,27.0,Санкт-Петербург,Неизвестно,Неизвестно
337418663,220291482,False,0,мужской,22.0,Санкт-Петербург,РТУ МИРЭА,Институт информационных технологий,мужской,22.0,Москва,РТУ МИРЭА,Институт информационных технологий
174135567,177346603,False,1,мужской,23.0,Ōfunato,Неизвестно,Неизвестно,мужской,22.0,Старый Оскол,Неизвестно,Неизвестно
174135567,579510402,False,1,мужской,23.0,Ōfunato,Неизвестно,Неизвестно,мужской,19.0,Москва,Неизвестно,Неизвестно
174135567,662741463,False,1,мужской,23.0,Ōfunato,Неизвестно,Неизвестно,мужской,23.0,Москва,РТУ МИРЭА,Институт кибербезопасности и цифровых технологий
325462157,505204903,False,0,мужской,22.0,Москва,Неизвестно,Неизвестно,мужской,22.0,Москва,Неизвестно,Неизвестно
325462157,165376388,False,0,мужской,22.0,Москва,Неизвестно,Неизвестно,мужской,22.0,Москва,Неизвестно,Неизвестно
325462157,602757527,False,0,мужской,22.0,Москва,Неизвестно,Неизвестно,мужской,26.0,Москва,Неизвестно,Неизвестно
198752426,387143718,False,1,женский,22.0,Toronto,Неизвестно,Неизвестно,мужской,22.0,Москва,Неизвестно,Неизвестно
198752426,426371293,False,1,женский,22.0,Toronto,Неизвестно,Неизвестно,мужской,22.0,Москва,Неизвестно,Неизвестно
198752426,176943398,False,0,женский,22.0,Toronto,Неизвестно,Неизвестно,мужской,22.0,Бронницы,Неизвестно,Неизвестно
476330366,413446243,False,0,мужской,18.0,Пенза,Неизвестно,Неизвестно,мужской,53.0,Москва,Неизвестно,Неизвестно
476330366,281641201,False,0,мужской,18.0,Пенза,Неизвестно,Неизвестно,мужской,25.0,Москва,РТУ МИРЭА,Институт информационных технологий
476330366,306509984,False,0,мужской,18.0,Пенза,Неизвестно,Неизвестно,мужской,22.0,Москва,Неизвестно,Неизвестно
230631594,130746686,False,0,мужской,22.0,Химки,Неизвестно,Неизвестно,мужской,22.0,Москва,Неизвестно,Неизвестно
230631594,481253563,False,0,мужской,22.0,Химки,Неизвестно,Неизвестно,мужской,21.0,Москва,РТУ МИРЭА,Институт информационных технологий
230631594,158445696,False,1,мужской,22.0,Химки,Неизвестно,Неизвестно,женский,22.0,Москва,РТУ МИРЭА,Институт информационных технологий
165376388,174135567,False,0,мужской,22.0,Москва,Неизвестно,Неизвестно,мужской,23.0,Ōfunato,Неизвестно,Неизвестно
165376388,346144945,False,0,мужской,22.0,Москва,Неизвестно,Неизвестно,мужской,20.0,Москва,Неизвестно,Неизвестно
165376388,198752426,False,0,мужской,22.0,Москва,Неизвестно,Неизвестно,женский,22.0,Toronto,Неизвестно,Неизвестно
125354026,372566434,False,1,мужской,22.0,Санкт-Петербург,Неизвестно,Неизвестно,мужской,22.0,Москва,Неизвестно,Неизвестно
125354026,227234115,False,1,мужской,22.0,Санкт-Петербург,Неизвестно,Неизвестно,мужской,22.0,Москва,МГТУ им. Н. Э. Баумана (бывш. МВТУ),Неизвестно
125354026,387143718,False,1,мужской,22.0,Санкт-Петербург,Неизвестно,Неизвестно,мужской,22.0,Москва,Неизвестно,Неизвестно
413446243,542173460,False,0,мужской,53.0,Москва,Неизвестно,Неизвестно,женский,22.0,Москва,Неизвестно,Неизвестно
413446243,626151457,False,0,мужской,53.0,Москва,Неизвестно,Неизвестно,мужской,22.0,Воронеж,Неизвестно,Неизвестно
413446243,263573863,False,0,мужской,53.0,Москва,Неизвестно,Неизвестно,мужской,22.0,Москва,Неизвестно,Неизвестно
548550935,612204821,False,2,мужской,20.0,Москва,РТУ МИРЭА,Институт информационных технологий,мужской,22.0,Москва,Неизвестно,Неизвестно
548550935,146511992,False,1,мужской,20.0,Москва,РТУ МИРЭА,Институт информационных технологий,женский,22.0,Москва,МГИМО МИД России,Неизвестно
548550935,248922122,False,0,мужской,20.0,Москва,РТУ МИРЭА,Институт информационных технологий,мужской,21.0,Москва,Неизвестно,Неизвестно
50391059,387516654,False,1,мужской,72.0,Москва,МГУ,Философский,мужской,20.0,Москва,Неизвестно,Неизвестно
50391059,345307505,False,1,мужской,72.0,Москва,МГУ,Философский,мужской,22.0,Berlin,Неизвестно,Неизвестно
50391059,441397508,False,0,мужской,72.0,Москва,МГУ,Философский,женский,22.0,Москва,Неизвестно,Неизвестно
474388963,441397508,False,0,мужской,22.0,Химки,Неизвестно,Неизвестно,женский,22.0,Москва,Неизвестно,Неизвестно
474388963,281641201,False,1,мужской,22.0,Химки,Неизвестно,Неизвестно,мужской,25.0,Москва,РТУ МИРЭА,Институт информационных технологий
474388963,69110189,False,1,мужской,22.0,Химки,Неизвестно,Неизвестно,женский,25.0,Москва,РТУ МИРЭА,Неизвестно
171888881,276400143,False,0,мужской,23.0,Одинцово,Неизвестно,Неизвестно,мужской,21.0,Москва,Неизвестно,Неизвестно
171888881,350840991,False,1,мужской,23.0,Одинцово,Неизвестно,Неизвестно,мужской,22.0,Москва,Неизвестно,Неизвестно
171888881,125354026,False,1,мужской,23.0,Одинцово,Неизвестно,Неизвестно,мужской,22.0,Санкт-Петербург,Неизвестно,Неизвестно
368048152,163823935,False,1,мужской,22.0,Москва,Неизвестно,Неизвестно,мужской,22.0,Подольск,РТУ МИРЭА,Институт информационных технологий
368048152,490832222,False,0,мужской,22.0,Москва,Неизвестно,Неизвестно,женский,22.0,Москва,Неизвестно,Неизвестно
368048152,221167855,False,0,мужской,22.0,Москва,Неизвестно,Неизвестно,женский,22.0,Москва,Неизвестно,Неизвестно
203874757,425382019,False,0,мужской,22.0,Москва,Неизвестно,Неизвестно,женский,22.0,Москва,Неизвестно,Неизвестно
203874757,490832222,False,0,мужской,22.0,Москва,Неизвестно,Неизвестно,женский,22.0,Москва,Неизвестно,Неизвестно
203874757,368048152,False,0,мужской,22.0,Москва,Неизвестно,Неизвестно,мужской,22.0,Москва,Неизвестно,Неизвестно
330856466,359942285,False,0,мужской,22.0,Москва,Неизвестно,Неизвестно,мужской,21.0,Москва,РТУ МИРЭА,Институт информационных технологий
330856466,410472515,False,0,мужской,22.0,Москва,Неизвестно,Неизвестно,мужской,22.0,Королёв,РТУ МИРЭА,Неизвестно
330856466,346144945,False,0,мужской,22.0,Москва,Неизвестно,Неизвестно,мужской,20.0,Москва,Неизвестно,Неизвестно
158445696,466579963,False,1,женский,22.0,Москва,РТУ МИРЭА,Институт информационных технологий,мужской,22.0,Москва,Неизвестно,Неизвестно
158445696,273596951,False,1,женский,22.0,Москва,РТУ МИРЭА,Институт информационных технологий,мужской,22.0,Москва,РТУ МИРЭА,Неизвестно
158445696,276400143,False,0,женский,22.0,Москва,РТУ МИРЭА,Институт информационных технологий,мужской,21.0,Москва,Неизвестно,Неизвестно
425382019,220291482,False,0,женский,22.0,Москва,Неизвестно,Неизвестно,мужской,22.0,Москва,РТУ МИРЭА,Институт информационных технологий
425382019,387516654,False,1,женский,22.0,Москва,Неизвестно,Неизвестно,мужской,20.0,Москва,Неизвестно,Неизвестно
425382019,209508780,False,1,женский,22.0,Москва,Неизвестно,Неизвестно,женский,22.0,Москва,Неизвестно,Неизвестно
175100020,450496772,False,1,мужской,22.0,Москва,РТУ МИРЭА,Институт информационных технологий,мужской,22.0,Химки,Неизвестно,Неизвестно
175100020,232437875,False,0,мужской,22.0,Москва,РТУ МИРЭА,Институт информационных технологий,мужской,21.0,Москва,Неизвестно,Неизвестно
175100020,596357542,False,1,мужской,22.0,Москва,РТУ МИРЭА,Институт информационных технологий,мужской,22.0,Минск,Неизвестно,Неизвестно
381065555,276082772,False,1,мужской,22.0,Москва,РТУ МИРЭА,Неизвестно,мужской,22.0,Москва,РЭУ им. Г. В. Плеханова,Факультет бизнеса «Капитаны»
381065555,254249175,False,1,мужской,22.0,Москва,РТУ МИРЭА,Неизвестно,мужской,21.0,Пенза,РТУ МИРЭА,Неизвестно
381065555,394100799,False,1,мужской,22.0,Москва,РТУ МИРЭА,Неизвестно,мужской,20.0,Москва,РТУ МИРЭА,Институт информационных технологий
276082772,345307505,False,1,мужской,22.0,Москва,РЭУ им. Г. В. Плеханова,Факультет бизнеса «Капитаны»,мужской,22.0,Berlin,Неизвестно,Неизвестно
276082772,327733536,False,1,мужской,22.0,Москва,РЭУ им. Г. В. Плеханова,Факультет бизнеса «Капитаны»,женский,21.0,Москва,Неизвестно,Неизвестно
276082772,69110189,False,1,мужской,22.0,Москва,РЭУ им. Г. В. Плеханова,Факультет бизнеса «Капитаны»,женский,25.0,Москва,РТУ МИРЭА,Неизвестно
319349113,527431797,False,0,мужской,22.0,Жуковский,Неизвестно,Неизвестно,мужской,22.0,Москва,Неизвестно,Неизвестно
319349113,248922122,False,0,мужской,22.0,Жуковский,Неизвестно,Неизвестно,мужской,21.0,Москва,Неизвестно,Неизвестно
319349113,99138057,False,1,мужской,22.0,Жуковский,Неизвестно,Неизвестно,мужской,40.0,Москва,МГУПИ,Институт высоких технологий
327733536,567333224,False,1,женский,21.0,Москва,Неизвестно,Неизвестно,мужской,22.0,Москва,Неизвестно,Неизвестно
327733536,87224583,False,1,женский,21.0,Москва,Неизвестно,Неизвестно,мужской,22.0,Химки,Неизвестно,Неизвестно
327733536,506144993,False,1,женский,21.0,Москва,Неизвестно,Неизвестно,мужской,18.0,Барнаул,Неизвестно,Неизвестно
596357542,281641201,False,1,мужской,22.0,Минск,Неизвестно,Неизвестно,мужской,25.0,Москва,РТУ МИРЭА,Институт информационных технологий
596357542,425382019,False,1,мужской,22.0,Минск,Неизвестно,Неизвестно,женский,22.0,Москва,Неизвестно,Неизвестно
596357542,212060697,False,0,мужской,22.0,Минск,Неизвестно,Неизвестно,женский,23.0,Москва,Неизвестно,Неизвестно
178325795,612204821,False,1,мужской,22.0,Москва,РТУ МИРЭА,Неизвестно,мужской,22.0,Москва,Неизвестно,Неизвестно
178325795,466579963,False,1,мужской,22.0,Москва,РТУ МИРЭА,Неизвестно,мужской,22.0,Москва,Неизвестно,Неизвестно
178325795,387516654,False,1,мужской,22.0,Москва,РТУ МИРЭА,Неизвестно,мужской,20.0,Москва,Неизвестно,Неизвестно
87224583,626151457,False,0,мужской,22.0,Химки,Неизвестно,Неизвестно,мужской,22.0,Воронеж,Неизвестно,Неизвестно
87224583,210813066,False,1,мужской,22.0,Химки,Неизвестно,Неизвестно,мужской,22.0,Москва,РТУ МИРЭА,Неизвестно
87224583,474388963,False,2,мужской,22.0,Химки,Неизвестно,Неизвестно,мужской,22.0,Химки,Неизвестно,Неизвестно
265111970,365320601,False,0,мужской,22.0,Москва,РТУ МИРЭА,Институт информационных технологий,женский,22.0,Москва,МИРЭА (до 2015),Факультет информационных технологий
265111970,192393433,False,0,мужской,22.0,Москва,РТУ МИРЭА,Институт информационных технологий,мужской,26.0,Пенза,Неизвестно,Неизвестно
265111970,226597074,False,0,мужской,22.0,Москва,РТУ МИРЭА,Институт информационных технологий,мужской,21.0,Москва,Неизвестно,Неизвестно
387516654,558275035,False,1,мужской,20.0,Москва,Неизвестно,Неизвестно,мужской,23.0,Москва,Неизвестно,Неизвестно
387516654,246872239,False,1,мужской,20.0,Москва,Неизвестно,Неизвестно,мужской,21.0,Москва,РТУ МИРЭА,Институт информационных технологий
387516654,275267938,False,1,мужской,20.0,Москва,Неизвестно,Неизвестно,мужской,22.0,Таганрог,Неизвестно,Неизвестно
395645310,439146588,False,0,мужской,22.0,Москва,Неизвестно,Неизвестно,мужской,22.0,Москва,РТУ МИРЭА,Институт информационных технологий
395645310,365320601,False,0,мужской,22.0,Москва,Неизвестно,Неизвестно,женский,22.0,Москва,МИРЭА (до 2015),Факультет информационных технологий
395645310,345307505,False,1,мужской,22.0,Москва,Неизвестно,Неизвестно,мужской,22.0,Berlin,Неизвестно,Неизвестно
357593443,13480453,False,0,мужской,22.0,Fukuoka,Неизвестно,Неизвестно,женский,22.0,Москва,Неизвестно,Неизвестно
357593443,442167323,False,0,мужской,22.0,Fukuoka,Неизвестно,Неизвестно,мужской,22.0,Москва,Неизвестно,Неизвестно
357593443,579510402,False,0,мужской,22.0,Fukuoka,Неизвестно,Неизвестно,мужской,19.0,Москва,Неизвестно,Неизвестно
221280561,395645310,False,1,женский,22.0,Химки,Неизвестно,Неизвестно,мужской,22.0,Москва,Неизвестно,Неизвестно
221280561,368048152,False,1,женский,22.0,Химки,Неизвестно,Неизвестно,мужской,22.0,Москва,Неизвестно,Неизвестно
221280561,171888881,False,1,женский,22.0,Химки,Неизвестно,Неизвестно,мужской,23.0,Одинцово,Неизвестно,Неизвестно
426371293,372566434,False,1,мужской,22.0,Москва,Неизвестно,Неизвестно,мужской,22.0,Москва,Неизвестно,Неизвестно
426371293,505204903,False,1,мужской,22.0,Москва,Неизвестно,Неизвестно,мужской,22.0,Москва,Неизвестно,Неизвестно
426371293,276400143,False,0,мужской,22.0,Москва,Неизвестно,Неизвестно,мужской,21.0,Москва,Неизвестно,Неизвестно
163823935,93944075,False,0,мужской,22.0,Подольск,РТУ МИРЭА,Институт информационных технологий,мужской,27.0,Москва,Неизвестно,Неизвестно
163823935,130746686,False,0,мужской,22.0,Подольск,РТУ МИРЭА,Институт информационных технологий,мужской,22.0,Москва,Неизвестно,Неизвестно
163823935,191557938,False,0,мужской,22.0,Подольск,РТУ МИРЭА,Институт информационных технологий,мужской,22.0,Одинцово,Неизвестно,Неизвестно
818872577,275267938,False,0,женский,22.0,Москва,Неизвестно,Неизвестно,мужской,22.0,Таганрог,Неизвестно,Неизвестно
818872577,87224583,False,0,женский,22.0,Москва,Неизвестно,Неизвестно,мужской,22.0,Химки,Неизвестно,Неизвестно
818872577,394100799,False,0,женский,22.0,Москва,Неизвестно,Неизвестно,мужской,20.0,Москва,РТУ МИРЭА,Институт информационных технологий
220291482,275267938,False,0,мужской,22.0,Москва,РТУ МИРЭА,Институт информационных технологий,мужской,22.0,Таганрог,Неизвестно,Неизвестно
220291482,579510402,False,0,мужской,22.0,Москва,РТУ МИРЭА,Институт информационных технологий,мужской,19.0,Москва,Неизвестно,Неизвестно
220291482,270809295,False,0,мужской,22.0,Москва,РТУ МИРЭА,Институт информационных технологий,мужской,19.0,Москва,Неизвестно,Неизвестно
294222328,490832222,False,0,мужской,22.0,Бердск,Неизвестно,Неизвестно,женский,22.0,Москва,Неизвестно,Неизвестно
294222328,238444902,False,0,мужской,22.0,Бердск,Неизвестно,Неизвестно,женский,22.0,Москва,Неизвестно,Неизвестно
294222328,361386011,False,0,мужской,22.0,Бердск,Неизвестно,Неизвестно,мужской,22.0,Москва,Неизвестно,Неизвестно
506144993,327733536,False,1,мужской,18.0,Барнаул,Неизвестно,Неизвестно,женский,21.0,Москва,Неизвестно,Неизвестно
506144993,476330366,False,0,мужской,18.0,Барнаул,Неизвестно,Неизвестно,мужской,18.0,Пенза,Неизвестно,Неизвестно
506144993,13480453,False,0,мужской,18.0,Барнаул,Неизвестно,Неизвестно,женский,22.0,Москва,Неизвестно,Неизвестно
154110170,273596951,False,1,мужской,22.0,Москва,Неизвестно,Неизвестно,мужской,22.0,Москва,РТУ МИРЭА,Неизвестно
154110170,342243498,False,2,мужской,22.0,Москва,Неизвестно,Неизвестно,мужской,22.0,Москва,Неизвестно,Неизвестно
154110170,158445696,False,2,мужской,22.0,Москва,Неизвестно,Неизвестно,женский,22.0,Москва,РТУ МИРЭА,Институт информационных технологий
465363318,13480453,False,0,мужской,22.0,Москва,Неизвестно,Неизвестно,женский,22.0,Москва,Неизвестно,Неизвестно
465363318,345307505,False,1,мужской,22.0,Москва,Неизвестно,Неизвестно,мужской,22.0,Berlin,Неизвестно,Неизвестно
465363318,476330366,False,0,мужской,22.0,Москва,Неизвестно,Неизвестно,мужской,18.0,Пенза,Неизвестно,Неизвестно
662741463,472328693,False,0,мужской,23.0,Москва,РТУ МИРЭА,Институт кибербезопасности и цифровых технологий,мужской,27.0,Санкт-Петербург,Неизвестно,Неизвестно
662741463,387143718,False,1,мужской,23.0,Москва,РТУ МИРЭА,Институт кибербезопасности и цифровых технологий,мужской,22.0,Москва,Неизвестно,Неизвестно
662741463,168265890,False,0,мужской,23.0,Москва,РТУ МИРЭА,Институт кибербезопасности и цифровых технологий,мужской,22.0,Москва,Неизвестно,Неизвестно
432150818,426371293,False,1,мужской,22.0,Москва,МГТУ им. Н. Э. Баумана (бывш. МВТУ),Неизвестно,мужской,22.0,Москва,Неизвестно,Неизвестно
432150818,583194957,False,0,мужской,22.0,Москва,МГТУ им. Н. Э. Баумана (бывш. МВТУ),Неизвестно,мужской,22.0,Москва,Неизвестно,Неизвестно
432150818,154110170,False,1,мужской,22.0,Москва,МГТУ им. Н. Э. Баумана (бывш. МВТУ),Неизвестно,мужской,22.0,Москва,Неизвестно,Неизвестно
548864523,558275035,False,1,женский,20.0,Москва,Неизвестно,Неизвестно,мужской,23.0,Москва,Неизвестно,Неизвестно
548864523,212060697,False,0,женский,20.0,Москва,Неизвестно,Неизвестно,женский,23.0,Москва,Неизвестно,Неизвестно
548864523,466579963,False,1,женский,20.0,Москва,Неизвестно,Неизвестно,мужской,22.0,Москва,Неизвестно,Неизвестно
359942285,174135567,False,1,мужской,21.0,Москва,РТУ МИРЭА,Институт информационных технологий,мужской,23.0,Ōfunato,Неизвестно,Неизвестно
359942285,50391059,False,1,мужской,21.0,Москва,РТУ МИРЭА,Институт информационных технологий,мужской,72.0,Москва,МГУ,Философский
359942285,154110170,False,1,мужской,21.0,Москва,РТУ МИРЭА,Институт информационных технологий,мужской,22.0,Москва,Неизвестно,Неизвестно
130746686,381065555,False,0,мужской,22.0,Москва,Неизвестно,Неизвестно,мужской,22.0,Москва,РТУ МИРЭА,Неизвестно
130746686,345307505,False,0,мужской,22.0,Москва,Неизвестно,Неизвестно,мужской,22.0,Berlin,Неизвестно,Неизвестно
130746686,177512785,False,0,мужской,22.0,Москва,Неизвестно,Неизвестно,мужской,22.0,Москва,РТУ МИРЭА,Неизвестно
395426263,345307505,False,1,мужской,22.0,Москва,Неизвестно,Неизвестно,мужской,22.0,Berlin,Неизвестно,Неизвестно
395426263,359942285,False,1,мужской,22.0,Москва,Неизвестно,Неизвестно,мужской,21.0,Москва,РТУ МИРЭА,Институт информационных технологий
395426263,270809295,False,0,мужской,22.0,Москва,Неизвестно,Неизвестно,мужской,19.0,Москва,Неизвестно,Неизвестно
542173460,20341211,False,0,женский,22.0,Москва,Неизвестно,Неизвестно,мужской,22.0,Москва,Неизвестно,Неизвестно
542173460,435357753,False,0,женский,22.0,Москва,Неизвестно,Неизвестно,женский,22.0,Москва,РТУ МИРЭА,Институт информационных технологий
542173460,154151541,False,0,женский,22.0,Москва,Неизвестно,Неизвестно,мужской,22.0,Химки,Неизвестно,Неизвестно
658702663,567333224,False,0,мужской,22.0,Москва,Неизвестно,Неизвестно,мужской,22.0,Москва,Неизвестно,Неизвестно
658702663,325462157,False,0,мужской,22.0,Москва,Неизвестно,Неизвестно,мужской,22.0,Москва,Неизвестно,Неизвестно
658702663,270809295,False,0,мужской,22.0,Москва,Неизвестно,Неизвестно,мужской,19.0,Москва,Неизвестно,Неизвестно
248922122,350840991,False,0,мужской,21.0,Москва,Неизвестно,Неизвестно,мужской,22.0,Москва,Неизвестно,Неизвестно
248922122,209508780,False,0,мужской,21.0,Москва,Неизвестно,Неизвестно,женский,22.0,Москва,Неизвестно,Неизвестно
248922122,548550935,False,0,мужской,21.0,Москва,Неизвестно,Неизвестно,мужской,20.0,Москва,РТУ МИРЭА,Институт информационных технологий
269388306,99138057,False,4,мужской,22.0,Москва,Неизвестно,Неизвестно,мужской,40.0,Москва,МГУПИ,Институт высоких технологий
269388306,178325795,False,1,мужской,22.0,Москва,Неизвестно,Неизвестно,мужской,22.0,Москва,РТУ МИРЭА,Неизвестно
269388306,558275035,False,1,мужской,22.0,Москва,Неизвестно,Неизвестно,мужской,23.0,Москва,Неизвестно,Неизвестно
191557938,472328693,False,0,мужской,22.0,Одинцово,Неизвестно,Неизвестно,мужской,27.0,Санкт-Петербург,Неизвестно,Неизвестно
191557938,87224583,False,0,мужской,22.0,Одинцово,Неизвестно,Неизвестно,мужской,22.0,Химки,Неизвестно,Неизвестно
191557938,185888968,False,0,мужской,22.0,Одинцово,Неизвестно,Неизвестно,мужской,22.0,Москва,Неизвестно,Неизвестно
442167323,209508780,False,0,мужской,22.0,Москва,Неизвестно,Неизвестно,женский,22.0,Москва,Неизвестно,Неизвестно
442167323,210813066,False,0,мужской,22.0,Москва,Неизвестно,Неизвестно,мужской,22.0,Москва,РТУ МИРЭА,Неизвестно
442167323,584995001,False,0,мужской,22.0,Москва,Неизвестно,Неизвестно,мужской,22.0,Подольск,Неизвестно,Неизвестно
177346603,184572109,False,1,мужской,22.0,Старый Оскол,Неизвестно,Неизвестно,женский,22.0,Москва,Неизвестно,Неизвестно
177346603,359942285,False,1,мужской,22.0,Старый Оскол,Неизвестно,Неизвестно,мужской,21.0,Москва,РТУ МИРЭА,Институт информационных технологий
177346603,395645310,False,1,мужской,22.0,Старый Оскол,Неизвестно,Неизвестно,мужской,22.0,Москва,Неизвестно,Неизвестно
419168599,381065555,False,1,мужской,22.0,Москва,Неизвестно,Неизвестно,мужской,22.0,Москва,РТУ МИРЭА,Неизвестно
419168599,248922122,False,0,мужской,22.0,Москва,Неизвестно,Неизвестно,мужской,21.0,Москва,Неизвестно,Неизвестно
419168599,395645310,False,1,мужской,22.0,Москва,Неизвестно,Неизвестно,мужской,22.0,Москва,Неизвестно,Неизвестно
283922767,357593443,False,0,мужской,21.0,Москва,Неизвестно,Неизвестно,мужской,22.0,Fukuoka,Неизвестно,Неизвестно
283922767,146511992,False,0,мужской,21.0,Москва,Неизвестно,Неизвестно,женский,22.0,Москва,МГИМО МИД России,Неизвестно
283922767,612204821,False,0,мужской,21.0,Москва,Неизвестно,Неизвестно,мужской,22.0,Москва,Неизвестно,Неизвестно
450496772,465363318,False,1,мужской,22.0,Химки,Неизвестно,Неизвестно,мужской,22.0,Москва,Неизвестно,Неизвестно
450496772,457226450,False,1,мужской,22.0,Химки,Неизвестно,Неизвестно,женский,22.0,Москва,Неизвестно,Неизвестно
450496772,359942285,False,1,мужской,22.0,Химки,Неизвестно,Неизвестно,мужской,21.0,Москва,РТУ МИРЭА,Институт информационных технологий
226597074,99138057,False,0,мужской,21.0,Москва,Неизвестно,Неизвестно,мужской,40.0,Москва,МГУПИ,Институт высоких технологий
226597074,342258015,False,0,мужской,21.0,Москва,Неизвестно,Неизвестно,мужской,22.0,Химки,Неизвестно,Неизвестно
226597074,457226450,False,0,мужской,21.0,Москва,Неизвестно,Неизвестно,женский,22.0,Москва,Неизвестно,Неизвестно
202363248,112120311,False,1,женский,22.0,Рязань,Неизвестно,Неизвестно,мужской,22.0,Москва,Неизвестно,Неизвестно
202363248,99138057,False,1,женский,22.0,Рязань,Неизвестно,Неизвестно,мужской,40.0,Москва,МГУПИ,Институт высоких технологий
202363248,490832222,False,0,женский,22.0,Рязань,Неизвестно,Неизвестно,женский,22.0,Москва,Неизвестно,Неизвестно
322986299,158445696,False,0,женский,22.0,Москва,Неизвестно,Неизвестно,женский,22.0,Москва,РТУ МИРЭА,Институт информационных технологий
322986299,350840991,False,0,женский,22.0,Москва,Неизвестно,Неизвестно,мужской,22.0,Москва,Неизвестно,Неизвестно
322986299,357593443,False,0,женский,22.0,Москва,Неизвестно,Неизвестно,мужской,22.0,Fukuoka,Неизвестно,Неизвестно
346144945,612204821,False,1,мужской,20.0,Москва,Неизвестно,Неизвестно,мужской,22.0,Москва,Неизвестно,Неизвестно
346144945,419168599,False,1,мужской,20.0,Москва,Неизвестно,Неизвестно,мужской,22.0,Москва,Неизвестно,Неизвестно
346144945,69110189,False,1,мужской,20.0,Москва,Неизвестно,Неизвестно,женский,25.0,Москва,РТУ МИРЭА,Неизвестно
37650604,178325795,False,1,мужской,22.0,Москва,Неизвестно,Неизвестно,мужской,22.0,Москва,РТУ МИРЭА,Неизвестно
37650604,322986299,False,0,мужской,22.0,Москва,Неизвестно,Неизвестно,женский,22.0,Москва,Неизвестно,Неизвестно
37650604,294222328,False,0,мужской,22.0,Москва,Неизвестно,Неизвестно,мужской,22.0,Бердск,Неизвестно,Неизвестно
292134122,325462157,False,0,мужской,22.0,Москва,Неизвестно,Неизвестно,мужской,22.0,Москва,Неизвестно,Неизвестно
292134122,505204903,False,0,мужской,22.0,Москва,Неизвестно,Неизвестно,мужской,22.0,Москва,Неизвестно,Неизвестно
292134122,212060697,False,0,мужской,22.0,Москва,Неизвестно,Неизвестно,женский,23.0,Москва,Неизвестно,Неизвестно
168265890,662741463,False,0,мужской,22.0,Москва,Неизвестно,Неизвестно,мужской,23.0,Москва,РТУ МИРЭА,Институт кибербезопасности и цифровых технологий
168265890,567333224,False,0,мужской,22.0,Москва,Неизвестно,Неизвестно,мужской,22.0,Москва,Неизвестно,Неизвестно
168265890,342258015,False,0,мужской,22.0,Москва,Неизвестно,Неизвестно,мужской,22.0,Химки,Неизвестно,Неизвестно
363088358,432150818,False,1,женский,22.0,Москва,Неизвестно,Неизвестно,мужской,22.0,Москва,МГТУ им. Н. Э. Баумана (бывш. МВТУ),Неизвестно
363088358,365320601,False,0,женский,22.0,Москва,Неизвестно,Неизвестно,женский,22.0,Москва,МИРЭА (до 2015),Факультет информационных технологий
363088358,433897698,False,1,женский,22.0,Москва,Неизвестно,Неизвестно,мужской,23.0,Химки,Неизвестно,Неизвестно
187140484,357593443,False,0,мужской,22.0,Евпатория,Неизвестно,Неизвестно,мужской,22.0,Fukuoka,Неизвестно,Неизвестно
187140484,241984007,False,1,мужской,22.0,Евпатория,Неизвестно,Неизвестно,мужской,56.0,Москва,Неизвестно,Неизвестно
187140484,306509984,False,0,мужской,22.0,Евпатория,Неизвестно,Неизвестно,мужской,22.0,Москва,Неизвестно,Неизвестно
146511992,325462157,False,0,женский,22.0,Москва,МГИМО МИД России,Неизвестно,мужской,22.0,Москва,Неизвестно,Неизвестно
146511992,220291482,False,0,женский,22.0,Москва,МГИМО МИД России,Неизвестно,мужской,22.0,Москва,РТУ МИРЭА,Институт информационных технологий
146511992,154110170,False,1,женский,22.0,Москва,МГИМО МИД России,Неизвестно,мужской,22.0,Москва,Неизвестно,Неизвестно
410472515,178325795,False,1,мужской,22.0,Королёв,РТУ МИРЭА,Неизвестно,мужской,22.0,Москва,РТУ МИРЭА,Неизвестно
410472515,37650604,False,1,мужской,22.0,Королёв,РТУ МИРЭА,Неизвестно,мужской,22.0,Москва,Неизвестно,Неизвестно
410472515,596357542,False,1,мужской,22.0,Королёв,РТУ МИРЭА,Неизвестно,мужской,22.0,Минск,Неизвестно,Неизвестно
221684247,818872577,False,0,женский,22.0,Москва,Неизвестно,Неизвестно,женский,22.0,Москва,Неизвестно,Неизвестно
221684247,227234115,False,1,женский,22.0,Москва,Неизвестно,Неизвестно,мужской,22.0,Москва,МГТУ им. Н. Э. Баумана (бывш. МВТУ),Неизвестно
221684247,91478379,False,2,женский,22.0,Москва,Неизвестно,Неизвестно,женский,22.0,Paris,Неизвестно,Неизвестно
13480453,265111970,False,0,женский,22.0,Москва,Неизвестно,Неизвестно,мужской,22.0,Москва,РТУ МИРЭА,Институт информационных технологий
13480453,439146588,False,0,женский,22.0,Москва,Неизвестно,Неизвестно,мужской,22.0,Москва,РТУ МИРЭА,Институт информационных технологий
13480453,361386011,False,0,женский,22.0,Москва,Неизвестно,Неизвестно,мужской,22.0,Москва,Неизвестно,Неизвестно
246872239,125354026,False,1,мужской,21.0,Москва,РТУ МИРЭА,Институт информационных технологий,мужской,22.0,Санкт-Петербург,Неизвестно,Неизвестно
246872239,93944075,False,0,мужской,21.0,Москва,РТУ МИРЭА,Институт информационных технологий,мужской,27.0,Москва,Неизвестно,Неизвестно
246872239,276082772,False,1,мужской,21.0,Москва,РТУ МИРЭА,Институт информационных технологий,мужской,22.0,Москва,РЭУ им. Г. В. Плеханова,Факультет бизнеса «Капитаны»
49113389,163823935,False,1,мужской,22.0,Москва,Неизвестно,Неизвестно,мужской,22.0,Подольск,РТУ МИРЭА,Институт информационных технологий
49113389,258814756,False,0,мужской,22.0,Москва,Неизвестно,Неизвестно,мужской,22.0,Москва,Неизвестно,Неизвестно
49113389,387143718,False,1,мужской,22.0,Москва,Неизвестно,Неизвестно,мужской,22.0,Москва,Неизвестно,Неизвестно
210813066,442167323,False,0,мужской,22.0,Москва,РТУ МИРЭА,Неизвестно,мужской,22.0,Москва,Неизвестно,Неизвестно
210813066,276400143,False,0,мужской,22.0,Москва,РТУ МИРЭА,Неизвестно,мужской,21.0,Москва,Неизвестно,Неизвестно
210813066,426371293,False,1,мужской,22.0,Москва,РТУ МИРЭА,Неизвестно,мужской,22.0,Москва,Неизвестно,Неизвестно
558275035,198752426,False,1,мужской,23.0,Москва,Неизвестно,Неизвестно,женский,22.0,Toronto,Неизвестно,Неизвестно
558275035,4561245,False,1,мужской,23.0,Москва,Неизвестно,Неизвестно,женский,22.0,Химки,Неизвестно,Неизвестно
558275035,212060697,False,0,мужской,23.0,Москва,Неизвестно,Неизвестно,женский,23.0,Москва,Неизвестно,Неизвестно
342077835,143677868,False,0,женский,22.0,Москва,Неизвестно,Неизвестно,женский,24.0,Москва,Неизвестно,Неизвестно
342077835,342258015,False,0,женский,22.0,Москва,Неизвестно,Неизвестно,мужской,22.0,Химки,Неизвестно,Неизвестно
342077835,472328693,False,0,женский,22.0,Москва,Неизвестно,Неизвестно,мужской,27.0,Санкт-Петербург,Неизвестно,Неизвестно
221167855,394100799,False,0,женский,22.0,Москва,Неизвестно,Неизвестно,мужской,20.0,Москва,РТУ МИРЭА,Институт информационных технологий
221167855,337418663,False,0,женский,22.0,Москва,Неизвестно,Неизвестно,мужской,22.0,Санкт-Петербург,РТУ МИРЭА,Институт информационных технологий
221167855,372566434,False,0,женский,22.0,Москва,Неизвестно,Неизвестно,мужской,22.0,Москва,Неизвестно,Неизвестно
143677868,185888968,False,1,женский,24.0,Москва,Неизвестно,Неизвестно,мужской,22.0,Москва,Неизвестно,Неизвестно
143677868,346144945,False,1,женский,24.0,Москва,Неизвестно,Неизвестно,мужской,20.0,Москва,Неизвестно,Неизвестно
143677868,337418663,False,1,женский,24.0,Москва,Неизвестно,Неизвестно,мужской,22.0,Санкт-Петербург,РТУ МИРЭА,Институт информационных технологий
192393433,342077835,False,0,мужской,26.0,Пенза,Неизвестно,Неизвестно,женский,22.0,Москва,Неизвестно,Неизвестно
192393433,283576464,False,0,мужской,26.0,Пенза,Неизвестно,Неизвестно,женский,22.0,Симферополь,Неизвестно,Неизвестно
192393433,185888968,False,0,мужской,26.0,Пенза,Неизвестно,Неизвестно,мужской,22.0,Москва,Неизвестно,Неизвестно
4561245,548864523,False,1,женский,22.0,Химки,Неизвестно,Неизвестно,женский,20.0,Москва,Неизвестно,Неизвестно
4561245,202363248,False,1,женский,22.0,Химки,Неизвестно,Неизвестно,женский,22.0,Рязань,Неизвестно,Неизвестно
4561245,185888968,False,1,женский,22.0,Химки,Неизвестно,Неизвестно,мужской,22.0,Москва,Неизвестно,Неизвестно
286877958,363088358,False,1,мужской,22.0,Москва,Неизвестно,Неизвестно,женский,22.0,Москва,Неизвестно,Неизвестно
286877958,596357542,False,1,мужской,22.0,Москва,Неизвестно,Неизвестно,мужской,22.0,Минск,Неизвестно,Неизвестно
286877958,220291482,False,0,мужской,22.0,Москва,Неизвестно,Неизвестно,мужской,22.0,Москва,РТУ МИРЭА,Институт информационных технологий
505204903,306509984,False,0,мужской,22.0,Москва,Неизвестно,Неизвестно,мужской,22.0,Москва,Неизвестно,Неизвестно
505204903,283922767,False,0,мужской,22.0,Москва,Неизвестно,Неизвестно,мужской,21.0,Москва,Неизвестно,Неизвестно
505204903,13480453,False,0,мужской,22.0,Москва,Неизвестно,Неизвестно,женский,22.0,Москва,Неизвестно,Неизвестно
255552012,325462157,False,0,женский,22.0,Москва,"Президентская академия (РАНХиГС, бывш. АНХ)",Неизвестно,мужской,22.0,Москва,Неизвестно,Неизвестно
255552012,596357542,False,1,женский,22.0,Москва,"Президентская академия (РАНХиГС, бывш. АНХ)",Неизвестно,мужской,22.0,Минск,Неизвестно,Неизвестно
255552012,476330366,False,0,женский,22.0,Москва,"Президентская академия (РАНХиГС, бывш. АНХ)",Неизвестно,мужской,18.0,Пенза,Неизвестно,Неизвестно
457226450,125354026,False,1,женский,22.0,Москва,Неизвестно,Неизвестно,мужской,22.0,Санкт-Петербург,Неизвестно,Неизвестно
457226450,246872239,False,1,женский,22.0,Москва,Неизвестно,Неизвестно,мужской,21.0,Москва,РТУ МИРЭА,Институт информационных технологий
457226450,225632479,False,1,женский,22.0,Москва,Неизвестно,Неизвестно,мужской,22.0,Москва,Неизвестно,Неизвестно
583194957,125354026,False,0,мужской,22.0,Москва,Неизвестно,Неизвестно,мужской,22.0,Санкт-Петербург,Неизвестно,Неизвестно
583194957,248922122,False,0,мужской,22.0,Москва,Неизвестно,Неизвестно,мужской,21.0,Москва,Неизвестно,Неизвестно
583194957,13480453,False,0,мужской,22.0,Москва,Неизвестно,Неизвестно,женский,22.0,Москва,Неизвестно,Неизвестно
275267938,395645310,False,1,мужской,22.0,Таганрог,Неизвестно,Неизвестно,мужской,22.0,Москва,Неизвестно,Неизвестно
275267938,818872577,False,0,мужской,22.0,Таганрог,Неизвестно,Неизвестно,женский,22.0,Москва,Неизвестно,Неизвестно
275267938,476330366,False,0,мужской,22.0,Таганрог,Неизвестно,Неизвестно,мужской,18.0,Пенза,Неизвестно,Неизвестно
602757527,306509984,False,0,мужской,26.0,Москва,Неизвестно,Неизвестно,мужской,22.0,Москва,Неизвестно,Неизвестно
602757527,292134122,False,0,мужской,26.0,Москва,Неизвестно,Неизвестно,мужской,22.0,Москва,Неизвестно,Неизвестно
602757527,272517123,False,1,мужской,26.0,Москва,Неизвестно,Неизвестно,женский,23.0,Химки,РХТУ им. Д. И. Менделеева,Неизвестно
337236344,435357753,False,1,мужской,22.0,Москва,Неизвестно,Неизвестно,женский,22.0,Москва,РТУ МИРЭА,Институт информационных технологий
337236344,276082772,False,0,мужской,22.0,Москва,Неизвестно,Неизвестно,мужской,22.0,Москва,РЭУ им. Г. В. Плеханова,Факультет бизнеса «Капитаны»
337236344,330856466,False,0,мужской,22.0,Москва,Неизвестно,Неизвестно,мужской,22.0,Москва,Неизвестно,Неизвестно
435357753,602757527,False,1,женский,22.0,Москва,РТУ МИРЭА,Институт информационных технологий,мужской,26.0,Москва,Неизвестно,Неизвестно
435357753,450496772,False,0,женский,22.0,Москва,РТУ МИРЭА,Институт информационных технологий,мужской,22.0,Химки,Неизвестно,Неизвестно
435357753,130746686,False,3,женский,22.0,Москва,РТУ МИРЭА,Институт информационных технологий,мужской,22.0,Москва,Неизвестно,Неизвестно
282323463,276082772,False,0,мужской,22.0,Москва,Неизвестно,Неизвестно,мужской,22.0,Москва,РЭУ им. Г. В. Плеханова,Факультет бизнеса «Капитаны»
282323463,381065555,False,0,мужской,22.0,Москва,Неизвестно,Неизвестно,мужской,22.0,Москва,РТУ МИРЭА,Неизвестно
282323463,225632479,False,0,мужской,22.0,Москва,Неизвестно,Неизвестно,мужской,22.0,Москва,Неизвестно,Неизвестно
466579963,203874757,False,0,мужской,22.0,Москва,Неизвестно,Неизвестно,мужской,22.0,Москва,Неизвестно,Неизвестно
466579963,210813066,False,1,мужской,22.0,Москва,Неизвестно,Неизвестно,мужской,22.0,Москва,РТУ МИРЭА,Неизвестно
466579963,419168599,False,1,мужской,22.0,Москва,Неизвестно,Неизвестно,мужской,22.0,Москва,Неизвестно,Неизвестно
626151457,818872577,False,0,мужской,22.0,Воронеж,Неизвестно,Неизвестно,женский,22.0,Москва,Неизвестно,Неизвестно
626151457,69110189,False,0,мужской,22.0,Воронеж,Неизвестно,Неизвестно,женский,25.0,Москва,РТУ МИРЭА,Неизвестно
626151457,177346603,False,0,мужской,22.0,Воронеж,Неизвестно,Неизвестно,мужской,22.0,Старый Оскол,Неизвестно,Неизвестно
342243498,174111046,False,5,мужской,22.0,Москва,Неизвестно,Неизвестно,женский,22.0,Москва,Неизвестно,Неизвестно
342243498,342077835,False,0,мужской,22.0,Москва,Неизвестно,Неизвестно,женский,22.0,Москва,Неизвестно,Неизвестно
342243498,283922767,False,0,мужской,22.0,Москва,Неизвестно,Неизвестно,мужской,21.0,Москва,Неизвестно,Неизвестно
273596951,432814093,False,1,мужской,22.0,Москва,РТУ МИРЭА,Неизвестно,мужской,22.0,Кизнер (поселок),Неизвестно,Неизвестно
273596951,93944075,False,0,мужской,22.0,Москва,РТУ МИРЭА,Неизвестно,мужской,27.0,Москва,Неизвестно,Неизвестно
273596951,426371293,False,1,мужской,22.0,Москва,РТУ МИРЭА,Неизвестно,мужской,22.0,Москва,Неизвестно,Неизвестно
154151541,294222328,False,0,мужской,22.0,Химки,Неизвестно,Неизвестно,мужской,22.0,Бердск,Неизвестно,Неизвестно
154151541,130746686,False,0,мужской,22.0,Химки,Неизвестно,Неизвестно,мужской,22.0,Москва,Неизвестно,Неизвестно
154151541,176943398,False,0,мужской,22.0,Химки,Неизвестно,Неизвестно,мужской,22.0,Бронницы,Неизвестно,Неизвестно
281641201,272517123,False,1,мужской,25.0,Москва,РТУ МИРЭА,Институт информационных технологий,женский,23.0,Химки,РХТУ им. Д. И. Менделеева,Неизвестно
281641201,306509984,False,0,мужской,25.0,Москва,РТУ МИРЭА,Институт информационных технологий,мужской,22.0,Москва,Неизвестно,Неизвестно
281641201,143677868,False,1,мужской,25.0,Москва,РТУ МИРЭА,Институт информационных технологий,женский,24.0,Москва,Неизвестно,Неизвестно
350840991,37650604,False,1,мужской,22.0,Москва,Неизвестно,Неизвестно,мужской,22.0,Москва,Неизвестно,Неизвестно
350840991,269388306,False,1,мужской,22.0,Москва,Неизвестно,Неизвестно,мужской,22.0,Москва,Неизвестно,Неизвестно
350840991,602757527,False,1,мужской,22.0,Москва,Неизвестно,Неизвестно,мужской,26.0,Москва,Неизвестно,Неизвестно
176943398,91478379,False,0,мужской,22.0,Бронницы,Неизвестно,Неизвестно,женский,22.0,Paris,Неизвестно,Неизвестно
176943398,241984007,False,0,мужской,22.0,Бронницы,Неизвестно,Неизвестно,мужской,56.0,Москва,Неизвестно,Неизвестно
176943398,363088358,False,0,мужской,22.0,Бронницы,Неизвестно,Неизвестно,женский,22.0,Москва,Неизвестно,Неизвестно
91478379,50391059,False,1,женский,22.0,Paris,Неизвестно,Неизвестно,мужской,72.0,Москва,МГУ,Философский
91478379,387516654,False,1,женский,22.0,Paris,Неизвестно,Неизвестно,мужской,20.0,Москва,Неизвестно,Неизвестно
91478379,258814756,False,0,женский,22.0,Paris,Неизвестно,Неизвестно,мужской,22.0,Москва,Неизвестно,Неизвестно
195211764,221167855,False,0,мужской,22.0,Москва,Неизвестно,Неизвестно,женский,22.0,Москва,Неизвестно,Неизвестно
195211764,387143718,False,1,мужской,22.0,Москва,Неизвестно,Неизвестно,мужской,22.0,Москва,Неизвестно,Неизвестно
195211764,184572109,False,1,мужской,22.0,Москва,Неизвестно,Неизвестно,женский,22.0,Москва,Неизвестно,Неизвестно
184572109,491446601,False,0,женский,22.0,Москва,Неизвестно,Неизвестно,мужской,24.0,Москва,Неизвестно,Неизвестно
184572109,171888881,False,1,женский,22.0,Москва,Неизвестно,Неизвестно,мужской,23.0,Одинцово,Неизвестно,Неизвестно
184572109,202363248,False,1,женский,22.0,Москва,Неизвестно,Неизвестно,женский,22.0,Рязань,Неизвестно,Неизвестно
567333224,342077835,False,0,мужской,22.0,Москва,Неизвестно,Неизвестно,женский,22.0,Москва,Неизвестно,Неизвестно
567333224,69110189,False,1,мужской,22.0,Москва,Неизвестно,Неизвестно,женский,25.0,Москва,РТУ МИРЭА,Неизвестно
567333224,658702663,False,0,мужской,22.0,Москва,Неизвестно,Неизвестно,мужской,22.0,Москва,Неизвестно,Неизвестно
227234115,658702663,False,0,мужской,22.0,Москва,МГТУ им. Н. Э. Баумана (бывш. МВТУ),Неизвестно,мужской,22.0,Москва,Неизвестно,Неизвестно
227234115,612204821,False,1,мужской,22.0,Москва,МГТУ им. Н. Э. Баумана (бывш. МВТУ),Неизвестно,мужской,22.0,Москва,Неизвестно,Неизвестно
227234115,359942285,False,1,мужской,22.0,Москва,МГТУ им. Н. Э. Баумана (бывш. МВТУ),Неизвестно,мужской,21.0,Москва,РТУ МИРЭА,Институт информационных технологий
481253563,490832222,False,0,мужской,21.0,Москва,РТУ МИРЭА,Институт информационных технологий,женский,22.0,Москва,Неизвестно,Неизвестно
481253563,191557938,False,0,мужской,21.0,Москва,РТУ МИРЭА,Институт информационных технологий,мужской,22.0,Одинцово,Неизвестно,Неизвестно
481253563,143677868,False,0,мужской,21.0,Москва,РТУ МИРЭА,Институт информационных технологий,женский,24.0,Москва,Неизвестно,Неизвестно
490832222,542173460,False,0,женский,22.0,Москва,Неизвестно,Неизвестно,женский,22.0,Москва,Неизвестно,Неизвестно
490832222,410472515,False,0,женский,22.0,Москва,Неизвестно,Неизвестно,мужской,22.0,Королёв,РТУ МИРЭА,Неизвестно
490832222,154110170,False,0,женский,22.0,Москва,Неизвестно,Неизвестно,мужской,22.0,Москва,Неизвестно,Неизвестно
372566434,276400143,False,0,мужской,22.0,Москва,Неизвестно,Неизвестно,мужской,21.0,Москва,Неизвестно,Неизвестно
372566434,203874757,False,0,мужской,22.0,Москва,Неизвестно,Неизвестно,мужской,22.0,Москва,Неизвестно,Неизвестно
372566434,221167855,False,0,мужской,22.0,Москва,Неизвестно,Неизвестно,женский,22.0,Москва,Неизвестно,Неизвестно
174111046,292134122,False,0,женский,22.0,Москва,Неизвестно,Неизвестно,мужской,22.0,Москва,Неизвестно,Неизвестно
174111046,481253563,False,0,женский,22.0,Москва,Неизвестно,Неизвестно,мужской,21.0,Москва,РТУ МИРЭА,Институт информационных технологий
174111046,276082772,False,1,женский,22.0,Москва,Неизвестно,Неизвестно,мужской,22.0,Москва,РЭУ им. Г. В. Плеханова,Факультет бизнеса «Капитаны»
177512785,125354026,False,1,мужской,22.0,Москва,РТУ МИРЭА,Неизвестно,мужской,22.0,Санкт-Петербург,Неизвестно,Неизвестно
177512785,548864523,False,1,мужской,22.0,Москва,РТУ МИРЭА,Неизвестно,женский,20.0,Москва,Неизвестно,Неизвестно
177512785,13480453,False,0,мужской,22.0,Москва,РТУ МИРЭА,Неизвестно,женский,22.0,Москва,Неизвестно,Неизвестно
491446601,372566434,False,0,мужской,24.0,Москва,Неизвестно,Неизвестно,мужской,22.0,Москва,Неизвестно,Неизвестно
491446601,387143718,False,0,мужской,24.0,Москва,Неизвестно,Неизвестно,мужской,22.0,Москва,Неизвестно,Неизвестно
491446601,662741463,False,0,мужской,24.0,Москва,Неизвестно,Неизвестно,мужской,23.0,Москва,РТУ МИРЭА,Институт кибербезопасности и цифровых технологий
212060697,294222328,False,0,женский,23.0,Москва,Неизвестно,Неизвестно,мужской,22.0,Бердск,Неизвестно,Неизвестно
212060697,330856466,False,0,женский,23.0,Москва,Неизвестно,Неизвестно,мужской,22.0,Москва,Неизвестно,Неизвестно
212060697,342077835,False,0,женский,23.0,Москва,Неизвестно,Неизвестно,женский,22.0,Москва,Неизвестно,Неизвестно
584995001,395426263,False,0,мужской,22.0,Подольск,Неизвестно,Неизвестно,мужской,22.0,Москва,Неизвестно,Неизвестно
584995001,583194957,False,0,мужской,22.0,Подольск,Неизвестно,Неизвестно,мужской,22.0,Москва,Неизвестно,Неизвестно
584995001,192393433,False,0,мужской,22.0,Подольск,Неизвестно,Неизвестно,мужской,26.0,Пенза,Неизвестно,Неизвестно
